--
-- PostgreSQL database dump
--

-- Dumped from database version 16.8 (Ubuntu 16.8-0ubuntu0.24.04.1)
-- Dumped by pg_dump version 16.8 (Ubuntu 16.8-0ubuntu0.24.04.1)

SET statement_timeout = 0;
SET lock_timeout = 0;
SET idle_in_transaction_session_timeout = 0;
SET client_encoding = 'UTF8';
SET standard_conforming_strings = on;
SELECT pg_catalog.set_config('search_path', '', false);
SET check_function_bodies = false;
SET xmloption = content;
SET client_min_messages = warning;
SET row_security = off;

--
-- Name: pg_trgm; Type: EXTENSION; Schema: -; Owner: -
--

CREATE EXTENSION IF NOT EXISTS pg_trgm WITH SCHEMA public;


--
-- Name: EXTENSION pg_trgm; Type: COMMENT; Schema: -; Owner: 
--

COMMENT ON EXTENSION pg_trgm IS 'text similarity measurement and index searching based on trigrams';


SET default_tablespace = '';

SET default_table_access_method = heap;

--
-- Name: activites_activitylist; Type: TABLE; Schema: public; Owner: u39js7kqi209ni
--

CREATE TABLE public.activites_activitylist (
    page_ptr_id integer NOT NULL,
    seo_keywords character varying(255) NOT NULL,
    content text NOT NULL
);


ALTER TABLE public.activites_activitylist OWNER TO u39js7kqi209ni;

--
-- Name: activites_activitypage; Type: TABLE; Schema: public; Owner: u39js7kqi209ni
--

CREATE TABLE public.activites_activitypage (
    detailpage_ptr_id integer NOT NULL,
    link character varying(200) NOT NULL
);


ALTER TABLE public.activites_activitypage OWNER TO u39js7kqi209ni;

--
-- Name: activites_activitypage_animateurs; Type: TABLE; Schema: public; Owner: u39js7kqi209ni
--

CREATE TABLE public.activites_activitypage_animateurs (
    id bigint NOT NULL,
    activitypage_id integer NOT NULL,
    animateur_id bigint NOT NULL
);


ALTER TABLE public.activites_activitypage_animateurs OWNER TO u39js7kqi209ni;

--
-- Name: activites_activitypage_animateurs_id_seq; Type: SEQUENCE; Schema: public; Owner: u39js7kqi209ni
--

ALTER TABLE public.activites_activitypage_animateurs ALTER COLUMN id ADD GENERATED BY DEFAULT AS IDENTITY (
    SEQUENCE NAME public.activites_activitypage_animateurs_id_seq
    START WITH 1
    INCREMENT BY 1
    NO MINVALUE
    NO MAXVALUE
    CACHE 1
);


--
-- Name: activites_animateur; Type: TABLE; Schema: public; Owner: u39js7kqi209ni
--

CREATE TABLE public.activites_animateur (
    id bigint NOT NULL,
    name character varying(255) NOT NULL
);


ALTER TABLE public.activites_animateur OWNER TO u39js7kqi209ni;

--
-- Name: activites_animateur_id_seq; Type: SEQUENCE; Schema: public; Owner: u39js7kqi209ni
--

ALTER TABLE public.activites_animateur ALTER COLUMN id ADD GENERATED BY DEFAULT AS IDENTITY (
    SEQUENCE NAME public.activites_animateur_id_seq
    START WITH 1
    INCREMENT BY 1
    NO MINVALUE
    NO MAXVALUE
    CACHE 1
);


--
-- Name: activites_subactivity; Type: TABLE; Schema: public; Owner: u39js7kqi209ni
--

CREATE TABLE public.activites_subactivity (
    id bigint NOT NULL,
    sort_order integer,
    title character varying(255) NOT NULL,
    description text NOT NULL,
    page_id integer NOT NULL
);


ALTER TABLE public.activites_subactivity OWNER TO u39js7kqi209ni;

--
-- Name: activites_subactivity_id_seq; Type: SEQUENCE; Schema: public; Owner: u39js7kqi209ni
--

ALTER TABLE public.activites_subactivity ALTER COLUMN id ADD GENERATED BY DEFAULT AS IDENTITY (
    SEQUENCE NAME public.activites_subactivity_id_seq
    START WITH 1
    INCREMENT BY 1
    NO MINVALUE
    NO MAXVALUE
    CACHE 1
);


--
-- Name: agenda_agendaindexpage; Type: TABLE; Schema: public; Owner: u39js7kqi209ni
--

CREATE TABLE public.agenda_agendaindexpage (
    page_ptr_id integer NOT NULL,
    seo_keywords character varying(255) NOT NULL,
    intro text NOT NULL
);


ALTER TABLE public.agenda_agendaindexpage OWNER TO u39js7kqi209ni;

--
-- Name: agenda_eventpage; Type: TABLE; Schema: public; Owner: u39js7kqi209ni
--

CREATE TABLE public.agenda_eventpage (
    detailpage_ptr_id integer NOT NULL,
    start_date date NOT NULL,
    end_date date,
    ville character varying(10) NOT NULL
);


ALTER TABLE public.agenda_eventpage OWNER TO u39js7kqi209ni;

--
-- Name: agenda_pasteventspage; Type: TABLE; Schema: public; Owner: u39js7kqi209ni
--

CREATE TABLE public.agenda_pasteventspage (
    page_ptr_id integer NOT NULL,
    seo_keywords character varying(255) NOT NULL,
    intro text NOT NULL
);


ALTER TABLE public.agenda_pasteventspage OWNER TO u39js7kqi209ni;

--
-- Name: association_associationindexpage; Type: TABLE; Schema: public; Owner: u39js7kqi209ni
--

CREATE TABLE public.association_associationindexpage (
    baseindexpage_ptr_id integer NOT NULL,
    content text NOT NULL
);


ALTER TABLE public.association_associationindexpage OWNER TO u39js7kqi209ni;

--
-- Name: association_associationpage; Type: TABLE; Schema: public; Owner: u39js7kqi209ni
--

CREATE TABLE public.association_associationpage (
    detailpage_ptr_id integer NOT NULL,
    show_image_in_page boolean NOT NULL
);


ALTER TABLE public.association_associationpage OWNER TO u39js7kqi209ni;

--
-- Name: auth_group; Type: TABLE; Schema: public; Owner: u39js7kqi209ni
--

CREATE TABLE public.auth_group (
    id integer NOT NULL,
    name character varying(150) NOT NULL
);


ALTER TABLE public.auth_group OWNER TO u39js7kqi209ni;

--
-- Name: auth_group_id_seq; Type: SEQUENCE; Schema: public; Owner: u39js7kqi209ni
--

ALTER TABLE public.auth_group ALTER COLUMN id ADD GENERATED BY DEFAULT AS IDENTITY (
    SEQUENCE NAME public.auth_group_id_seq
    START WITH 1
    INCREMENT BY 1
    NO MINVALUE
    NO MAXVALUE
    CACHE 1
);


--
-- Name: auth_group_permissions; Type: TABLE; Schema: public; Owner: u39js7kqi209ni
--

CREATE TABLE public.auth_group_permissions (
    id bigint NOT NULL,
    group_id integer NOT NULL,
    permission_id integer NOT NULL
);


ALTER TABLE public.auth_group_permissions OWNER TO u39js7kqi209ni;

--
-- Name: auth_group_permissions_id_seq; Type: SEQUENCE; Schema: public; Owner: u39js7kqi209ni
--

ALTER TABLE public.auth_group_permissions ALTER COLUMN id ADD GENERATED BY DEFAULT AS IDENTITY (
    SEQUENCE NAME public.auth_group_permissions_id_seq
    START WITH 1
    INCREMENT BY 1
    NO MINVALUE
    NO MAXVALUE
    CACHE 1
);


--
-- Name: auth_permission; Type: TABLE; Schema: public; Owner: u39js7kqi209ni
--

CREATE TABLE public.auth_permission (
    id integer NOT NULL,
    name character varying(255) NOT NULL,
    content_type_id integer NOT NULL,
    codename character varying(100) NOT NULL
);


ALTER TABLE public.auth_permission OWNER TO u39js7kqi209ni;

--
-- Name: auth_permission_id_seq; Type: SEQUENCE; Schema: public; Owner: u39js7kqi209ni
--

ALTER TABLE public.auth_permission ALTER COLUMN id ADD GENERATED BY DEFAULT AS IDENTITY (
    SEQUENCE NAME public.auth_permission_id_seq
    START WITH 1
    INCREMENT BY 1
    NO MINVALUE
    NO MAXVALUE
    CACHE 1
);


--
-- Name: auth_user; Type: TABLE; Schema: public; Owner: u39js7kqi209ni
--

CREATE TABLE public.auth_user (
    id integer NOT NULL,
    password character varying(128) NOT NULL,
    last_login timestamp with time zone,
    is_superuser boolean NOT NULL,
    username character varying(150) NOT NULL,
    first_name character varying(150) NOT NULL,
    last_name character varying(150) NOT NULL,
    email character varying(254) NOT NULL,
    is_staff boolean NOT NULL,
    is_active boolean NOT NULL,
    date_joined timestamp with time zone NOT NULL
);


ALTER TABLE public.auth_user OWNER TO u39js7kqi209ni;

--
-- Name: auth_user_groups; Type: TABLE; Schema: public; Owner: u39js7kqi209ni
--

CREATE TABLE public.auth_user_groups (
    id bigint NOT NULL,
    user_id integer NOT NULL,
    group_id integer NOT NULL
);


ALTER TABLE public.auth_user_groups OWNER TO u39js7kqi209ni;

--
-- Name: auth_user_groups_id_seq; Type: SEQUENCE; Schema: public; Owner: u39js7kqi209ni
--

ALTER TABLE public.auth_user_groups ALTER COLUMN id ADD GENERATED BY DEFAULT AS IDENTITY (
    SEQUENCE NAME public.auth_user_groups_id_seq
    START WITH 1
    INCREMENT BY 1
    NO MINVALUE
    NO MAXVALUE
    CACHE 1
);


--
-- Name: auth_user_id_seq; Type: SEQUENCE; Schema: public; Owner: u39js7kqi209ni
--

ALTER TABLE public.auth_user ALTER COLUMN id ADD GENERATED BY DEFAULT AS IDENTITY (
    SEQUENCE NAME public.auth_user_id_seq
    START WITH 1
    INCREMENT BY 1
    NO MINVALUE
    NO MAXVALUE
    CACHE 1
);


--
-- Name: auth_user_user_permissions; Type: TABLE; Schema: public; Owner: u39js7kqi209ni
--

CREATE TABLE public.auth_user_user_permissions (
    id bigint NOT NULL,
    user_id integer NOT NULL,
    permission_id integer NOT NULL
);


ALTER TABLE public.auth_user_user_permissions OWNER TO u39js7kqi209ni;

--
-- Name: auth_user_user_permissions_id_seq; Type: SEQUENCE; Schema: public; Owner: u39js7kqi209ni
--

ALTER TABLE public.auth_user_user_permissions ALTER COLUMN id ADD GENERATED BY DEFAULT AS IDENTITY (
    SEQUENCE NAME public.auth_user_user_permissions_id_seq
    START WITH 1
    INCREMENT BY 1
    NO MINVALUE
    NO MAXVALUE
    CACHE 1
);


--
-- Name: common_baseindexpage; Type: TABLE; Schema: public; Owner: u39js7kqi209ni
--

CREATE TABLE public.common_baseindexpage (
    page_ptr_id integer NOT NULL,
    seo_keywords character varying(255) NOT NULL,
    image_id integer
);


ALTER TABLE public.common_baseindexpage OWNER TO u39js7kqi209ni;

--
-- Name: common_detailpage; Type: TABLE; Schema: public; Owner: u39js7kqi209ni
--

CREATE TABLE public.common_detailpage (
    page_ptr_id integer NOT NULL,
    seo_keywords character varying(255) NOT NULL,
    content text NOT NULL,
    subtitle character varying(250) NOT NULL,
    image_id integer
);


ALTER TABLE public.common_detailpage OWNER TO u39js7kqi209ni;

--
-- Name: common_flashmessage; Type: TABLE; Schema: public; Owner: u39js7kqi209ni
--

CREATE TABLE public.common_flashmessage (
    id bigint NOT NULL,
    message text,
    show boolean NOT NULL
);


ALTER TABLE public.common_flashmessage OWNER TO u39js7kqi209ni;

--
-- Name: common_flashmessage_id_seq; Type: SEQUENCE; Schema: public; Owner: u39js7kqi209ni
--

ALTER TABLE public.common_flashmessage ALTER COLUMN id ADD GENERATED BY DEFAULT AS IDENTITY (
    SEQUENCE NAME public.common_flashmessage_id_seq
    START WITH 1
    INCREMENT BY 1
    NO MINVALUE
    NO MAXVALUE
    CACHE 1
);


--
-- Name: common_footersettings; Type: TABLE; Schema: public; Owner: u39js7kqi209ni
--

CREATE TABLE public.common_footersettings (
    id bigint NOT NULL,
    school_schedule text NOT NULL,
    vacation_schedule text NOT NULL,
    extra character varying(255) NOT NULL,
    carnon_extra character varying(255) NOT NULL,
    carnon_school_schedule text NOT NULL,
    carnon_vacation_schedule text NOT NULL
);


ALTER TABLE public.common_footersettings OWNER TO u39js7kqi209ni;

--
-- Name: common_footersettings_id_seq; Type: SEQUENCE; Schema: public; Owner: u39js7kqi209ni
--

ALTER TABLE public.common_footersettings ALTER COLUMN id ADD GENERATED BY DEFAULT AS IDENTITY (
    SEQUENCE NAME public.common_footersettings_id_seq
    START WITH 1
    INCREMENT BY 1
    NO MINVALUE
    NO MAXVALUE
    CACHE 1
);


--
-- Name: common_themesettings; Type: TABLE; Schema: public; Owner: u39js7kqi209ni
--

CREATE TABLE public.common_themesettings (
    id bigint NOT NULL,
    color_primary character varying(25) NOT NULL,
    color_secondary character varying(25) NOT NULL,
    color_background character varying(25) NOT NULL,
    color_dark_text character varying(25) NOT NULL,
    color_light_text character varying(25) NOT NULL,
    color_link_hover character varying(25) NOT NULL,
    color_section_bg character varying(25) NOT NULL
);


ALTER TABLE public.common_themesettings OWNER TO u39js7kqi209ni;

--
-- Name: common_themesettings_id_seq; Type: SEQUENCE; Schema: public; Owner: u39js7kqi209ni
--

ALTER TABLE public.common_themesettings ALTER COLUMN id ADD GENERATED BY DEFAULT AS IDENTITY (
    SEQUENCE NAME public.common_themesettings_id_seq
    START WITH 1
    INCREMENT BY 1
    NO MINVALUE
    NO MAXVALUE
    CACHE 1
);


--
-- Name: django_admin_log; Type: TABLE; Schema: public; Owner: u39js7kqi209ni
--

CREATE TABLE public.django_admin_log (
    id integer NOT NULL,
    action_time timestamp with time zone NOT NULL,
    object_id text,
    object_repr character varying(200) NOT NULL,
    action_flag smallint NOT NULL,
    change_message text NOT NULL,
    content_type_id integer,
    user_id integer NOT NULL,
    CONSTRAINT django_admin_log_action_flag_check CHECK ((action_flag >= 0))
);


ALTER TABLE public.django_admin_log OWNER TO u39js7kqi209ni;

--
-- Name: django_admin_log_id_seq; Type: SEQUENCE; Schema: public; Owner: u39js7kqi209ni
--

ALTER TABLE public.django_admin_log ALTER COLUMN id ADD GENERATED BY DEFAULT AS IDENTITY (
    SEQUENCE NAME public.django_admin_log_id_seq
    START WITH 1
    INCREMENT BY 1
    NO MINVALUE
    NO MAXVALUE
    CACHE 1
);


--
-- Name: django_content_type; Type: TABLE; Schema: public; Owner: u39js7kqi209ni
--

CREATE TABLE public.django_content_type (
    id integer NOT NULL,
    app_label character varying(100) NOT NULL,
    model character varying(100) NOT NULL
);


ALTER TABLE public.django_content_type OWNER TO u39js7kqi209ni;

--
-- Name: django_content_type_id_seq; Type: SEQUENCE; Schema: public; Owner: u39js7kqi209ni
--

ALTER TABLE public.django_content_type ALTER COLUMN id ADD GENERATED BY DEFAULT AS IDENTITY (
    SEQUENCE NAME public.django_content_type_id_seq
    START WITH 1
    INCREMENT BY 1
    NO MINVALUE
    NO MAXVALUE
    CACHE 1
);


--
-- Name: django_migrations; Type: TABLE; Schema: public; Owner: u39js7kqi209ni
--

CREATE TABLE public.django_migrations (
    id bigint NOT NULL,
    app character varying(255) NOT NULL,
    name character varying(255) NOT NULL,
    applied timestamp with time zone NOT NULL
);


ALTER TABLE public.django_migrations OWNER TO u39js7kqi209ni;

--
-- Name: django_migrations_id_seq; Type: SEQUENCE; Schema: public; Owner: u39js7kqi209ni
--

ALTER TABLE public.django_migrations ALTER COLUMN id ADD GENERATED BY DEFAULT AS IDENTITY (
    SEQUENCE NAME public.django_migrations_id_seq
    START WITH 1
    INCREMENT BY 1
    NO MINVALUE
    NO MAXVALUE
    CACHE 1
);


--
-- Name: django_session; Type: TABLE; Schema: public; Owner: u39js7kqi209ni
--

CREATE TABLE public.django_session (
    session_key character varying(40) NOT NULL,
    session_data text NOT NULL,
    expire_date timestamp with time zone NOT NULL
);


ALTER TABLE public.django_session OWNER TO u39js7kqi209ni;

--
-- Name: home_pageacceuil; Type: TABLE; Schema: public; Owner: u39js7kqi209ni
--

CREATE TABLE public.home_pageacceuil (
    page_ptr_id integer NOT NULL,
    seo_keywords character varying(255) NOT NULL,
    intro_title character varying(255) NOT NULL,
    video_url character varying(200),
    hero_image_id integer,
    extra_content text
);


ALTER TABLE public.home_pageacceuil OWNER TO u39js7kqi209ni;

--
-- Name: home_rotatingword; Type: TABLE; Schema: public; Owner: u39js7kqi209ni
--

CREATE TABLE public.home_rotatingword (
    id bigint NOT NULL,
    word character varying(255) NOT NULL,
    page_id integer NOT NULL
);


ALTER TABLE public.home_rotatingword OWNER TO u39js7kqi209ni;

--
-- Name: home_rotatingword_id_seq; Type: SEQUENCE; Schema: public; Owner: u39js7kqi209ni
--

ALTER TABLE public.home_rotatingword ALTER COLUMN id ADD GENERATED BY DEFAULT AS IDENTITY (
    SEQUENCE NAME public.home_rotatingword_id_seq
    START WITH 1
    INCREMENT BY 1
    NO MINVALUE
    NO MAXVALUE
    CACHE 1
);


--
-- Name: taggit_tag; Type: TABLE; Schema: public; Owner: u39js7kqi209ni
--

CREATE TABLE public.taggit_tag (
    id integer NOT NULL,
    name character varying(100) NOT NULL,
    slug character varying(100) NOT NULL
);


ALTER TABLE public.taggit_tag OWNER TO u39js7kqi209ni;

--
-- Name: taggit_tag_id_seq; Type: SEQUENCE; Schema: public; Owner: u39js7kqi209ni
--

ALTER TABLE public.taggit_tag ALTER COLUMN id ADD GENERATED BY DEFAULT AS IDENTITY (
    SEQUENCE NAME public.taggit_tag_id_seq
    START WITH 1
    INCREMENT BY 1
    NO MINVALUE
    NO MAXVALUE
    CACHE 1
);


--
-- Name: taggit_taggeditem; Type: TABLE; Schema: public; Owner: u39js7kqi209ni
--

CREATE TABLE public.taggit_taggeditem (
    id integer NOT NULL,
    object_id integer NOT NULL,
    content_type_id integer NOT NULL,
    tag_id integer NOT NULL
);


ALTER TABLE public.taggit_taggeditem OWNER TO u39js7kqi209ni;

--
-- Name: taggit_taggeditem_id_seq; Type: SEQUENCE; Schema: public; Owner: u39js7kqi209ni
--

ALTER TABLE public.taggit_taggeditem ALTER COLUMN id ADD GENERATED BY DEFAULT AS IDENTITY (
    SEQUENCE NAME public.taggit_taggeditem_id_seq
    START WITH 1
    INCREMENT BY 1
    NO MINVALUE
    NO MAXVALUE
    CACHE 1
);


--
-- Name: wagtailadmin_admin; Type: TABLE; Schema: public; Owner: u39js7kqi209ni
--

CREATE TABLE public.wagtailadmin_admin (
    id integer NOT NULL
);


ALTER TABLE public.wagtailadmin_admin OWNER TO u39js7kqi209ni;

--
-- Name: wagtailadmin_admin_id_seq; Type: SEQUENCE; Schema: public; Owner: u39js7kqi209ni
--

ALTER TABLE public.wagtailadmin_admin ALTER COLUMN id ADD GENERATED BY DEFAULT AS IDENTITY (
    SEQUENCE NAME public.wagtailadmin_admin_id_seq
    START WITH 1
    INCREMENT BY 1
    NO MINVALUE
    NO MAXVALUE
    CACHE 1
);


--
-- Name: wagtailadmin_editingsession; Type: TABLE; Schema: public; Owner: u39js7kqi209ni
--

CREATE TABLE public.wagtailadmin_editingsession (
    id integer NOT NULL,
    object_id character varying(255) NOT NULL,
    last_seen_at timestamp with time zone NOT NULL,
    content_type_id integer NOT NULL,
    user_id integer NOT NULL,
    is_editing boolean NOT NULL
);


ALTER TABLE public.wagtailadmin_editingsession OWNER TO u39js7kqi209ni;

--
-- Name: wagtailadmin_editingsession_id_seq; Type: SEQUENCE; Schema: public; Owner: u39js7kqi209ni
--

ALTER TABLE public.wagtailadmin_editingsession ALTER COLUMN id ADD GENERATED BY DEFAULT AS IDENTITY (
    SEQUENCE NAME public.wagtailadmin_editingsession_id_seq
    START WITH 1
    INCREMENT BY 1
    NO MINVALUE
    NO MAXVALUE
    CACHE 1
);


--
-- Name: wagtailcore_collection; Type: TABLE; Schema: public; Owner: u39js7kqi209ni
--

CREATE TABLE public.wagtailcore_collection (
    id integer NOT NULL,
    path character varying(255) NOT NULL COLLATE pg_catalog."C",
    depth integer NOT NULL,
    numchild integer NOT NULL,
    name character varying(255) NOT NULL,
    CONSTRAINT wagtailcore_collection_depth_check CHECK ((depth >= 0)),
    CONSTRAINT wagtailcore_collection_numchild_check CHECK ((numchild >= 0))
);


ALTER TABLE public.wagtailcore_collection OWNER TO u39js7kqi209ni;

--
-- Name: wagtailcore_collection_id_seq; Type: SEQUENCE; Schema: public; Owner: u39js7kqi209ni
--

ALTER TABLE public.wagtailcore_collection ALTER COLUMN id ADD GENERATED BY DEFAULT AS IDENTITY (
    SEQUENCE NAME public.wagtailcore_collection_id_seq
    START WITH 1
    INCREMENT BY 1
    NO MINVALUE
    NO MAXVALUE
    CACHE 1
);


--
-- Name: wagtailcore_collectionviewrestriction; Type: TABLE; Schema: public; Owner: u39js7kqi209ni
--

CREATE TABLE public.wagtailcore_collectionviewrestriction (
    id integer NOT NULL,
    restriction_type character varying(20) NOT NULL,
    password character varying(255) NOT NULL,
    collection_id integer NOT NULL
);


ALTER TABLE public.wagtailcore_collectionviewrestriction OWNER TO u39js7kqi209ni;

--
-- Name: wagtailcore_collectionviewrestriction_groups; Type: TABLE; Schema: public; Owner: u39js7kqi209ni
--

CREATE TABLE public.wagtailcore_collectionviewrestriction_groups (
    id bigint NOT NULL,
    collectionviewrestriction_id integer NOT NULL,
    group_id integer NOT NULL
);


ALTER TABLE public.wagtailcore_collectionviewrestriction_groups OWNER TO u39js7kqi209ni;

--
-- Name: wagtailcore_collectionviewrestriction_groups_id_seq; Type: SEQUENCE; Schema: public; Owner: u39js7kqi209ni
--

ALTER TABLE public.wagtailcore_collectionviewrestriction_groups ALTER COLUMN id ADD GENERATED BY DEFAULT AS IDENTITY (
    SEQUENCE NAME public.wagtailcore_collectionviewrestriction_groups_id_seq
    START WITH 1
    INCREMENT BY 1
    NO MINVALUE
    NO MAXVALUE
    CACHE 1
);


--
-- Name: wagtailcore_collectionviewrestriction_id_seq; Type: SEQUENCE; Schema: public; Owner: u39js7kqi209ni
--

ALTER TABLE public.wagtailcore_collectionviewrestriction ALTER COLUMN id ADD GENERATED BY DEFAULT AS IDENTITY (
    SEQUENCE NAME public.wagtailcore_collectionviewrestriction_id_seq
    START WITH 1
    INCREMENT BY 1
    NO MINVALUE
    NO MAXVALUE
    CACHE 1
);


--
-- Name: wagtailcore_comment; Type: TABLE; Schema: public; Owner: u39js7kqi209ni
--

CREATE TABLE public.wagtailcore_comment (
    id integer NOT NULL,
    text text NOT NULL,
    contentpath text NOT NULL,
    "position" text NOT NULL,
    created_at timestamp with time zone NOT NULL,
    updated_at timestamp with time zone NOT NULL,
    resolved_at timestamp with time zone,
    page_id integer NOT NULL,
    resolved_by_id integer,
    revision_created_id integer,
    user_id integer NOT NULL
);


ALTER TABLE public.wagtailcore_comment OWNER TO u39js7kqi209ni;

--
-- Name: wagtailcore_comment_id_seq; Type: SEQUENCE; Schema: public; Owner: u39js7kqi209ni
--

ALTER TABLE public.wagtailcore_comment ALTER COLUMN id ADD GENERATED BY DEFAULT AS IDENTITY (
    SEQUENCE NAME public.wagtailcore_comment_id_seq
    START WITH 1
    INCREMENT BY 1
    NO MINVALUE
    NO MAXVALUE
    CACHE 1
);


--
-- Name: wagtailcore_commentreply; Type: TABLE; Schema: public; Owner: u39js7kqi209ni
--

CREATE TABLE public.wagtailcore_commentreply (
    id integer NOT NULL,
    text text NOT NULL,
    created_at timestamp with time zone NOT NULL,
    updated_at timestamp with time zone NOT NULL,
    comment_id integer NOT NULL,
    user_id integer NOT NULL
);


ALTER TABLE public.wagtailcore_commentreply OWNER TO u39js7kqi209ni;

--
-- Name: wagtailcore_commentreply_id_seq; Type: SEQUENCE; Schema: public; Owner: u39js7kqi209ni
--

ALTER TABLE public.wagtailcore_commentreply ALTER COLUMN id ADD GENERATED BY DEFAULT AS IDENTITY (
    SEQUENCE NAME public.wagtailcore_commentreply_id_seq
    START WITH 1
    INCREMENT BY 1
    NO MINVALUE
    NO MAXVALUE
    CACHE 1
);


--
-- Name: wagtailcore_groupapprovaltask; Type: TABLE; Schema: public; Owner: u39js7kqi209ni
--

CREATE TABLE public.wagtailcore_groupapprovaltask (
    task_ptr_id integer NOT NULL
);


ALTER TABLE public.wagtailcore_groupapprovaltask OWNER TO u39js7kqi209ni;

--
-- Name: wagtailcore_groupapprovaltask_groups; Type: TABLE; Schema: public; Owner: u39js7kqi209ni
--

CREATE TABLE public.wagtailcore_groupapprovaltask_groups (
    id bigint NOT NULL,
    groupapprovaltask_id integer NOT NULL,
    group_id integer NOT NULL
);


ALTER TABLE public.wagtailcore_groupapprovaltask_groups OWNER TO u39js7kqi209ni;

--
-- Name: wagtailcore_groupapprovaltask_groups_id_seq; Type: SEQUENCE; Schema: public; Owner: u39js7kqi209ni
--

ALTER TABLE public.wagtailcore_groupapprovaltask_groups ALTER COLUMN id ADD GENERATED BY DEFAULT AS IDENTITY (
    SEQUENCE NAME public.wagtailcore_groupapprovaltask_groups_id_seq
    START WITH 1
    INCREMENT BY 1
    NO MINVALUE
    NO MAXVALUE
    CACHE 1
);


--
-- Name: wagtailcore_groupcollectionpermission; Type: TABLE; Schema: public; Owner: u39js7kqi209ni
--

CREATE TABLE public.wagtailcore_groupcollectionpermission (
    id integer NOT NULL,
    collection_id integer NOT NULL,
    group_id integer NOT NULL,
    permission_id integer NOT NULL
);


ALTER TABLE public.wagtailcore_groupcollectionpermission OWNER TO u39js7kqi209ni;

--
-- Name: wagtailcore_groupcollectionpermission_id_seq; Type: SEQUENCE; Schema: public; Owner: u39js7kqi209ni
--

ALTER TABLE public.wagtailcore_groupcollectionpermission ALTER COLUMN id ADD GENERATED BY DEFAULT AS IDENTITY (
    SEQUENCE NAME public.wagtailcore_groupcollectionpermission_id_seq
    START WITH 1
    INCREMENT BY 1
    NO MINVALUE
    NO MAXVALUE
    CACHE 1
);


--
-- Name: wagtailcore_grouppagepermission; Type: TABLE; Schema: public; Owner: u39js7kqi209ni
--

CREATE TABLE public.wagtailcore_grouppagepermission (
    id integer NOT NULL,
    group_id integer NOT NULL,
    page_id integer NOT NULL,
    permission_id integer NOT NULL
);


ALTER TABLE public.wagtailcore_grouppagepermission OWNER TO u39js7kqi209ni;

--
-- Name: wagtailcore_grouppagepermission_id_seq; Type: SEQUENCE; Schema: public; Owner: u39js7kqi209ni
--

ALTER TABLE public.wagtailcore_grouppagepermission ALTER COLUMN id ADD GENERATED BY DEFAULT AS IDENTITY (
    SEQUENCE NAME public.wagtailcore_grouppagepermission_id_seq
    START WITH 1
    INCREMENT BY 1
    NO MINVALUE
    NO MAXVALUE
    CACHE 1
);


--
-- Name: wagtailcore_locale; Type: TABLE; Schema: public; Owner: u39js7kqi209ni
--

CREATE TABLE public.wagtailcore_locale (
    id integer NOT NULL,
    language_code character varying(100) NOT NULL
);


ALTER TABLE public.wagtailcore_locale OWNER TO u39js7kqi209ni;

--
-- Name: wagtailcore_locale_id_seq; Type: SEQUENCE; Schema: public; Owner: u39js7kqi209ni
--

ALTER TABLE public.wagtailcore_locale ALTER COLUMN id ADD GENERATED BY DEFAULT AS IDENTITY (
    SEQUENCE NAME public.wagtailcore_locale_id_seq
    START WITH 1
    INCREMENT BY 1
    NO MINVALUE
    NO MAXVALUE
    CACHE 1
);


--
-- Name: wagtailcore_modellogentry; Type: TABLE; Schema: public; Owner: u39js7kqi209ni
--

CREATE TABLE public.wagtailcore_modellogentry (
    id integer NOT NULL,
    label text NOT NULL,
    action character varying(255) NOT NULL,
    data jsonb NOT NULL,
    "timestamp" timestamp with time zone NOT NULL,
    content_changed boolean NOT NULL,
    deleted boolean NOT NULL,
    object_id character varying(255) NOT NULL,
    content_type_id integer,
    user_id integer,
    uuid uuid,
    revision_id integer
);


ALTER TABLE public.wagtailcore_modellogentry OWNER TO u39js7kqi209ni;

--
-- Name: wagtailcore_modellogentry_id_seq; Type: SEQUENCE; Schema: public; Owner: u39js7kqi209ni
--

ALTER TABLE public.wagtailcore_modellogentry ALTER COLUMN id ADD GENERATED BY DEFAULT AS IDENTITY (
    SEQUENCE NAME public.wagtailcore_modellogentry_id_seq
    START WITH 1
    INCREMENT BY 1
    NO MINVALUE
    NO MAXVALUE
    CACHE 1
);


--
-- Name: wagtailcore_page; Type: TABLE; Schema: public; Owner: u39js7kqi209ni
--

CREATE TABLE public.wagtailcore_page (
    id integer NOT NULL,
    path character varying(255) NOT NULL COLLATE pg_catalog."C",
    depth integer NOT NULL,
    numchild integer NOT NULL,
    title character varying(255) NOT NULL,
    slug character varying(255) NOT NULL,
    live boolean NOT NULL,
    has_unpublished_changes boolean NOT NULL,
    url_path text NOT NULL,
    seo_title character varying(255) NOT NULL,
    show_in_menus boolean NOT NULL,
    search_description text NOT NULL,
    go_live_at timestamp with time zone,
    expire_at timestamp with time zone,
    expired boolean NOT NULL,
    content_type_id integer NOT NULL,
    owner_id integer,
    locked boolean NOT NULL,
    latest_revision_created_at timestamp with time zone,
    first_published_at timestamp with time zone,
    live_revision_id integer,
    last_published_at timestamp with time zone,
    draft_title character varying(255) NOT NULL,
    locked_at timestamp with time zone,
    locked_by_id integer,
    translation_key uuid NOT NULL,
    locale_id integer NOT NULL,
    alias_of_id integer,
    latest_revision_id integer,
    CONSTRAINT wagtailcore_page_depth_check CHECK ((depth >= 0)),
    CONSTRAINT wagtailcore_page_numchild_check CHECK ((numchild >= 0))
);


ALTER TABLE public.wagtailcore_page OWNER TO u39js7kqi209ni;

--
-- Name: wagtailcore_page_id_seq; Type: SEQUENCE; Schema: public; Owner: u39js7kqi209ni
--

ALTER TABLE public.wagtailcore_page ALTER COLUMN id ADD GENERATED BY DEFAULT AS IDENTITY (
    SEQUENCE NAME public.wagtailcore_page_id_seq
    START WITH 1
    INCREMENT BY 1
    NO MINVALUE
    NO MAXVALUE
    CACHE 1
);


--
-- Name: wagtailcore_pagelogentry; Type: TABLE; Schema: public; Owner: u39js7kqi209ni
--

CREATE TABLE public.wagtailcore_pagelogentry (
    id integer NOT NULL,
    label text NOT NULL,
    action character varying(255) NOT NULL,
    data jsonb NOT NULL,
    "timestamp" timestamp with time zone NOT NULL,
    content_changed boolean NOT NULL,
    deleted boolean NOT NULL,
    content_type_id integer,
    page_id integer NOT NULL,
    revision_id integer,
    user_id integer,
    uuid uuid
);


ALTER TABLE public.wagtailcore_pagelogentry OWNER TO u39js7kqi209ni;

--
-- Name: wagtailcore_pagelogentry_id_seq; Type: SEQUENCE; Schema: public; Owner: u39js7kqi209ni
--

ALTER TABLE public.wagtailcore_pagelogentry ALTER COLUMN id ADD GENERATED BY DEFAULT AS IDENTITY (
    SEQUENCE NAME public.wagtailcore_pagelogentry_id_seq
    START WITH 1
    INCREMENT BY 1
    NO MINVALUE
    NO MAXVALUE
    CACHE 1
);


--
-- Name: wagtailcore_revision; Type: TABLE; Schema: public; Owner: u39js7kqi209ni
--

CREATE TABLE public.wagtailcore_revision (
    id integer NOT NULL,
    created_at timestamp with time zone NOT NULL,
    content jsonb NOT NULL,
    approved_go_live_at timestamp with time zone,
    object_id character varying(255) NOT NULL,
    user_id integer,
    content_type_id integer NOT NULL,
    base_content_type_id integer NOT NULL,
    object_str text NOT NULL
);


ALTER TABLE public.wagtailcore_revision OWNER TO u39js7kqi209ni;

--
-- Name: wagtailcore_pagerevision_id_seq; Type: SEQUENCE; Schema: public; Owner: u39js7kqi209ni
--

ALTER TABLE public.wagtailcore_revision ALTER COLUMN id ADD GENERATED BY DEFAULT AS IDENTITY (
    SEQUENCE NAME public.wagtailcore_pagerevision_id_seq
    START WITH 1
    INCREMENT BY 1
    NO MINVALUE
    NO MAXVALUE
    CACHE 1
);


--
-- Name: wagtailcore_pagesubscription; Type: TABLE; Schema: public; Owner: u39js7kqi209ni
--

CREATE TABLE public.wagtailcore_pagesubscription (
    id integer NOT NULL,
    comment_notifications boolean NOT NULL,
    page_id integer NOT NULL,
    user_id integer NOT NULL
);


ALTER TABLE public.wagtailcore_pagesubscription OWNER TO u39js7kqi209ni;

--
-- Name: wagtailcore_pagesubscription_id_seq; Type: SEQUENCE; Schema: public; Owner: u39js7kqi209ni
--

ALTER TABLE public.wagtailcore_pagesubscription ALTER COLUMN id ADD GENERATED BY DEFAULT AS IDENTITY (
    SEQUENCE NAME public.wagtailcore_pagesubscription_id_seq
    START WITH 1
    INCREMENT BY 1
    NO MINVALUE
    NO MAXVALUE
    CACHE 1
);


--
-- Name: wagtailcore_pageviewrestriction; Type: TABLE; Schema: public; Owner: u39js7kqi209ni
--

CREATE TABLE public.wagtailcore_pageviewrestriction (
    id integer NOT NULL,
    password character varying(255) NOT NULL,
    page_id integer NOT NULL,
    restriction_type character varying(20) NOT NULL
);


ALTER TABLE public.wagtailcore_pageviewrestriction OWNER TO u39js7kqi209ni;

--
-- Name: wagtailcore_pageviewrestriction_groups; Type: TABLE; Schema: public; Owner: u39js7kqi209ni
--

CREATE TABLE public.wagtailcore_pageviewrestriction_groups (
    id bigint NOT NULL,
    pageviewrestriction_id integer NOT NULL,
    group_id integer NOT NULL
);


ALTER TABLE public.wagtailcore_pageviewrestriction_groups OWNER TO u39js7kqi209ni;

--
-- Name: wagtailcore_pageviewrestriction_groups_id_seq; Type: SEQUENCE; Schema: public; Owner: u39js7kqi209ni
--

ALTER TABLE public.wagtailcore_pageviewrestriction_groups ALTER COLUMN id ADD GENERATED BY DEFAULT AS IDENTITY (
    SEQUENCE NAME public.wagtailcore_pageviewrestriction_groups_id_seq
    START WITH 1
    INCREMENT BY 1
    NO MINVALUE
    NO MAXVALUE
    CACHE 1
);


--
-- Name: wagtailcore_pageviewrestriction_id_seq; Type: SEQUENCE; Schema: public; Owner: u39js7kqi209ni
--

ALTER TABLE public.wagtailcore_pageviewrestriction ALTER COLUMN id ADD GENERATED BY DEFAULT AS IDENTITY (
    SEQUENCE NAME public.wagtailcore_pageviewrestriction_id_seq
    START WITH 1
    INCREMENT BY 1
    NO MINVALUE
    NO MAXVALUE
    CACHE 1
);


--
-- Name: wagtailcore_query; Type: TABLE; Schema: public; Owner: u39js7kqi209ni
--

CREATE TABLE public.wagtailcore_query (
    id integer NOT NULL,
    query_string character varying(255) NOT NULL
);


ALTER TABLE public.wagtailcore_query OWNER TO u39js7kqi209ni;

--
-- Name: wagtailcore_query_id_seq; Type: SEQUENCE; Schema: public; Owner: u39js7kqi209ni
--

ALTER TABLE public.wagtailcore_query ALTER COLUMN id ADD GENERATED BY DEFAULT AS IDENTITY (
    SEQUENCE NAME public.wagtailcore_query_id_seq
    START WITH 1
    INCREMENT BY 1
    NO MINVALUE
    NO MAXVALUE
    CACHE 1
);


--
-- Name: wagtailcore_querydailyhits; Type: TABLE; Schema: public; Owner: u39js7kqi209ni
--

CREATE TABLE public.wagtailcore_querydailyhits (
    id integer NOT NULL,
    date date NOT NULL,
    hits integer NOT NULL,
    query_id integer NOT NULL
);


ALTER TABLE public.wagtailcore_querydailyhits OWNER TO u39js7kqi209ni;

--
-- Name: wagtailcore_querydailyhits_id_seq; Type: SEQUENCE; Schema: public; Owner: u39js7kqi209ni
--

ALTER TABLE public.wagtailcore_querydailyhits ALTER COLUMN id ADD GENERATED BY DEFAULT AS IDENTITY (
    SEQUENCE NAME public.wagtailcore_querydailyhits_id_seq
    START WITH 1
    INCREMENT BY 1
    NO MINVALUE
    NO MAXVALUE
    CACHE 1
);


--
-- Name: wagtailcore_referenceindex; Type: TABLE; Schema: public; Owner: u39js7kqi209ni
--

CREATE TABLE public.wagtailcore_referenceindex (
    id integer NOT NULL,
    object_id character varying(255) NOT NULL,
    to_object_id character varying(255) NOT NULL,
    model_path text NOT NULL,
    content_path text NOT NULL,
    content_path_hash uuid NOT NULL,
    base_content_type_id integer NOT NULL,
    content_type_id integer NOT NULL,
    to_content_type_id integer NOT NULL
);


ALTER TABLE public.wagtailcore_referenceindex OWNER TO u39js7kqi209ni;

--
-- Name: wagtailcore_referenceindex_id_seq; Type: SEQUENCE; Schema: public; Owner: u39js7kqi209ni
--

ALTER TABLE public.wagtailcore_referenceindex ALTER COLUMN id ADD GENERATED BY DEFAULT AS IDENTITY (
    SEQUENCE NAME public.wagtailcore_referenceindex_id_seq
    START WITH 1
    INCREMENT BY 1
    NO MINVALUE
    NO MAXVALUE
    CACHE 1
);


--
-- Name: wagtailcore_searchpromotion; Type: TABLE; Schema: public; Owner: u39js7kqi209ni
--

CREATE TABLE public.wagtailcore_searchpromotion (
    id integer NOT NULL,
    external_link_url character varying(200) NOT NULL,
    external_link_text character varying(200),
    description text NOT NULL,
    sort_order integer,
    page_id integer,
    query_id integer NOT NULL
);


ALTER TABLE public.wagtailcore_searchpromotion OWNER TO u39js7kqi209ni;

--
-- Name: wagtailcore_searchpromotion_id_seq; Type: SEQUENCE; Schema: public; Owner: u39js7kqi209ni
--

ALTER TABLE public.wagtailcore_searchpromotion ALTER COLUMN id ADD GENERATED BY DEFAULT AS IDENTITY (
    SEQUENCE NAME public.wagtailcore_searchpromotion_id_seq
    START WITH 1
    INCREMENT BY 1
    NO MINVALUE
    NO MAXVALUE
    CACHE 1
);


--
-- Name: wagtailcore_site; Type: TABLE; Schema: public; Owner: u39js7kqi209ni
--

CREATE TABLE public.wagtailcore_site (
    id integer NOT NULL,
    hostname character varying(255) NOT NULL,
    port integer NOT NULL,
    is_default_site boolean NOT NULL,
    root_page_id integer NOT NULL,
    site_name character varying(255) NOT NULL
);


ALTER TABLE public.wagtailcore_site OWNER TO u39js7kqi209ni;

--
-- Name: wagtailcore_site_id_seq; Type: SEQUENCE; Schema: public; Owner: u39js7kqi209ni
--

ALTER TABLE public.wagtailcore_site ALTER COLUMN id ADD GENERATED BY DEFAULT AS IDENTITY (
    SEQUENCE NAME public.wagtailcore_site_id_seq
    START WITH 1
    INCREMENT BY 1
    NO MINVALUE
    NO MAXVALUE
    CACHE 1
);


--
-- Name: wagtailcore_task; Type: TABLE; Schema: public; Owner: u39js7kqi209ni
--

CREATE TABLE public.wagtailcore_task (
    id integer NOT NULL,
    name character varying(255) NOT NULL,
    active boolean NOT NULL,
    content_type_id integer NOT NULL
);


ALTER TABLE public.wagtailcore_task OWNER TO u39js7kqi209ni;

--
-- Name: wagtailcore_task_id_seq; Type: SEQUENCE; Schema: public; Owner: u39js7kqi209ni
--

ALTER TABLE public.wagtailcore_task ALTER COLUMN id ADD GENERATED BY DEFAULT AS IDENTITY (
    SEQUENCE NAME public.wagtailcore_task_id_seq
    START WITH 1
    INCREMENT BY 1
    NO MINVALUE
    NO MAXVALUE
    CACHE 1
);


--
-- Name: wagtailcore_taskstate; Type: TABLE; Schema: public; Owner: u39js7kqi209ni
--

CREATE TABLE public.wagtailcore_taskstate (
    id integer NOT NULL,
    status character varying(50) NOT NULL,
    started_at timestamp with time zone NOT NULL,
    finished_at timestamp with time zone,
    content_type_id integer NOT NULL,
    revision_id integer NOT NULL,
    task_id integer NOT NULL,
    workflow_state_id integer NOT NULL,
    finished_by_id integer,
    comment text NOT NULL
);


ALTER TABLE public.wagtailcore_taskstate OWNER TO u39js7kqi209ni;

--
-- Name: wagtailcore_taskstate_id_seq; Type: SEQUENCE; Schema: public; Owner: u39js7kqi209ni
--

ALTER TABLE public.wagtailcore_taskstate ALTER COLUMN id ADD GENERATED BY DEFAULT AS IDENTITY (
    SEQUENCE NAME public.wagtailcore_taskstate_id_seq
    START WITH 1
    INCREMENT BY 1
    NO MINVALUE
    NO MAXVALUE
    CACHE 1
);


--
-- Name: wagtailcore_uploadedfile; Type: TABLE; Schema: public; Owner: u39js7kqi209ni
--

CREATE TABLE public.wagtailcore_uploadedfile (
    id integer NOT NULL,
    file character varying(200) NOT NULL,
    for_content_type_id integer,
    uploaded_by_user_id integer
);


ALTER TABLE public.wagtailcore_uploadedfile OWNER TO u39js7kqi209ni;

--
-- Name: wagtailcore_uploadedfile_id_seq; Type: SEQUENCE; Schema: public; Owner: u39js7kqi209ni
--

ALTER TABLE public.wagtailcore_uploadedfile ALTER COLUMN id ADD GENERATED BY DEFAULT AS IDENTITY (
    SEQUENCE NAME public.wagtailcore_uploadedfile_id_seq
    START WITH 1
    INCREMENT BY 1
    NO MINVALUE
    NO MAXVALUE
    CACHE 1
);


--
-- Name: wagtailcore_workflow; Type: TABLE; Schema: public; Owner: u39js7kqi209ni
--

CREATE TABLE public.wagtailcore_workflow (
    id integer NOT NULL,
    name character varying(255) NOT NULL,
    active boolean NOT NULL
);


ALTER TABLE public.wagtailcore_workflow OWNER TO u39js7kqi209ni;

--
-- Name: wagtailcore_workflow_id_seq; Type: SEQUENCE; Schema: public; Owner: u39js7kqi209ni
--

ALTER TABLE public.wagtailcore_workflow ALTER COLUMN id ADD GENERATED BY DEFAULT AS IDENTITY (
    SEQUENCE NAME public.wagtailcore_workflow_id_seq
    START WITH 1
    INCREMENT BY 1
    NO MINVALUE
    NO MAXVALUE
    CACHE 1
);


--
-- Name: wagtailcore_workflowcontenttype; Type: TABLE; Schema: public; Owner: u39js7kqi209ni
--

CREATE TABLE public.wagtailcore_workflowcontenttype (
    content_type_id integer NOT NULL,
    workflow_id integer NOT NULL
);


ALTER TABLE public.wagtailcore_workflowcontenttype OWNER TO u39js7kqi209ni;

--
-- Name: wagtailcore_workflowpage; Type: TABLE; Schema: public; Owner: u39js7kqi209ni
--

CREATE TABLE public.wagtailcore_workflowpage (
    page_id integer NOT NULL,
    workflow_id integer NOT NULL
);


ALTER TABLE public.wagtailcore_workflowpage OWNER TO u39js7kqi209ni;

--
-- Name: wagtailcore_workflowstate; Type: TABLE; Schema: public; Owner: u39js7kqi209ni
--

CREATE TABLE public.wagtailcore_workflowstate (
    id integer NOT NULL,
    status character varying(50) NOT NULL,
    created_at timestamp with time zone NOT NULL,
    current_task_state_id integer,
    object_id character varying(255) NOT NULL,
    requested_by_id integer,
    workflow_id integer NOT NULL,
    content_type_id integer NOT NULL,
    base_content_type_id integer NOT NULL
);


ALTER TABLE public.wagtailcore_workflowstate OWNER TO u39js7kqi209ni;

--
-- Name: wagtailcore_workflowstate_id_seq; Type: SEQUENCE; Schema: public; Owner: u39js7kqi209ni
--

ALTER TABLE public.wagtailcore_workflowstate ALTER COLUMN id ADD GENERATED BY DEFAULT AS IDENTITY (
    SEQUENCE NAME public.wagtailcore_workflowstate_id_seq
    START WITH 1
    INCREMENT BY 1
    NO MINVALUE
    NO MAXVALUE
    CACHE 1
);


--
-- Name: wagtailcore_workflowtask; Type: TABLE; Schema: public; Owner: u39js7kqi209ni
--

CREATE TABLE public.wagtailcore_workflowtask (
    id integer NOT NULL,
    sort_order integer,
    task_id integer NOT NULL,
    workflow_id integer NOT NULL
);


ALTER TABLE public.wagtailcore_workflowtask OWNER TO u39js7kqi209ni;

--
-- Name: wagtailcore_workflowtask_id_seq; Type: SEQUENCE; Schema: public; Owner: u39js7kqi209ni
--

ALTER TABLE public.wagtailcore_workflowtask ALTER COLUMN id ADD GENERATED BY DEFAULT AS IDENTITY (
    SEQUENCE NAME public.wagtailcore_workflowtask_id_seq
    START WITH 1
    INCREMENT BY 1
    NO MINVALUE
    NO MAXVALUE
    CACHE 1
);


--
-- Name: wagtaildocs_document; Type: TABLE; Schema: public; Owner: u39js7kqi209ni
--

CREATE TABLE public.wagtaildocs_document (
    id integer NOT NULL,
    title character varying(255) NOT NULL,
    file character varying(100) NOT NULL,
    created_at timestamp with time zone NOT NULL,
    uploaded_by_user_id integer,
    collection_id integer NOT NULL,
    file_size bigint,
    file_hash character varying(40) NOT NULL,
    CONSTRAINT wagtaildocs_document_file_size_check CHECK ((file_size >= 0))
);


ALTER TABLE public.wagtaildocs_document OWNER TO u39js7kqi209ni;

--
-- Name: wagtaildocs_document_id_seq; Type: SEQUENCE; Schema: public; Owner: u39js7kqi209ni
--

ALTER TABLE public.wagtaildocs_document ALTER COLUMN id ADD GENERATED BY DEFAULT AS IDENTITY (
    SEQUENCE NAME public.wagtaildocs_document_id_seq
    START WITH 1
    INCREMENT BY 1
    NO MINVALUE
    NO MAXVALUE
    CACHE 1
);


--
-- Name: wagtailembeds_embed; Type: TABLE; Schema: public; Owner: u39js7kqi209ni
--

CREATE TABLE public.wagtailembeds_embed (
    id integer NOT NULL,
    url text NOT NULL,
    max_width smallint,
    type character varying(10) NOT NULL,
    html text NOT NULL,
    title text NOT NULL,
    author_name text NOT NULL,
    provider_name text NOT NULL,
    thumbnail_url text NOT NULL,
    width integer,
    height integer,
    last_updated timestamp with time zone NOT NULL,
    hash character varying(32) NOT NULL,
    cache_until timestamp with time zone
);


ALTER TABLE public.wagtailembeds_embed OWNER TO u39js7kqi209ni;

--
-- Name: wagtailembeds_embed_id_seq; Type: SEQUENCE; Schema: public; Owner: u39js7kqi209ni
--

ALTER TABLE public.wagtailembeds_embed ALTER COLUMN id ADD GENERATED BY DEFAULT AS IDENTITY (
    SEQUENCE NAME public.wagtailembeds_embed_id_seq
    START WITH 1
    INCREMENT BY 1
    NO MINVALUE
    NO MAXVALUE
    CACHE 1
);


--
-- Name: wagtailforms_formsubmission; Type: TABLE; Schema: public; Owner: u39js7kqi209ni
--

CREATE TABLE public.wagtailforms_formsubmission (
    id integer NOT NULL,
    form_data jsonb NOT NULL,
    submit_time timestamp with time zone NOT NULL,
    page_id integer NOT NULL
);


ALTER TABLE public.wagtailforms_formsubmission OWNER TO u39js7kqi209ni;

--
-- Name: wagtailforms_formsubmission_id_seq; Type: SEQUENCE; Schema: public; Owner: u39js7kqi209ni
--

ALTER TABLE public.wagtailforms_formsubmission ALTER COLUMN id ADD GENERATED BY DEFAULT AS IDENTITY (
    SEQUENCE NAME public.wagtailforms_formsubmission_id_seq
    START WITH 1
    INCREMENT BY 1
    NO MINVALUE
    NO MAXVALUE
    CACHE 1
);


--
-- Name: wagtailimages_image; Type: TABLE; Schema: public; Owner: u39js7kqi209ni
--

CREATE TABLE public.wagtailimages_image (
    id integer NOT NULL,
    title character varying(255) NOT NULL,
    file character varying(100) NOT NULL,
    width integer NOT NULL,
    height integer NOT NULL,
    created_at timestamp with time zone NOT NULL,
    focal_point_x integer,
    focal_point_y integer,
    focal_point_width integer,
    focal_point_height integer,
    uploaded_by_user_id integer,
    file_size integer,
    collection_id integer NOT NULL,
    file_hash character varying(40) NOT NULL,
    description character varying(255) NOT NULL,
    CONSTRAINT wagtailimages_image_file_size_check CHECK ((file_size >= 0)),
    CONSTRAINT wagtailimages_image_focal_point_height_check CHECK ((focal_point_height >= 0)),
    CONSTRAINT wagtailimages_image_focal_point_width_check CHECK ((focal_point_width >= 0)),
    CONSTRAINT wagtailimages_image_focal_point_x_check CHECK ((focal_point_x >= 0)),
    CONSTRAINT wagtailimages_image_focal_point_y_check CHECK ((focal_point_y >= 0))
);


ALTER TABLE public.wagtailimages_image OWNER TO u39js7kqi209ni;

--
-- Name: wagtailimages_image_id_seq; Type: SEQUENCE; Schema: public; Owner: u39js7kqi209ni
--

ALTER TABLE public.wagtailimages_image ALTER COLUMN id ADD GENERATED BY DEFAULT AS IDENTITY (
    SEQUENCE NAME public.wagtailimages_image_id_seq
    START WITH 1
    INCREMENT BY 1
    NO MINVALUE
    NO MAXVALUE
    CACHE 1
);


--
-- Name: wagtailimages_rendition; Type: TABLE; Schema: public; Owner: u39js7kqi209ni
--

CREATE TABLE public.wagtailimages_rendition (
    id integer NOT NULL,
    file character varying(100) NOT NULL,
    width integer NOT NULL,
    height integer NOT NULL,
    focal_point_key character varying(16) NOT NULL,
    filter_spec character varying(255) NOT NULL,
    image_id integer NOT NULL
);


ALTER TABLE public.wagtailimages_rendition OWNER TO u39js7kqi209ni;

--
-- Name: wagtailimages_rendition_id_seq; Type: SEQUENCE; Schema: public; Owner: u39js7kqi209ni
--

ALTER TABLE public.wagtailimages_rendition ALTER COLUMN id ADD GENERATED BY DEFAULT AS IDENTITY (
    SEQUENCE NAME public.wagtailimages_rendition_id_seq
    START WITH 1
    INCREMENT BY 1
    NO MINVALUE
    NO MAXVALUE
    CACHE 1
);


--
-- Name: wagtailredirects_redirect; Type: TABLE; Schema: public; Owner: u39js7kqi209ni
--

CREATE TABLE public.wagtailredirects_redirect (
    id integer NOT NULL,
    old_path character varying(255) NOT NULL,
    is_permanent boolean NOT NULL,
    redirect_link character varying(255) NOT NULL,
    redirect_page_id integer,
    site_id integer,
    automatically_created boolean NOT NULL,
    created_at timestamp with time zone,
    redirect_page_route_path character varying(255) NOT NULL
);


ALTER TABLE public.wagtailredirects_redirect OWNER TO u39js7kqi209ni;

--
-- Name: wagtailredirects_redirect_id_seq; Type: SEQUENCE; Schema: public; Owner: u39js7kqi209ni
--

ALTER TABLE public.wagtailredirects_redirect ALTER COLUMN id ADD GENERATED BY DEFAULT AS IDENTITY (
    SEQUENCE NAME public.wagtailredirects_redirect_id_seq
    START WITH 1
    INCREMENT BY 1
    NO MINVALUE
    NO MAXVALUE
    CACHE 1
);


--
-- Name: wagtailsearch_indexentry; Type: TABLE; Schema: public; Owner: u39js7kqi209ni
--

CREATE TABLE public.wagtailsearch_indexentry (
    id integer NOT NULL,
    object_id character varying(50) NOT NULL,
    title_norm double precision NOT NULL,
    content_type_id integer NOT NULL,
    autocomplete tsvector NOT NULL,
    title tsvector NOT NULL,
    body tsvector NOT NULL
);


ALTER TABLE public.wagtailsearch_indexentry OWNER TO u39js7kqi209ni;

--
-- Name: wagtailsearch_indexentry_id_seq; Type: SEQUENCE; Schema: public; Owner: u39js7kqi209ni
--

ALTER TABLE public.wagtailsearch_indexentry ALTER COLUMN id ADD GENERATED BY DEFAULT AS IDENTITY (
    SEQUENCE NAME public.wagtailsearch_indexentry_id_seq
    START WITH 1
    INCREMENT BY 1
    NO MINVALUE
    NO MAXVALUE
    CACHE 1
);


--
-- Name: wagtailusers_userprofile; Type: TABLE; Schema: public; Owner: u39js7kqi209ni
--

CREATE TABLE public.wagtailusers_userprofile (
    id integer NOT NULL,
    submitted_notifications boolean NOT NULL,
    approved_notifications boolean NOT NULL,
    rejected_notifications boolean NOT NULL,
    user_id integer NOT NULL,
    preferred_language character varying(10) NOT NULL,
    current_time_zone character varying(40) NOT NULL,
    avatar character varying(100) NOT NULL,
    updated_comments_notifications boolean NOT NULL,
    dismissibles jsonb NOT NULL,
    theme character varying(40) NOT NULL,
    density character varying(40) NOT NULL,
    contrast character varying(40) NOT NULL
);


ALTER TABLE public.wagtailusers_userprofile OWNER TO u39js7kqi209ni;

--
-- Name: wagtailusers_userprofile_id_seq; Type: SEQUENCE; Schema: public; Owner: u39js7kqi209ni
--

ALTER TABLE public.wagtailusers_userprofile ALTER COLUMN id ADD GENERATED BY DEFAULT AS IDENTITY (
    SEQUENCE NAME public.wagtailusers_userprofile_id_seq
    START WITH 1
    INCREMENT BY 1
    NO MINVALUE
    NO MAXVALUE
    CACHE 1
);


--
-- Data for Name: activites_activitylist; Type: TABLE DATA; Schema: public; Owner: u39js7kqi209ni
--

COPY public.activites_activitylist (page_ptr_id, seo_keywords, content) FROM stdin;
16		
\.


--
-- Data for Name: activites_activitypage; Type: TABLE DATA; Schema: public; Owner: u39js7kqi209ni
--

COPY public.activites_activitypage (detailpage_ptr_id, link) FROM stdin;
17	https://mjcmauguio-carnon.goasso.org/activites?q%5Bfull_text%5D=&q%5Bactivity_category_id_eq%5D=6&q%5Bactivity_schedules_schedule_type_eq%5D=&q%5Bavailable_for_age%5D=&q%5Bcourses_day_number%5D=&commi
19	https://mjcmauguio-carnon.goasso.org/activites?q%5Bfull_text_all_seasons%5D=poterie&q%5Bactivity_category_id_eq%5D=3&q%5Bactivity_schedules_schedule_type_eq%5D=&q%5Bavailable_for_age%5D=&q%5Bcourses_d
18	https://mjcmauguio-carnon.goasso.org/activites?q%5Bfull_text_all_seasons%5D=espagnoles&q%5Bactivity_category_id_eq%5D=1&q%5Bactivity_schedules_schedule_type_eq%5D=&q%5Bavailable_for_age%5D=&q%5Bcourse
\.


--
-- Data for Name: activites_activitypage_animateurs; Type: TABLE DATA; Schema: public; Owner: u39js7kqi209ni
--

COPY public.activites_activitypage_animateurs (id, activitypage_id, animateur_id) FROM stdin;
1	18	1
2	17	2
\.


--
-- Data for Name: activites_animateur; Type: TABLE DATA; Schema: public; Owner: u39js7kqi209ni
--

COPY public.activites_animateur (id, name) FROM stdin;
1	Marion DELERIA
2	Lydie COSTE
3	Théodore de Boisseson
\.


--
-- Data for Name: activites_subactivity; Type: TABLE DATA; Schema: public; Owner: u39js7kqi209ni
--

COPY public.activites_subactivity (id, sort_order, title, description, page_id) FROM stdin;
1	0	Yoga débutants		17
2	1	Yoga avancé		17
3	2	Yoga tout niveaux		17
\.


--
-- Data for Name: agenda_agendaindexpage; Type: TABLE DATA; Schema: public; Owner: u39js7kqi209ni
--

COPY public.agenda_agendaindexpage (page_ptr_id, seo_keywords, intro) FROM stdin;
13		
\.


--
-- Data for Name: agenda_eventpage; Type: TABLE DATA; Schema: public; Owner: u39js7kqi209ni
--

COPY public.agenda_eventpage (detailpage_ptr_id, start_date, end_date, ville) FROM stdin;
15	2025-03-14	2025-03-15	Mauguio
\.


--
-- Data for Name: agenda_pasteventspage; Type: TABLE DATA; Schema: public; Owner: u39js7kqi209ni
--

COPY public.agenda_pasteventspage (page_ptr_id, seo_keywords, intro) FROM stdin;
14		
\.


--
-- Data for Name: association_associationindexpage; Type: TABLE DATA; Schema: public; Owner: u39js7kqi209ni
--

COPY public.association_associationindexpage (baseindexpage_ptr_id, content) FROM stdin;
4	
\.


--
-- Data for Name: association_associationpage; Type: TABLE DATA; Schema: public; Owner: u39js7kqi209ni
--

COPY public.association_associationpage (detailpage_ptr_id, show_image_in_page) FROM stdin;
12	t
11	t
10	t
9	t
8	t
7	t
6	t
5	t
\.


--
-- Data for Name: auth_group; Type: TABLE DATA; Schema: public; Owner: u39js7kqi209ni
--

COPY public.auth_group (id, name) FROM stdin;
1	Moderators
2	Editors
\.


--
-- Data for Name: auth_group_permissions; Type: TABLE DATA; Schema: public; Owner: u39js7kqi209ni
--

COPY public.auth_group_permissions (id, group_id, permission_id) FROM stdin;
1	1	1
2	1	2
3	1	3
4	2	1
5	2	2
6	2	3
7	1	4
8	2	4
9	1	5
10	2	5
11	1	120
12	1	118
13	1	119
14	2	120
15	2	118
16	2	119
17	1	121
18	2	121
\.


--
-- Data for Name: auth_permission; Type: TABLE DATA; Schema: public; Owner: u39js7kqi209ni
--

COPY public.auth_permission (id, name, content_type_id, codename) FROM stdin;
1	Can add image	2	add_image
2	Can change image	2	change_image
3	Can delete image	2	delete_image
4	Can access Wagtail admin	3	access_admin
5	Can choose image	2	choose_image
6	Can add locale	5	add_locale
7	Can change locale	5	change_locale
8	Can delete locale	5	delete_locale
9	Can view locale	5	view_locale
10	Can add site	6	add_site
11	Can change site	6	change_site
12	Can delete site	6	delete_site
13	Can view site	6	view_site
14	Can add model log entry	7	add_modellogentry
15	Can change model log entry	7	change_modellogentry
16	Can delete model log entry	7	delete_modellogentry
17	Can view model log entry	7	view_modellogentry
18	Can add collection view restriction	8	add_collectionviewrestriction
19	Can change collection view restriction	8	change_collectionviewrestriction
20	Can delete collection view restriction	8	delete_collectionviewrestriction
21	Can view collection view restriction	8	view_collectionviewrestriction
22	Can add collection	9	add_collection
23	Can change collection	9	change_collection
24	Can delete collection	9	delete_collection
25	Can view collection	9	view_collection
26	Can add group collection permission	10	add_groupcollectionpermission
27	Can change group collection permission	10	change_groupcollectionpermission
28	Can delete group collection permission	10	delete_groupcollectionpermission
29	Can view group collection permission	10	view_groupcollectionpermission
30	Can add uploaded file	11	add_uploadedfile
31	Can change uploaded file	11	change_uploadedfile
32	Can delete uploaded file	11	delete_uploadedfile
33	Can view uploaded file	11	view_uploadedfile
34	Can add reference index	12	add_referenceindex
35	Can change reference index	12	change_referenceindex
36	Can delete reference index	12	delete_referenceindex
37	Can view reference index	12	view_referenceindex
38	Can add page	1	add_page
39	Can change page	1	change_page
40	Can delete page	1	delete_page
41	Can view page	1	view_page
42	Delete pages with children	1	bulk_delete_page
43	Lock/unlock pages you've locked	1	lock_page
44	Publish any page	1	publish_page
45	Unlock any page	1	unlock_page
46	Can add revision	13	add_revision
47	Can change revision	13	change_revision
48	Can delete revision	13	delete_revision
49	Can view revision	13	view_revision
50	Can add group page permission	14	add_grouppagepermission
51	Can change group page permission	14	change_grouppagepermission
52	Can delete group page permission	14	delete_grouppagepermission
53	Can view group page permission	14	view_grouppagepermission
54	Can add page view restriction	15	add_pageviewrestriction
55	Can change page view restriction	15	change_pageviewrestriction
56	Can delete page view restriction	15	delete_pageviewrestriction
57	Can view page view restriction	15	view_pageviewrestriction
58	Can add workflow page	16	add_workflowpage
59	Can change workflow page	16	change_workflowpage
60	Can delete workflow page	16	delete_workflowpage
61	Can view workflow page	16	view_workflowpage
62	Can add workflow content type	17	add_workflowcontenttype
63	Can change workflow content type	17	change_workflowcontenttype
64	Can delete workflow content type	17	delete_workflowcontenttype
65	Can view workflow content type	17	view_workflowcontenttype
66	Can add workflow task order	18	add_workflowtask
67	Can change workflow task order	18	change_workflowtask
68	Can delete workflow task order	18	delete_workflowtask
69	Can view workflow task order	18	view_workflowtask
70	Can add task	19	add_task
71	Can change task	19	change_task
72	Can delete task	19	delete_task
73	Can view task	19	view_task
74	Can add workflow	20	add_workflow
75	Can change workflow	20	change_workflow
76	Can delete workflow	20	delete_workflow
77	Can view workflow	20	view_workflow
78	Can add Group approval task	4	add_groupapprovaltask
79	Can change Group approval task	4	change_groupapprovaltask
80	Can delete Group approval task	4	delete_groupapprovaltask
81	Can view Group approval task	4	view_groupapprovaltask
82	Can add Workflow state	21	add_workflowstate
83	Can change Workflow state	21	change_workflowstate
84	Can delete Workflow state	21	delete_workflowstate
85	Can view Workflow state	21	view_workflowstate
86	Can add Task state	22	add_taskstate
87	Can change Task state	22	change_taskstate
88	Can delete Task state	22	delete_taskstate
89	Can view Task state	22	view_taskstate
90	Can add page log entry	23	add_pagelogentry
91	Can change page log entry	23	change_pagelogentry
92	Can delete page log entry	23	delete_pagelogentry
93	Can view page log entry	23	view_pagelogentry
94	Can add comment	24	add_comment
95	Can change comment	24	change_comment
96	Can delete comment	24	delete_comment
97	Can view comment	24	view_comment
98	Can add comment reply	25	add_commentreply
99	Can change comment reply	25	change_commentreply
100	Can delete comment reply	25	delete_commentreply
101	Can view comment reply	25	view_commentreply
102	Can add page subscription	26	add_pagesubscription
103	Can change page subscription	26	change_pagesubscription
104	Can delete page subscription	26	delete_pagesubscription
105	Can view page subscription	26	view_pagesubscription
106	Can add query	27	add_query
107	Can change query	27	change_query
108	Can delete query	27	delete_query
109	Can view query	27	view_query
110	Can add Query Daily Hits	28	add_querydailyhits
111	Can change Query Daily Hits	28	change_querydailyhits
112	Can delete Query Daily Hits	28	delete_querydailyhits
113	Can view Query Daily Hits	28	view_querydailyhits
114	Can add search promotion	29	add_searchpromotion
115	Can change search promotion	29	change_searchpromotion
116	Can delete search promotion	29	delete_searchpromotion
117	Can view search promotion	29	view_searchpromotion
118	Can add document	30	add_document
119	Can change document	30	change_document
120	Can delete document	30	delete_document
121	Can choose document	30	choose_document
122	Can add Liste des Activités	31	add_activitylist
123	Can change Liste des Activités	31	change_activitylist
124	Can delete Liste des Activités	31	delete_activitylist
125	Can view Liste des Activités	31	view_activitylist
126	Can add animateur	32	add_animateur
127	Can change animateur	32	change_animateur
128	Can delete animateur	32	delete_animateur
129	Can view animateur	32	view_animateur
130	Can add Activité	33	add_activitypage
131	Can change Activité	33	change_activitypage
132	Can delete Activité	33	delete_activitypage
133	Can view Activité	33	view_activitypage
134	Can add sub activity	34	add_subactivity
135	Can change sub activity	34	change_subactivity
136	Can delete sub activity	34	delete_subactivity
137	Can view sub activity	34	view_subactivity
138	Can add Page Agenda	35	add_agendaindexpage
139	Can change Page Agenda	35	change_agendaindexpage
140	Can delete Page Agenda	35	delete_agendaindexpage
141	Can view Page Agenda	35	view_agendaindexpage
142	Can add Événement	36	add_eventpage
143	Can change Événement	36	change_eventpage
144	Can delete Événement	36	delete_eventpage
145	Can view Événement	36	view_eventpage
146	Can add Événements passés	37	add_pasteventspage
147	Can change Événements passés	37	change_pasteventspage
148	Can delete Événements passés	37	delete_pasteventspage
149	Can view Événements passés	37	view_pasteventspage
150	Can add Grille pages de l'Association	38	add_associationindexpage
151	Can change Grille pages de l'Association	38	change_associationindexpage
152	Can delete Grille pages de l'Association	38	delete_associationindexpage
153	Can view Grille pages de l'Association	38	view_associationindexpage
154	Can add Page Association	39	add_associationpage
155	Can change Page Association	39	change_associationpage
156	Can delete Page Association	39	delete_associationpage
157	Can view Page Association	39	view_associationpage
158	Can add Page d'index de base	40	add_baseindexpage
159	Can change Page d'index de base	40	change_baseindexpage
160	Can delete Page d'index de base	40	delete_baseindexpage
161	Can view Page d'index de base	40	view_baseindexpage
162	Can add Message Flash	41	add_flashmessage
163	Can change Message Flash	41	change_flashmessage
164	Can delete Message Flash	41	delete_flashmessage
165	Can view Message Flash	41	view_flashmessage
166	Can add Informations du Pied de page	42	add_footersettings
167	Can change Informations du Pied de page	42	change_footersettings
168	Can delete Informations du Pied de page	42	delete_footersettings
169	Can view Informations du Pied de page	42	view_footersettings
170	Can add Page de détail	43	add_detailpage
171	Can change Page de détail	43	change_detailpage
172	Can delete Page de détail	43	delete_detailpage
173	Can view Page de détail	43	view_detailpage
174	Can add Thème de couleurs	44	add_themesettings
175	Can change Thème de couleurs	44	change_themesettings
176	Can delete Thème de couleurs	44	delete_themesettings
177	Can view Thème de couleurs	44	view_themesettings
178	Can add Page d'Accueil	45	add_pageacceuil
179	Can change Page d'Accueil	45	change_pageacceuil
180	Can delete Page d'Accueil	45	delete_pageacceuil
181	Can view Page d'Accueil	45	view_pageacceuil
182	Can add rotating word	46	add_rotatingword
183	Can change rotating word	46	change_rotatingword
184	Can delete rotating word	46	delete_rotatingword
185	Can view rotating word	46	view_rotatingword
186	Can add form submission	47	add_formsubmission
187	Can change form submission	47	change_formsubmission
188	Can delete form submission	47	delete_formsubmission
189	Can view form submission	47	view_formsubmission
190	Can add redirect	48	add_redirect
191	Can change redirect	48	change_redirect
192	Can delete redirect	48	delete_redirect
193	Can view redirect	48	view_redirect
194	Can add embed	49	add_embed
195	Can change embed	49	change_embed
196	Can delete embed	49	delete_embed
197	Can view embed	49	view_embed
198	Can add user profile	50	add_userprofile
199	Can change user profile	50	change_userprofile
200	Can delete user profile	50	delete_userprofile
201	Can view user profile	50	view_userprofile
202	Can view document	30	view_document
203	Can view image	2	view_image
204	Can add rendition	51	add_rendition
205	Can change rendition	51	change_rendition
206	Can delete rendition	51	delete_rendition
207	Can view rendition	51	view_rendition
208	Can add index entry	52	add_indexentry
209	Can change index entry	52	change_indexentry
210	Can delete index entry	52	delete_indexentry
211	Can view index entry	52	view_indexentry
212	Can add editing session	53	add_editingsession
213	Can change editing session	53	change_editingsession
214	Can delete editing session	53	delete_editingsession
215	Can view editing session	53	view_editingsession
216	Can add tag	54	add_tag
217	Can change tag	54	change_tag
218	Can delete tag	54	delete_tag
219	Can view tag	54	view_tag
220	Can add tagged item	55	add_taggeditem
221	Can change tagged item	55	change_taggeditem
222	Can delete tagged item	55	delete_taggeditem
223	Can view tagged item	55	view_taggeditem
224	Can add log entry	56	add_logentry
225	Can change log entry	56	change_logentry
226	Can delete log entry	56	delete_logentry
227	Can view log entry	56	view_logentry
228	Can add permission	57	add_permission
229	Can change permission	57	change_permission
230	Can delete permission	57	delete_permission
231	Can view permission	57	view_permission
232	Can add group	58	add_group
233	Can change group	58	change_group
234	Can delete group	58	delete_group
235	Can view group	58	view_group
236	Can add user	59	add_user
237	Can change user	59	change_user
238	Can delete user	59	delete_user
239	Can view user	59	view_user
240	Can add content type	60	add_contenttype
241	Can change content type	60	change_contenttype
242	Can delete content type	60	delete_contenttype
243	Can view content type	60	view_contenttype
244	Can add session	61	add_session
245	Can change session	61	change_session
246	Can delete session	61	delete_session
247	Can view session	61	view_session
\.


--
-- Data for Name: auth_user; Type: TABLE DATA; Schema: public; Owner: u39js7kqi209ni
--

COPY public.auth_user (id, password, last_login, is_superuser, username, first_name, last_name, email, is_staff, is_active, date_joined) FROM stdin;
1	pbkdf2_sha256$870000$PhJSVYdtDX59OL8vOBbm06$Gf8KzM9dVDrizhz9CY5kiI7VktH96GpDbUXTMvheFsE=	2025-03-13 11:25:28.689226+01	t	u39js7kqi209ni			theodeboisseson@gmail.com	t	t	2025-03-12 16:58:28.607533+01
\.


--
-- Data for Name: auth_user_groups; Type: TABLE DATA; Schema: public; Owner: u39js7kqi209ni
--

COPY public.auth_user_groups (id, user_id, group_id) FROM stdin;
\.


--
-- Data for Name: auth_user_user_permissions; Type: TABLE DATA; Schema: public; Owner: u39js7kqi209ni
--

COPY public.auth_user_user_permissions (id, user_id, permission_id) FROM stdin;
\.


--
-- Data for Name: common_baseindexpage; Type: TABLE DATA; Schema: public; Owner: u39js7kqi209ni
--

COPY public.common_baseindexpage (page_ptr_id, seo_keywords, image_id) FROM stdin;
4		\N
56		\N
59		14
61		16
62		17
63		18
\.


--
-- Data for Name: common_detailpage; Type: TABLE DATA; Schema: public; Owner: u39js7kqi209ni
--

COPY public.common_detailpage (page_ptr_id, seo_keywords, content, subtitle, image_id) FROM stdin;
7		<p data-block-key="7jxtv">Créée en 1970, la Maison des Jeunes et de la Culture de Rodez est une association d’éducation populaire à but non lucratif. Elle a été fondée pour favoriser l’accès à l’éducation et à la culture pour que chacun contribue à la création d’une société plus solidaire.<br/>C’est un lieu de pratique d’activités mais aussi et surtout un lieu de rencontres, d’échanges, d’innovations, d’expérimentations, de créations et d’expressions.</p><p data-block-key="997ep">La MJC est une association loi 1901 qui anime et gère un équipement en partenariat avec la <a href="https://www.ville-rodez.fr/"><b>Ville de Rodez</b></a> et de nombreux partenaires institutionnels et associatifs. Avec plus de 80 activités, une saison culturelle et un FabLab, le tout organisé sous couvert d’une seule entité juridique, et environ 3500 adhérents, un minimum d’organisation est nécessaire ! Pour cela, les <a href="https://www.mjcrodez.fr/uploads/2022/07/statuts-mjc-rodez.pdf"><b>statuts</b></a> et le <a href="https://www.mjcrodez.fr/uploads/2022/07/reglement-interieur-mjc-rodez.pdf"><b>règlement intérieur</b></a> constituent les principes de vie au quotidien.</p><p data-block-key="1kuer">Si nous vous offrons tous les ans autant d’activités, c’est que l’ensemble des bénévoles et professionnels sont portés par des envies de « plus » et de « toujours mieux ».</p><p data-block-key="a0dvk">En adhérant à la MJC vous acceptez aussi d’être acteur(trice) de la Maison de demain.  Vous avez une idée ? Un peu de temps à donner ? L’envie de participer activement à la vie associative. Venez nous rencontrer !</p><p data-block-key="f2q6i"><a href="https://www.mjcrodez.fr/association/conseil-administration/"><b>Conseil d'administration</b></a></p>		9
6		<p data-block-key="kurjp"><b>Carte d’adhérent 2024-2025</b><br/></p><p data-block-key="fbcqn">&gt; Non remboursable et prise à l’inscription (pas de prise en charge par les Comités d’Entreprises ou Comités d’Action Sociale).<br/>&gt; Elle comprend l’assurance pour la pratique d’une activité.<br/>&gt; Elle est valable dans les autres MJC de l’agglomération, permet un accès libre à l’espace numérique et de bénéficier du tarif réduit pour les spectacles.<br/>&gt; Un certificat médical ou <a href="https://www.mjcrodez.fr/uploads/2024/08/questionnaire-sante-mjc-de-rodez-24-25-web.pdf">questionnaire de santé</a> est obligatoire à l’inscription pour les activités sportives.</p><p data-block-key="3je0u"><b>Période de validité</b><br/>Annuelle = Début septembre 2024 à fin août 2025</p><p data-block-key="cdvn0"><b>Prix</b><br/>Adulte : 18 €<br/>Jeune (-26 ans) : 9 €<br/>Étudiant : 9 €*<br/>Demandeur d’emploi  : 9 €*<br/>Couple : 27 €<br/>Famille (parents + 2 enfants mineurs ou plus) : 36 €</p><p data-block-key="b9cqo"><b>Télécharger le bulletin d'adhésion</b>**<br/><a href="https://www.mjcrodez.fr/uploads/2023/07/bulletin-adhesion-2023-24.pdf">Bulletin d'adhésion</a></p><p data-block-key="60ouu"><b>Télécharger l'autorisation parentale</b>**<br/>(Obligatoire pour les mineurs)<br/><a href="https://www.mjcrodez.fr/uploads/2024/08/autorisation-parentale-et-decharge-de-responsabilite-mjc-de-rodez-24-25-web.pdf">Autorisation parentale</a></p><p data-block-key="51kj1"><b>Télécharger le questionnaire santé</b>**<br/>(Obligatoire pour les activités sportives)<br/><a href="https://www.mjcrodez.fr/uploads/2024/08/questionnaire-sante-mjc-de-rodez-24-25-web.pdf">Questionnaire santé</a></p><p data-block-key="b9291">* Sur justificatif<br/>** Une version papier est disponible à l'accueil</p>	Comment devenir adhérent de la MJC ?	10
5		<p data-block-key="158ap">Lieu de Rencontres, d’échanges, d’innovations, d’expérimentations, de créations et d’expressions.<br/>Une association est la traduction d’une forme de mouvement social qui formule un projet.<br/>Le projet correspond à une quête de l’idéal de la vie en société.<br/>L’association, porteuse de projet est un moteur de la transformation sociale sous réserve qu’elle produise une réflexion, un débat social qui favorise l’émergence des innovations et des expérimentations.<br/>La fonction du projet consiste à organiser le développement de l’association de façon active, en planifiant les différentes étapes de l’évolution au plus près de l’objet de l’association.<br/>Sans projet, la MJC en perdant prise sur son environnement social, court le risque de perdre sa légitimité auprès des acteurs locaux.<br/>L’ensemble des domaines d’activités de la MJC repose sur le fondement que constitue le projet associatif.<br/>Le projet c’est la rencontre du plaisir et de la pensée.<br/>Forum des dirigeants associatifs<br/>Saubens (31) – 21 octobre 2000</p><p data-block-key="6le62">La Maison des Jeunes et de la Culture contribue au mieux être social des individus et forme plusieurs générations d’hommes et de femmes en développant la personnalité de créateurs, de techniciens, d’artistes, d’éducateurs, d’animateurs.<br/>Il n’est pas de démocratie sans règles. Voilà pourquoi les MJC fonctionnent dans un cadre statutaire précis.<br/>Ces règles servent à former les jeunes à la vie démocratique et au sens des responsabilités. La structure MJC est la concrétisation d’un espace favorable à l’imagination, à l’initiative et à la créativité.<br/>Les jeunes comme les adultes vont donc inventer et créer dans la MJC, tremplin pour l’esprit de tolérance et de solidarité, pour l’acquisition d’un humanisme de notre temps</p>		11
15		<p data-block-key="dmmks"> </p><h2 data-block-key="bjgq1">Festidrone - Le Festival du Clip de Drone Amateur !</h2><p data-block-key="3rc5l"><br/>Dates : 14 et 15 mars 2025<br/>Lieu : MJC Mauguio-Carnon</p><p data-block-key="a7q06">La MJC vous invite à découvrir le Festidrone, un événement nouveau dédié aux passionnés de drones, de la nature et des enjeux contemporains, le tout dans une ambiance conviviale et gratuite !</p><p data-block-key="3rmle"><b>Au programme :</b></p><p data-block-key="1sian">Pour les enfants de maternelle et primaire :</p><p data-block-key="3u8hm">- Samedi 15/03 de 15h à 17h<br/>Des ateliers scientifiques et artistiques pour éveiller la créativité des plus jeunes ! Ils auront également droit à un délicieux goûter pour clôturer leur expérience.</p><p data-block-key="drdpp">Pour les ados et adultes :<br/>-Vendredi 14/03 à 18h30 : Conférence L'Eauccitanie : Comprendre et préserver l'eau de notre région. En présence de Léa Duran hydrologue et data scientist.</p><p data-block-key="e76p0">Quelle sera l'évolution des ressources en eau dans la région ? Quel est l'état des lieux sur le changement climatique dans le Sud de la France et son impact sur les réserves en eau ? Actions possibles pour préserver cette ressource précieuse.</p><p data-block-key="9se21">-Samedi 15/03 de 15h à 17h : Atelier citoyen animé par l'association Eau'Dyssée, pour comprendre des enjeux environnementaux et sociaux.</p><p data-block-key="a8ah3">Pour tous :</p><p data-block-key="40s9k">-Samedi 15/03 de 17h30 à 19h30 :  Place à l'exposition des clips réalisés par nos participants et à des films de sensibilisation sur les enjeux liés à l’eau.</p><p data-block-key="e7srp">Clôture du festival :<br/>La remise des prix aux meilleures créations et un apéritif de clôture pour échanger, célébrer et se détendre ensemble autour d’un verre.</p><p data-block-key="6lhe7">Entrée libre dans la limite de places disponibles.<br/>Ateliers gratuits, inscription obligatoire.</p><p data-block-key="41ctt">Pour vous inscrire aux ateliers, flashez le Qr code sur l’affiche ou cliquez sur le lien :</p><p data-block-key="dkgpr"><a href="https://forms.gle/5ytk7RRqZeoM7ujC9"><b>https://forms.gle/5ytk7RRqZeoM7ujC9</b></a></p><p data-block-key="ckc1g">Un festival à ne pas manquer pour tous les passionnés de drones et de l’environnement, petits et grands !</p><p data-block-key="2cblo">Au plaisir de vous accueillir à la MJC !</p><p data-block-key="2nnsr"><a href="https://www.facebook.com/hashtag/festidrone?__eep__=6&amp;__cft__[0]=AZWnK1QKEauXGlFzSqlBK3SHsIactpsujnZW2WO6FMHUPqIIAD-WQGww95JN7TIn6_umLxfHrK0xe1b92-EVdoEyW6q82Wsl2pq1zErM0arnhIdbt4OZYaFy-sMQBRwLAm1KOoFx3-bmUYxj4DbuUtOxNC5aNPzj0hHkAFfKqFxDbQ&amp;__tn__=*NK-R"><b>#Festidrone</b></a> <a href="https://www.facebook.com/hashtag/mjc?__eep__=6&amp;__cft__[0]=AZWnK1QKEauXGlFzSqlBK3SHsIactpsujnZW2WO6FMHUPqIIAD-WQGww95JN7TIn6_umLxfHrK0xe1b92-EVdoEyW6q82Wsl2pq1zErM0arnhIdbt4OZYaFy-sMQBRwLAm1KOoFx3-bmUYxj4DbuUtOxNC5aNPzj0hHkAFfKqFxDbQ&amp;__tn__=*NK-R"><b>#MJC</b></a> <a href="https://www.facebook.com/hashtag/festivaldrone?__eep__=6&amp;__cft__[0]=AZWnK1QKEauXGlFzSqlBK3SHsIactpsujnZW2WO6FMHUPqIIAD-WQGww95JN7TIn6_umLxfHrK0xe1b92-EVdoEyW6q82Wsl2pq1zErM0arnhIdbt4OZYaFy-sMQBRwLAm1KOoFx3-bmUYxj4DbuUtOxNC5aNPzj0hHkAFfKqFxDbQ&amp;__tn__=*NK-R"><b>#FestivalDrone</b></a> <a href="https://www.facebook.com/hashtag/drone?__eep__=6&amp;__cft__[0]=AZWnK1QKEauXGlFzSqlBK3SHsIactpsujnZW2WO6FMHUPqIIAD-WQGww95JN7TIn6_umLxfHrK0xe1b92-EVdoEyW6q82Wsl2pq1zErM0arnhIdbt4OZYaFy-sMQBRwLAm1KOoFx3-bmUYxj4DbuUtOxNC5aNPzj0hHkAFfKqFxDbQ&amp;__tn__=*NK-R"><b>#Drone</b></a> <a href="https://www.facebook.com/hashtag/artetscience?__eep__=6&amp;__cft__[0]=AZWnK1QKEauXGlFzSqlBK3SHsIactpsujnZW2WO6FMHUPqIIAD-WQGww95JN7TIn6_umLxfHrK0xe1b92-EVdoEyW6q82Wsl2pq1zErM0arnhIdbt4OZYaFy-sMQBRwLAm1KOoFx3-bmUYxj4DbuUtOxNC5aNPzj0hHkAFfKqFxDbQ&amp;__tn__=*NK-R"><b>#ArtEtScience</b></a> <a href="https://www.facebook.com/hashtag/%C3%A9cologie?__eep__=6&amp;__cft__[0]=AZWnK1QKEauXGlFzSqlBK3SHsIactpsujnZW2WO6FMHUPqIIAD-WQGww95JN7TIn6_umLxfHrK0xe1b92-EVdoEyW6q82Wsl2pq1zErM0arnhIdbt4OZYaFy-sMQBRwLAm1KOoFx3-bmUYxj4DbuUtOxNC5aNPzj0hHkAFfKqFxDbQ&amp;__tn__=*NK-R"><b>#Écologie</b></a> <a href="https://www.facebook.com/hashtag/citoyennet%C3%A9?__eep__=6&amp;__cft__[0]=AZWnK1QKEauXGlFzSqlBK3SHsIactpsujnZW2WO6FMHUPqIIAD-WQGww95JN7TIn6_umLxfHrK0xe1b92-EVdoEyW6q82Wsl2pq1zErM0arnhIdbt4OZYaFy-sMQBRwLAm1KOoFx3-bmUYxj4DbuUtOxNC5aNPzj0hHkAFfKqFxDbQ&amp;__tn__=*NK-R"><b>#Citoyenneté</b></a> <a href="https://www.facebook.com/hashtag/%C3%A9v%C3%A9nementgratuit?__eep__=6&amp;__cft__[0]=AZWnK1QKEauXGlFzSqlBK3SHsIactpsujnZW2WO6FMHUPqIIAD-WQGww95JN7TIn6_umLxfHrK0xe1b92-EVdoEyW6q82Wsl2pq1zErM0arnhIdbt4OZYaFy-sMQBRwLAm1KOoFx3-bmUYxj4DbuUtOxNC5aNPzj0hHkAFfKqFxDbQ&amp;__tn__=*NK-R"><b>#ÉvénementGratuit</b></a> <a href="https://www.facebook.com/hashtag/sensibilisation?__eep__=6&amp;__cft__[0]=AZWnK1QKEauXGlFzSqlBK3SHsIactpsujnZW2WO6FMHUPqIIAD-WQGww95JN7TIn6_umLxfHrK0xe1b92-EVdoEyW6q82Wsl2pq1zErM0arnhIdbt4OZYaFy-sMQBRwLAm1KOoFx3-bmUYxj4DbuUtOxNC5aNPzj0hHkAFfKqFxDbQ&amp;__tn__=*NK-R"><b>#Sensibilisation</b></a></p>	Festidrone - Le Festival du Clip de Drone Amateur !	3
17			Découvrez les bienfaits du yoga	2
19			Une merveilleuse activité manuelle	1
18				13
12		<p data-block-key="3mpja"></p><embed embedtype="image" format="left" id="5" alt="Intérieur de la MJC"/><p data-block-key="57qk9"></p><embed embedtype="image" format="right" id="4" alt="Devant la MJC"/><p data-block-key="2vtmr"></p>	Ca ressemble à quoi chez nous ?	12
11			À faire	\N
10		<p data-block-key="ocrmx">L’équipe des professionnels : </p><p data-block-key="9qsvs">Directeur : David MAROIS<br/>Directrice artistique : Nora TRIBY<br/>Comptabilité : Corinne BERTUZZI<br/>Chargée de communication et développement des publics : Mathilde GUALA<br/>Chargée de mission Accueil et jeunesse : Stéphanie BONNEFÉ<br/>Chargée de mission Accueil : Alix NOYER<br/>Régie spectacles : Jean-François CHIRAC, Étienne JULIEN<br/>Chargée de mission numérique, transformation, innovation : Camille FREQUELIN<br/>Chargée de mission administrative et financière : Marlène PALOUS</p>		6
9		<p data-block-key="gy0i8"><b>LE BUREAU DU C.A.</b></p><p data-block-key="euav2">Il a pour mission de veiller à l’exécution des décisions prises par le C.A.</p><p data-block-key="c9k4d">Membres :<br/>Président : <b>Thierry LAURENS</b><br/>Vice-présidente : <b>Dorothée SERGES</b><br/>Trésorier : <b>Damien SCHAEFFER</b><br/>Trésorière adjointe : <b>Christine CASSAN</b><br/>Secrétaire : <b>Chrystel TEYSSEDRE</b><br/>Membres actifs : <b>Michel GENESTOUX, Laurent MELIN, Marie Christine MOUYSSET, Jacqueline SANTINI, Jean-Marie SOLASSOL</b><br/>Technicien(s) : <b>David MAROIS (Directeur)</b></p>		7
8		<p data-block-key="vp6qr"><b>La MJC de Rodez est subventionnée par :</b></p><p data-block-key="q6i0"><a href="https://www.ville-rodez.fr/">la Ville de Rodez</a></p><p data-block-key="f1afr"><b>Elle bénéficie du soutien financier de :</b></p><p data-block-key="9pmsg"><a href="https://www.prefectures-regions.gouv.fr/occitanie">Préfet de la Région Occitanie</a><br/><a href="https://www.laregion.fr/">Région Occitanie / Pyrénées-Méditerranée</a><br/><a href="https://aveyron.fr/">Département de l’Aveyron</a><br/><a href="https://www.education.gouv.fr/">Ministère de l'Education nationale et de la jeunesse</a><br/><a href="https://onda.fr/">ONDA</a><br/><a href="https://quebec.consulfrance.org/Commission-permanente-de-cooperation-franco-quebecoise-CPCFQ">Coopération France-Québec</a><br/><a href="https://www.diplomatie.gouv.fr/fr/politique-etrangere-de-la-france/action-exterieure-des-collectivites-territoriales/la-commission-nationale-de-la-cooperation-decentralisee-cncd/">Commission Nationale de la Coopération Décentralisée</a></p><p data-block-key="3dejs"><b>La MJC de Rodez remercie ses partenaires privés :</b></p><p data-block-key="8hnsg"><a href="https://www.ca-nmp.fr/">Crédit Agricole Nord Midi-Pyrénées</a><br/><a href="https://www.mgen.fr/">MGEN</a><br/><a href="https://all.accor.com/hotel/2748/index.fr.shtml?utm_campaign=seo+maps&amp;utm_medium=seo+maps&amp;utm_source=google+Maps">Hôtel Ibis</a><br/><a href="https://www.facebook.com/people/AIS-Imprimerie-du-Bassin/100063581365909/">AIS imprimerie du Bassin</a></p><p data-block-key="1dmbh"><b>Ses partenaires locaux :</b></p><p data-block-key="3qdf"><a href="https://www.la-baleine.eu/">La Baleine</a><br/><a href="https://la-baleine.eu/le-krill/">Le Krill</a><br/><a href="https://leclubrodez.com/">Le Club</a><br/><a href="https://www.mjc-onet.com/">MJC d'Onet-le-Château</a><br/><a href="https://mjcllp.fr/">MJC de Luc-la-Primaube</a><br/><a href="https://www.cgrcinemas.fr/cinema/w1200-cgr-rodez/">CGR deRodez</a><br/><a href="https://www.crd-aveyron.fr/">Conservatoire de l'Aveyron</a><br/><a href="https://www.ville-rodez.fr/quotidien/enfance-jeunesse/petite-enfance/relais-petite-enfance/">Relais petite enfance Mill’couleurs</a><br/><a href="https://caf.fr/allocataires/caf-de-l-aveyron">Centre social de Rodez - CAF de l’Aveyron</a><br/><a href="https://paniers.loco-motives.fr/">Les Loco Motivés</a><br/><a href="https://www.ville-rodez.fr/quotidien/solidarite/maisons-de-quartier/">Maisons de quartier de Gourgan et Saint-Éloi</a></p><p data-block-key="el6u"><b>Et ses réseaux :</b></p><p data-block-key="bcrjj"><a href="https://frmjc-occitanie.net/">Fédération régionale des MJC Occitanie</a><br/><a href="https://rtados.qc.ca/">Rencontre Théâtre Ados</a><br/><a href="https://www.facebook.com/p/R%C3%A9seau-DynamO-100068023193501/">Réseau dynamO</a><br/><a href="https://www.pjp-occitanie.fr/">Plateforme jeune public Occitanie</a><br/><a href="https://www.reseau-pyramid.org/">Réseau Pyramid</a><br/><a href="https://www.lechainon.fr/">Réseau Chainon</a><br/><a href="https://www.reseauenscene.fr/">Occitanie en scène</a><br/><a href="https://redlab.fr/">RedLab - Réseau des FabLabs d'Occitanie</a><br/><a href="https://rfflabs.fr/">RFF - Réseau français des FabLabs</a></p>	Avec sommes nous en lien ?	8
60			Blablabla sous-titre	15
64				19
65				20
\.


--
-- Data for Name: common_flashmessage; Type: TABLE DATA; Schema: public; Owner: u39js7kqi209ni
--

COPY public.common_flashmessage (id, message, show) FROM stdin;
1	<p data-block-key="tifc1">Site en construction - Il ouvre bientôt!</p>	t
\.


--
-- Data for Name: common_footersettings; Type: TABLE DATA; Schema: public; Owner: u39js7kqi209ni
--

COPY public.common_footersettings (id, school_schedule, vacation_schedule, extra, carnon_extra, carnon_school_schedule, carnon_vacation_schedule) FROM stdin;
1	<p data-block-key="k5tax"> ACCUEIL</p><p data-block-key="bnnce"><b>Lundi, mardi </b>16h30 - 18h30</p><p data-block-key="acj0l"><b>Mercredi </b>9h15 - 11h30 | 13h30 - 18h30</p><p data-block-key="3pke8"><b>Jeudi, vendredi </b>9h15 - 11h30 | 16h30 - 18h30</p><p data-block-key="csqcl"><b>Samedi </b>9h15 - 12h</p>	<p data-block-key="c06oe">ACCUEIL<b><br/>Lundi </b>16h30 - 19h</p><p data-block-key="fqbee"><b>Du mardi au vendredi </b>9h15 - 12h | 14h15 - 18h30</p>	Horaires ouverture MJC : Du lundi au vendredi : 9h15-21h45 Samedi : 9h15 12h		<p data-block-key="qn72c">Accueil et Inscription</p><p data-block-key="1n5bh"><b>Lundi, mercredi, jeudi, venredi </b>14h - 18h</p>	
\.


--
-- Data for Name: common_themesettings; Type: TABLE DATA; Schema: public; Owner: u39js7kqi209ni
--

COPY public.common_themesettings (id, color_primary, color_secondary, color_background, color_dark_text, color_light_text, color_link_hover, color_section_bg) FROM stdin;
1	#20223B	#297A62	#F0F4F8	#20223B	#EDF2F7	#63B3ED	#D7E8EF
\.


--
-- Data for Name: django_admin_log; Type: TABLE DATA; Schema: public; Owner: u39js7kqi209ni
--

COPY public.django_admin_log (id, action_time, object_id, object_repr, action_flag, change_message, content_type_id, user_id) FROM stdin;
\.


--
-- Data for Name: django_content_type; Type: TABLE DATA; Schema: public; Owner: u39js7kqi209ni
--

COPY public.django_content_type (id, app_label, model) FROM stdin;
1	wagtailcore	page
2	wagtailimages	image
3	wagtailadmin	admin
4	wagtailcore	groupapprovaltask
5	wagtailcore	locale
6	wagtailcore	site
7	wagtailcore	modellogentry
8	wagtailcore	collectionviewrestriction
9	wagtailcore	collection
10	wagtailcore	groupcollectionpermission
11	wagtailcore	uploadedfile
12	wagtailcore	referenceindex
13	wagtailcore	revision
14	wagtailcore	grouppagepermission
15	wagtailcore	pageviewrestriction
16	wagtailcore	workflowpage
17	wagtailcore	workflowcontenttype
18	wagtailcore	workflowtask
19	wagtailcore	task
20	wagtailcore	workflow
21	wagtailcore	workflowstate
22	wagtailcore	taskstate
23	wagtailcore	pagelogentry
24	wagtailcore	comment
25	wagtailcore	commentreply
26	wagtailcore	pagesubscription
27	wagtailcore	query
28	wagtailcore	querydailyhits
29	wagtailcore	searchpromotion
30	wagtaildocs	document
31	activites	activitylist
32	activites	animateur
33	activites	activitypage
34	activites	subactivity
35	agenda	agendaindexpage
36	agenda	eventpage
37	agenda	pasteventspage
38	association	associationindexpage
39	association	associationpage
40	common	baseindexpage
41	common	flashmessage
42	common	footersettings
43	common	detailpage
44	common	themesettings
45	home	pageacceuil
46	home	rotatingword
47	wagtailforms	formsubmission
48	wagtailredirects	redirect
49	wagtailembeds	embed
50	wagtailusers	userprofile
51	wagtailimages	rendition
52	wagtailsearch	indexentry
53	wagtailadmin	editingsession
54	taggit	tag
55	taggit	taggeditem
56	admin	logentry
57	auth	permission
58	auth	group
59	auth	user
60	contenttypes	contenttype
61	sessions	session
\.


--
-- Data for Name: django_migrations; Type: TABLE DATA; Schema: public; Owner: u39js7kqi209ni
--

COPY public.django_migrations (id, app, name, applied) FROM stdin;
1	contenttypes	0001_initial	2025-03-12 16:51:20.332488+01
2	auth	0001_initial	2025-03-12 16:51:20.42967+01
3	wagtailcore	0001_initial	2025-03-12 16:51:20.628038+01
4	wagtailcore	0002_initial_data	2025-03-12 16:51:20.629998+01
5	wagtailcore	0003_add_uniqueness_constraint_on_group_page_permission	2025-03-12 16:51:20.631551+01
6	wagtailcore	0004_page_locked	2025-03-12 16:51:20.63324+01
7	wagtailcore	0005_add_page_lock_permission_to_moderators	2025-03-12 16:51:20.634923+01
8	wagtailcore	0006_add_lock_page_permission	2025-03-12 16:51:20.636647+01
9	wagtailcore	0007_page_latest_revision_created_at	2025-03-12 16:51:20.638169+01
10	wagtailcore	0008_populate_latest_revision_created_at	2025-03-12 16:51:20.639738+01
11	wagtailcore	0009_remove_auto_now_add_from_pagerevision_created_at	2025-03-12 16:51:20.641514+01
12	wagtailcore	0010_change_page_owner_to_null_on_delete	2025-03-12 16:51:20.643028+01
13	wagtailcore	0011_page_first_published_at	2025-03-12 16:51:20.644582+01
14	wagtailcore	0012_extend_page_slug_field	2025-03-12 16:51:20.646157+01
15	wagtailcore	0013_update_golive_expire_help_text	2025-03-12 16:51:20.647784+01
16	wagtailcore	0014_add_verbose_name	2025-03-12 16:51:20.650117+01
17	wagtailcore	0015_add_more_verbose_names	2025-03-12 16:51:20.652174+01
18	wagtailcore	0016_change_page_url_path_to_text_field	2025-03-12 16:51:20.653911+01
19	wagtailcore	0017_change_edit_page_permission_description	2025-03-12 16:51:20.663576+01
20	wagtailcore	0018_pagerevision_submitted_for_moderation_index	2025-03-12 16:51:20.682827+01
21	wagtailcore	0019_verbose_names_cleanup	2025-03-12 16:51:20.718011+01
22	wagtailcore	0020_add_index_on_page_first_published_at	2025-03-12 16:51:20.734929+01
23	wagtailcore	0021_capitalizeverbose	2025-03-12 16:51:20.999842+01
24	wagtailcore	0022_add_site_name	2025-03-12 16:51:21.015988+01
25	wagtailcore	0023_alter_page_revision_on_delete_behaviour	2025-03-12 16:51:21.02646+01
26	wagtailcore	0024_collection	2025-03-12 16:51:21.046186+01
27	wagtailcore	0025_collection_initial_data	2025-03-12 16:51:21.059732+01
28	wagtailcore	0026_group_collection_permission	2025-03-12 16:51:21.099591+01
29	taggit	0001_initial	2025-03-12 16:51:21.146122+01
30	wagtailimages	0001_initial	2025-03-12 16:51:21.255354+01
31	wagtailimages	0002_initial_data	2025-03-12 16:51:21.257358+01
32	wagtailimages	0003_fix_focal_point_fields	2025-03-12 16:51:21.25897+01
33	wagtailimages	0004_make_focal_point_key_not_nullable	2025-03-12 16:51:21.260672+01
34	wagtailimages	0005_make_filter_spec_unique	2025-03-12 16:51:21.262115+01
35	wagtailimages	0006_add_verbose_names	2025-03-12 16:51:21.263684+01
36	wagtailimages	0007_image_file_size	2025-03-12 16:51:21.265277+01
37	wagtailimages	0008_image_created_at_index	2025-03-12 16:51:21.266931+01
38	wagtailimages	0009_capitalizeverbose	2025-03-12 16:51:21.26845+01
39	wagtailimages	0010_change_on_delete_behaviour	2025-03-12 16:51:21.26992+01
40	wagtailimages	0011_image_collection	2025-03-12 16:51:21.271374+01
41	wagtailimages	0012_copy_image_permissions_to_collections	2025-03-12 16:51:21.272864+01
42	wagtailimages	0013_make_rendition_upload_callable	2025-03-12 16:51:21.274482+01
43	wagtailimages	0014_add_filter_spec_field	2025-03-12 16:51:21.276145+01
44	wagtailimages	0015_fill_filter_spec_field	2025-03-12 16:51:21.277612+01
45	wagtailimages	0016_deprecate_rendition_filter_relation	2025-03-12 16:51:21.279043+01
46	wagtailimages	0017_reduce_focal_point_key_max_length	2025-03-12 16:51:21.280673+01
47	wagtailimages	0018_remove_rendition_filter	2025-03-12 16:51:21.282233+01
48	wagtailimages	0019_delete_filter	2025-03-12 16:51:21.283892+01
49	wagtailimages	0020_add-verbose-name	2025-03-12 16:51:21.285574+01
50	wagtailimages	0021_image_file_hash	2025-03-12 16:51:21.28715+01
51	wagtailimages	0022_uploadedimage	2025-03-12 16:51:21.311533+01
52	wagtailadmin	0001_create_admin_access_permissions	2025-03-12 16:51:21.333421+01
53	wagtailimages	0023_add_choose_permissions	2025-03-12 16:51:21.381104+01
54	wagtailimages	0024_index_image_file_hash	2025-03-12 16:51:21.40024+01
55	wagtailimages	0025_alter_image_file_alter_rendition_file	2025-03-12 16:51:21.416157+01
56	wagtailimages	0026_delete_uploadedimage	2025-03-12 16:51:21.42079+01
57	wagtailimages	0027_image_description	2025-03-12 16:51:21.438271+01
58	wagtailcore	0027_fix_collection_path_collation	2025-03-12 16:51:21.46086+01
59	wagtailcore	0024_alter_page_content_type_on_delete_behaviour	2025-03-12 16:51:21.474745+01
60	wagtailcore	0028_merge	2025-03-12 16:51:21.479513+01
61	wagtailcore	0029_unicode_slugfield_dj19	2025-03-12 16:51:21.490541+01
62	wagtailcore	0030_index_on_pagerevision_created_at	2025-03-12 16:51:21.507022+01
63	wagtailcore	0031_add_page_view_restriction_types	2025-03-12 16:51:21.560537+01
64	wagtailcore	0032_add_bulk_delete_page_permission	2025-03-12 16:51:21.571628+01
65	wagtailcore	0033_remove_golive_expiry_help_text	2025-03-12 16:51:21.592878+01
66	wagtailcore	0034_page_live_revision	2025-03-12 16:51:21.618988+01
67	wagtailcore	0035_page_last_published_at	2025-03-12 16:51:21.63202+01
68	wagtailcore	0036_populate_page_last_published_at	2025-03-12 16:51:21.649666+01
69	wagtailcore	0037_set_page_owner_editable	2025-03-12 16:51:21.664316+01
70	wagtailcore	0038_make_first_published_at_editable	2025-03-12 16:51:21.677391+01
71	wagtailcore	0039_collectionviewrestriction	2025-03-12 16:51:21.732557+01
72	wagtailcore	0040_page_draft_title	2025-03-12 16:51:21.758263+01
73	wagtailcore	0041_group_collection_permissions_verbose_name_plural	2025-03-12 16:51:21.771425+01
74	wagtailcore	0042_index_on_pagerevision_approved_go_live_at	2025-03-12 16:51:21.788074+01
75	wagtailcore	0043_lock_fields	2025-03-12 16:51:21.888937+01
76	wagtailcore	0044_add_unlock_grouppagepermission	2025-03-12 16:51:21.899075+01
77	wagtailcore	0045_assign_unlock_grouppagepermission	2025-03-12 16:51:21.915979+01
78	wagtailcore	0046_site_name_remove_null	2025-03-12 16:51:21.929972+01
79	contenttypes	0002_remove_content_type_name	2025-03-12 16:51:21.952805+01
80	auth	0002_alter_permission_name_max_length	2025-03-12 16:51:21.967991+01
81	auth	0003_alter_user_email_max_length	2025-03-12 16:51:21.981507+01
82	auth	0004_alter_user_username_opts	2025-03-12 16:51:21.993121+01
83	auth	0005_alter_user_last_login_null	2025-03-12 16:51:22.007011+01
84	auth	0006_require_contenttypes_0002	2025-03-12 16:51:22.009745+01
85	auth	0007_alter_validators_add_error_messages	2025-03-12 16:51:22.022348+01
86	auth	0008_alter_user_username_max_length	2025-03-12 16:51:22.041552+01
87	auth	0009_alter_user_last_name_max_length	2025-03-12 16:51:22.054402+01
88	auth	0010_alter_group_name_max_length	2025-03-12 16:51:22.071024+01
89	auth	0011_update_proxy_permissions	2025-03-12 16:51:22.084342+01
90	wagtailcore	0047_add_workflow_models	2025-03-12 16:51:22.315949+01
91	wagtailcore	0048_add_default_workflows	2025-03-12 16:51:22.35338+01
92	wagtailcore	0049_taskstate_finished_by	2025-03-12 16:51:22.381799+01
93	wagtailcore	0050_workflow_rejected_to_needs_changes	2025-03-12 16:51:22.427298+01
94	wagtailcore	0051_taskstate_comment	2025-03-12 16:51:22.446808+01
95	wagtailcore	0052_pagelogentry	2025-03-12 16:51:22.552329+01
96	wagtailcore	0053_locale_model	2025-03-12 16:51:22.5673+01
97	wagtailcore	0054_initial_locale	2025-03-12 16:51:22.588436+01
98	wagtailcore	0055_page_locale_fields	2025-03-12 16:51:22.725639+01
99	wagtailcore	0056_page_locale_fields_populate	2025-03-12 16:51:22.753463+01
100	wagtailcore	0057_page_locale_fields_notnull	2025-03-12 16:51:22.798121+01
101	wagtailcore	0058_page_alias_of	2025-03-12 16:51:22.82546+01
102	wagtailcore	0059_apply_collection_ordering	2025-03-12 16:51:22.849913+01
103	wagtailcore	0060_fix_workflow_unique_constraint	2025-03-12 16:51:22.882204+01
104	wagtailcore	0061_change_promote_tab_helpt_text_and_verbose_names	2025-03-12 16:51:22.912829+01
105	wagtailcore	0062_comment_models_and_pagesubscription	2025-03-12 16:51:23.032208+01
106	wagtailcore	0063_modellogentry	2025-03-12 16:51:23.092851+01
107	wagtailcore	0064_log_timestamp_indexes	2025-03-12 16:51:23.137942+01
108	wagtailcore	0065_log_entry_uuid	2025-03-12 16:51:23.173258+01
109	wagtailcore	0066_collection_management_permissions	2025-03-12 16:51:23.200647+01
110	wagtailcore	0067_alter_pagerevision_content_json	2025-03-12 16:51:23.262881+01
111	wagtailcore	0068_log_entry_empty_object	2025-03-12 16:51:23.287297+01
112	wagtailcore	0069_log_entry_jsonfield	2025-03-12 16:51:23.413123+01
113	wagtailcore	0070_rename_pagerevision_revision	2025-03-12 16:51:23.760176+01
114	wagtailcore	0071_populate_revision_content_type	2025-03-12 16:51:23.785497+01
115	wagtailcore	0072_alter_revision_content_type_notnull	2025-03-12 16:51:23.840685+01
116	wagtailcore	0073_page_latest_revision	2025-03-12 16:51:23.870538+01
117	wagtailcore	0074_revision_object_str	2025-03-12 16:51:23.888377+01
118	wagtailcore	0075_populate_latest_revision_and_revision_object_str	2025-03-12 16:51:23.934238+01
119	wagtailcore	0076_modellogentry_revision	2025-03-12 16:51:23.961035+01
120	wagtailcore	0077_alter_revision_user	2025-03-12 16:51:23.988158+01
121	wagtailcore	0078_referenceindex	2025-03-12 16:51:24.036958+01
122	wagtailcore	0079_rename_taskstate_page_revision	2025-03-12 16:51:24.065169+01
123	wagtailcore	0080_generic_workflowstate	2025-03-12 16:51:24.338696+01
124	wagtailcore	0081_populate_workflowstate_content_type	2025-03-12 16:51:24.36393+01
125	wagtailcore	0082_alter_workflowstate_content_type_notnull	2025-03-12 16:51:24.423287+01
126	wagtailcore	0083_workflowcontenttype	2025-03-12 16:51:24.461255+01
127	wagtailcore	0084_add_default_page_permissions	2025-03-12 16:51:24.486822+01
128	wagtailcore	0085_add_grouppagepermission_permission	2025-03-12 16:51:24.53324+01
129	wagtailcore	0086_populate_grouppagepermission_permission	2025-03-12 16:51:24.59257+01
130	wagtailcore	0087_alter_grouppagepermission_unique_together_and_more	2025-03-12 16:51:24.669482+01
131	wagtailcore	0088_fix_log_entry_json_timestamps	2025-03-12 16:51:24.734724+01
132	wagtailcore	0089_log_entry_data_json_null_to_object	2025-03-12 16:51:24.759207+01
133	auth	0012_alter_user_first_name_max_length	2025-03-12 16:51:24.782027+01
134	wagtailcore	0090_remove_grouppagepermission_permission_type	2025-03-12 16:51:24.94964+01
135	wagtailcore	0091_remove_revision_submitted_for_moderation	2025-03-12 16:51:24.970383+01
136	wagtailcore	0092_alter_collectionviewrestriction_password_and_more	2025-03-12 16:51:25.019231+01
137	wagtailcore	0093_uploadedfile	2025-03-12 16:51:25.064152+01
138	wagtailcore	0094_alter_page_locale	2025-03-12 16:51:25.091449+01
139	common	0001_initial	2025-03-12 16:51:25.179354+01
140	activites	0001_initial	2025-03-12 16:51:25.217893+01
141	activites	0002_initial	2025-03-12 16:51:25.324327+01
142	admin	0001_initial	2025-03-12 16:51:25.372303+01
143	admin	0002_logentry_remove_auto_add	2025-03-12 16:51:25.394347+01
144	admin	0003_logentry_add_action_flag_choices	2025-03-12 16:51:25.416452+01
145	agenda	0001_initial	2025-03-12 16:51:25.457682+01
146	agenda	0002_initial	2025-03-12 16:51:25.540296+01
147	association	0001_initial	2025-03-12 16:51:25.728272+01
148	common	0002_footersettings_carnon_extra_and_more	2025-03-12 16:51:25.744189+01
149	common	0003_rename_carnon_school_hours_content_footersettings_carnon_school_schedule_and_more	2025-03-12 16:51:25.754888+01
150	common	0004_themesettings	2025-03-12 16:51:25.76237+01
151	common	0005_alter_themesettings_options_and_more	2025-03-12 16:51:25.769825+01
152	common	0006_alter_themesettings_color_background_and_more	2025-03-12 16:51:25.782247+01
153	common	0007_alter_themesettings_color_primary	2025-03-12 16:51:25.786508+01
154	common	0008_alter_themesettings_color_background_and_more	2025-03-12 16:51:25.804559+01
155	common	0009_alter_themesettings_color_primary	2025-03-12 16:51:25.811119+01
156	common	0010_alter_themesettings_color_primary	2025-03-12 16:51:25.818744+01
157	common	0011_alter_flashmessage_message	2025-03-12 16:51:25.823396+01
158	home	0001_initial	2025-03-12 16:51:25.913342+01
159	home	0002_remove_pageacceuil_flash_message_and_more	2025-03-12 16:51:25.946612+01
160	sessions	0001_initial	2025-03-12 16:51:25.966912+01
161	taggit	0002_auto_20150616_2121	2025-03-12 16:51:25.991945+01
162	taggit	0003_taggeditem_add_unique_index	2025-03-12 16:51:26.013114+01
163	taggit	0004_alter_taggeditem_content_type_alter_taggeditem_tag	2025-03-12 16:51:26.077842+01
164	taggit	0005_auto_20220424_2025	2025-03-12 16:51:26.110474+01
165	taggit	0006_rename_taggeditem_content_type_object_id_taggit_tagg_content_8fc721_idx	2025-03-12 16:51:26.146213+01
166	wagtailadmin	0002_admin	2025-03-12 16:51:26.151692+01
167	wagtailadmin	0003_admin_managed	2025-03-12 16:51:26.16045+01
168	wagtailadmin	0004_editingsession	2025-03-12 16:51:26.212638+01
169	wagtailadmin	0005_editingsession_is_editing	2025-03-12 16:51:26.235753+01
170	wagtailcore	0095_query_searchpromotion_querydailyhits	2025-03-12 16:51:26.351281+01
171	wagtaildocs	0001_initial	2025-03-12 16:51:26.407748+01
172	wagtaildocs	0002_initial_data	2025-03-12 16:51:26.556018+01
173	wagtaildocs	0003_add_verbose_names	2025-03-12 16:51:26.620368+01
174	wagtaildocs	0004_capitalizeverbose	2025-03-12 16:51:26.744015+01
175	wagtaildocs	0005_document_collection	2025-03-12 16:51:26.789149+01
176	wagtaildocs	0006_copy_document_permissions_to_collections	2025-03-12 16:51:26.834426+01
177	wagtaildocs	0005_alter_uploaded_by_user_on_delete_action	2025-03-12 16:51:26.873849+01
178	wagtaildocs	0007_merge	2025-03-12 16:51:26.878389+01
179	wagtaildocs	0008_document_file_size	2025-03-12 16:51:26.903524+01
180	wagtaildocs	0009_document_verbose_name_plural	2025-03-12 16:51:26.925519+01
181	wagtaildocs	0010_document_file_hash	2025-03-12 16:51:26.946996+01
182	wagtaildocs	0011_add_choose_permissions	2025-03-12 16:51:27.133833+01
183	wagtaildocs	0012_uploadeddocument	2025-03-12 16:51:27.182416+01
184	wagtaildocs	0013_delete_uploadeddocument	2025-03-12 16:51:27.186209+01
185	wagtaildocs	0014_alter_document_file_size	2025-03-12 16:51:27.215758+01
186	wagtailembeds	0001_initial	2025-03-12 16:51:27.241025+01
187	wagtailembeds	0002_add_verbose_names	2025-03-12 16:51:27.245749+01
188	wagtailembeds	0003_capitalizeverbose	2025-03-12 16:51:27.250587+01
189	wagtailembeds	0004_embed_verbose_name_plural	2025-03-12 16:51:27.255276+01
190	wagtailembeds	0005_specify_thumbnail_url_max_length	2025-03-12 16:51:27.260417+01
191	wagtailembeds	0006_add_embed_hash	2025-03-12 16:51:27.265908+01
192	wagtailembeds	0007_populate_hash	2025-03-12 16:51:27.305075+01
193	wagtailembeds	0008_allow_long_urls	2025-03-12 16:51:27.339429+01
194	wagtailembeds	0009_embed_cache_until	2025-03-12 16:51:27.350605+01
195	wagtailforms	0001_initial	2025-03-12 16:51:27.403437+01
196	wagtailforms	0002_add_verbose_names	2025-03-12 16:51:27.439942+01
197	wagtailforms	0003_capitalizeverbose	2025-03-12 16:51:27.475091+01
198	wagtailforms	0004_add_verbose_name_plural	2025-03-12 16:51:27.49501+01
199	wagtailforms	0005_alter_formsubmission_form_data	2025-03-12 16:51:27.524369+01
200	wagtailredirects	0001_initial	2025-03-12 16:51:27.58546+01
201	wagtailredirects	0002_add_verbose_names	2025-03-12 16:51:27.637225+01
202	wagtailredirects	0003_make_site_field_editable	2025-03-12 16:51:27.679788+01
203	wagtailredirects	0004_set_unique_on_path_and_site	2025-03-12 16:51:27.731916+01
204	wagtailredirects	0005_capitalizeverbose	2025-03-12 16:51:27.952931+01
205	wagtailredirects	0006_redirect_increase_max_length	2025-03-12 16:51:27.979211+01
206	wagtailredirects	0007_add_autocreate_fields	2025-03-12 16:51:28.031857+01
207	wagtailredirects	0008_add_verbose_name_plural	2025-03-12 16:51:28.050774+01
208	wagtailsearch	0001_initial	2025-03-12 16:51:28.177328+01
209	wagtailsearch	0002_add_verbose_names	2025-03-12 16:51:28.248635+01
210	wagtailsearch	0003_remove_editors_pick	2025-03-12 16:51:28.251925+01
211	wagtailsearch	0004_querydailyhits_verbose_name_plural	2025-03-12 16:51:28.256641+01
212	wagtailsearch	0005_create_indexentry	2025-03-12 16:51:28.324336+01
213	wagtailsearch	0006_customise_indexentry	2025-03-12 16:51:28.407272+01
214	wagtailsearch	0007_delete_editorspick	2025-03-12 16:51:28.414738+01
215	wagtailsearch	0008_remove_query_and_querydailyhits_models	2025-03-12 16:51:28.434737+01
216	wagtailusers	0001_initial	2025-03-12 16:51:28.487954+01
217	wagtailusers	0002_add_verbose_name_on_userprofile	2025-03-12 16:51:28.628399+01
218	wagtailusers	0003_add_verbose_names	2025-03-12 16:51:28.650374+01
219	wagtailusers	0004_capitalizeverbose	2025-03-12 16:51:28.716895+01
220	wagtailusers	0005_make_related_name_wagtail_specific	2025-03-12 16:51:28.760953+01
221	wagtailusers	0006_userprofile_prefered_language	2025-03-12 16:51:28.784497+01
222	wagtailusers	0007_userprofile_current_time_zone	2025-03-12 16:51:28.807361+01
223	wagtailusers	0008_userprofile_avatar	2025-03-12 16:51:28.827579+01
224	wagtailusers	0009_userprofile_verbose_name_plural	2025-03-12 16:51:28.846687+01
225	wagtailusers	0010_userprofile_updated_comments_notifications	2025-03-12 16:51:28.865535+01
226	wagtailusers	0011_userprofile_dismissibles	2025-03-12 16:51:28.88771+01
227	wagtailusers	0012_userprofile_theme	2025-03-12 16:51:28.911895+01
228	wagtailusers	0013_userprofile_density	2025-03-12 16:51:28.932834+01
229	wagtailusers	0014_userprofile_contrast	2025-03-12 16:51:28.958627+01
230	wagtailimages	0001_squashed_0021	2025-03-12 16:51:28.968225+01
231	wagtailcore	0001_squashed_0016_change_page_url_path_to_text_field	2025-03-12 16:51:28.971456+01
232	common	0012_baseindexpage_image_alter_detailpage_image	2025-03-13 12:34:58.424377+01
233	common	0013_alter_baseindexpage_options	2025-03-13 12:36:57.885998+01
\.


--
-- Data for Name: django_session; Type: TABLE DATA; Schema: public; Owner: u39js7kqi209ni
--

COPY public.django_session (session_key, session_data, expire_date) FROM stdin;
08sloo9488sj09apkf7nbi7azu0wcfje	.eJzlV2tv6jwS_i9I8IUDyv1yJD6ES4BSKC2BFq2OkJM4xJDEaewE6Kv3v6-TUCiFatVdrbTVogjCzPjxeG6e-auyAin1VymByQq5ld8VvvLrI80GzhZGOcPdgGiNmw6OaILsZi7SPHJJc4xdGLSPshcAPiA-W616uqBAKGm8JtueBxTN43RNBgIn2K7OK1CVdUF2gAolyZN5W1YYwdWh7nAyrwhSDkogIQhHK7iPUXKo_OYFTlc47ldlB9YUoKARJzBDcNdQ5Mrvf1QcHIYwoqsIU-QhB1C2lrRwVHNI4oXIdQO4AwmkmCndwgPOmlhpvHCm3aeF2eWeg4HnxodlZ8Brrzx-W9ztwfZtP3uavvjkPuTsdUpn5jKmo5GzoNNaBPe0VaOIBrBl7GH9DqYRJLXcXEyJVlVtVwXBDrCzJeylKhpVuV0St_BwpDABgkI5_yd02DdlmCeWk3_OrEMMT6w0IvQQQPfEdWFM_ZLNlRQUBSiCs1zsifkRflBC7pYiTE1ED19xXUDBkcq0Vrv5wxhXJ5B44fX2Aeq3lQcUh8j5b6he6IY9j0B6ARjAaP2-B1-STifg8nN998y2ntLt7UP_bznscuUYxGcBQeA-_rlQdzg2-r2TrmFKgY0CBvBBYDy3jPb9Wehyd3Yc9yRcblRIkcT5YCkzhC5iq0wUguJIJkukMo-aO-RSv6FxXHMTr0_rQXC29En2xPVwEoKzgJcGQQGTU0p7FE-NpHaZt3mG1YrNWwJXI0G6boE9bGzKVCYQr0o59goSx1-5kDgJivPC0irYLCh2OHFJq3YsPqRhPVjG_cp8eBrPWtyZPJwMreEtxng4WU3m4xsM4-UDo7bGqwBlcAVY1SkKYvFa-cWrEq_LksyJTUkQRVUQ_1wXSFn_doHc3WXYERdvhudMcWQYj0huD_HiKRvxS2An2uAFCm8pN9jPHf1h3t887jn8LNr-c1sawL71dlEgeyQGDqy7sL5AsD7DDgIBrFc7YtXg6h2QREyJ0g-8VPoBFisaLmywAzRIuaJRrmg45Yof5SBNEpu8zPOKdMM_0rfds3gReaTs4i23eFRGa9I39I41mijRYTFc7p-eFXtsmvv23jcXYOeHdn8qxWos7h7iZSIIm-jCPfdVQTVIYeR806MrvnuXebab0a-qYmeDUoRR6sVVuRfjFP2YQnmsGXlQBuCDkX5U9Cmy0hQ0UVMV4Ub4id8Ov71hPkah5fbndxYnRgQuuqKPJxbZj_pRPAyHDzgdTZZB9-3OfTWoDcHhMRPFjYUncTIHk8v2yXFSiIIaYp3mu03bCEYZjNJTlQhAfXzXqfmQiZTxKdUy5DIrp0nQ8imNSRFCJnt2u13zgFOa2pD1ryGjwNDOg8oUXrio0ek0knutKpoEVcWunMSC_dxuj19elttuV2HmowlYvQd_xG6RWoIps0e0XhXuvHCi9Jl56cor9meHfmZfuJXnuCsJrpH_tlgtZSbppAFNE3gtg9wWf03t9u57Vq_1mcG_Q5L6LMYJJfUODgLosEAg17IMWrimfgEtnKG7gMXJFZ6Q44nX1C_wxDNeHhianhXxoUWwSItrcYZ-5QPxhF7e-cf4-1EZrYl8U5UVXeKUWxe-8u2UnnY3Y2nN6_agj-XDXbtnKCk_XvgPD8RLcOeRexJek4Hia2F_mMnTbW_K-15iDzwzW2aW5F-k9AwmGXKYk8owzTP3eKkUFidHdn6_B6ARbpyfZnytKSmKwqvaDeMr37_Oh1TyNF3TlcW6N3l0k-dNZzTgtLYhx-o8Mw1rMLEyw_VFY710ow14Puz3CxPz_DN5XHIqfzWOMrvHDD2igDXuRYro373PfVEJ9J8w5dwa0fjNNkr_3-ZSJ9RV7yd47N-cS3vjdq_7n82lRSNgfQQtmoiTPGsmzgnwL5qKHaCOz9qIjHURngw7o870rafOT1hxgnPwZALC83ZLnFoM4jzSptTHlyKsWtbHIF2zhrlRDkdn7_lpaEes2HyhJGoeKArXRwUz1mWbF5qZ_qsLPcC6hou5uqgbJ0irZ8x6T3WzN7OGd735hE0Hs-Nt22V19WFSFzhBrH41Vb9Pcvp5omZl_qoa_ayCr_Gsf1ZUVRL-_P1PuIum9Q:1tt42T:QOYmtCHR_KXZoEKEZ0CMkI-PjkuLzyoD-gRXX5nbeSU	2025-03-28 13:21:21.287405+01
\.


--
-- Data for Name: home_pageacceuil; Type: TABLE DATA; Schema: public; Owner: u39js7kqi209ni
--

COPY public.home_pageacceuil (page_ptr_id, seo_keywords, intro_title, video_url, hero_image_id, extra_content) FROM stdin;
3		Bienvenue à la MJC	https://www.youtube.com/embed/2X0n-CC-rL8?si=5rp2bWBBMXXYkDD6	4	
\.


--
-- Data for Name: home_rotatingword; Type: TABLE DATA; Schema: public; Owner: u39js7kqi209ni
--

COPY public.home_rotatingword (id, word, page_id) FROM stdin;
1	de la Culture	3
2	des Sports Collectifs	3
3	des Danses	3
4	des Évènements	3
\.


--
-- Data for Name: taggit_tag; Type: TABLE DATA; Schema: public; Owner: u39js7kqi209ni
--

COPY public.taggit_tag (id, name, slug) FROM stdin;
\.


--
-- Data for Name: taggit_taggeditem; Type: TABLE DATA; Schema: public; Owner: u39js7kqi209ni
--

COPY public.taggit_taggeditem (id, object_id, content_type_id, tag_id) FROM stdin;
\.


--
-- Data for Name: wagtailadmin_admin; Type: TABLE DATA; Schema: public; Owner: u39js7kqi209ni
--

COPY public.wagtailadmin_admin (id) FROM stdin;
\.


--
-- Data for Name: wagtailadmin_editingsession; Type: TABLE DATA; Schema: public; Owner: u39js7kqi209ni
--

COPY public.wagtailadmin_editingsession (id, object_id, last_seen_at, content_type_id, user_id, is_editing) FROM stdin;
\.


--
-- Data for Name: wagtailcore_collection; Type: TABLE DATA; Schema: public; Owner: u39js7kqi209ni
--

COPY public.wagtailcore_collection (id, path, depth, numchild, name) FROM stdin;
1	0001	1	0	Root
\.


--
-- Data for Name: wagtailcore_collectionviewrestriction; Type: TABLE DATA; Schema: public; Owner: u39js7kqi209ni
--

COPY public.wagtailcore_collectionviewrestriction (id, restriction_type, password, collection_id) FROM stdin;
\.


--
-- Data for Name: wagtailcore_collectionviewrestriction_groups; Type: TABLE DATA; Schema: public; Owner: u39js7kqi209ni
--

COPY public.wagtailcore_collectionviewrestriction_groups (id, collectionviewrestriction_id, group_id) FROM stdin;
\.


--
-- Data for Name: wagtailcore_comment; Type: TABLE DATA; Schema: public; Owner: u39js7kqi209ni
--

COPY public.wagtailcore_comment (id, text, contentpath, "position", created_at, updated_at, resolved_at, page_id, resolved_by_id, revision_created_id, user_id) FROM stdin;
\.


--
-- Data for Name: wagtailcore_commentreply; Type: TABLE DATA; Schema: public; Owner: u39js7kqi209ni
--

COPY public.wagtailcore_commentreply (id, text, created_at, updated_at, comment_id, user_id) FROM stdin;
\.


--
-- Data for Name: wagtailcore_groupapprovaltask; Type: TABLE DATA; Schema: public; Owner: u39js7kqi209ni
--

COPY public.wagtailcore_groupapprovaltask (task_ptr_id) FROM stdin;
1
\.


--
-- Data for Name: wagtailcore_groupapprovaltask_groups; Type: TABLE DATA; Schema: public; Owner: u39js7kqi209ni
--

COPY public.wagtailcore_groupapprovaltask_groups (id, groupapprovaltask_id, group_id) FROM stdin;
1	1	1
\.


--
-- Data for Name: wagtailcore_groupcollectionpermission; Type: TABLE DATA; Schema: public; Owner: u39js7kqi209ni
--

COPY public.wagtailcore_groupcollectionpermission (id, collection_id, group_id, permission_id) FROM stdin;
1	1	1	1
2	1	2	1
3	1	1	2
4	1	2	2
5	1	1	5
6	1	2	5
7	1	1	118
8	1	2	118
9	1	1	119
10	1	2	119
11	1	1	121
12	1	2	121
\.


--
-- Data for Name: wagtailcore_grouppagepermission; Type: TABLE DATA; Schema: public; Owner: u39js7kqi209ni
--

COPY public.wagtailcore_grouppagepermission (id, group_id, page_id, permission_id) FROM stdin;
1	1	1	38
2	1	1	39
3	1	1	44
4	2	1	38
5	2	1	39
6	1	1	43
7	1	1	45
\.


--
-- Data for Name: wagtailcore_locale; Type: TABLE DATA; Schema: public; Owner: u39js7kqi209ni
--

COPY public.wagtailcore_locale (id, language_code) FROM stdin;
1	fr
\.


--
-- Data for Name: wagtailcore_modellogentry; Type: TABLE DATA; Schema: public; Owner: u39js7kqi209ni
--

COPY public.wagtailcore_modellogentry (id, label, action, data, "timestamp", content_changed, deleted, object_id, content_type_id, user_id, uuid, revision_id) FROM stdin;
1	MJC Mauguio-Carnon [défaut]	wagtail.create	{}	2025-03-12 16:59:11.302251+01	t	f	2	6	1	ba4ddce9-84f7-45ef-871c-fccd4d841b37	\N
2	fond_mjc	wagtail.edit	{}	2025-03-12 17:33:30.507067+01	t	f	12	2	1	b1de8a53-f721-43bb-8311-c0832a1b2995	\N
3	projet-associatif-538x538	wagtail.edit	{}	2025-03-12 17:33:47.921168+01	t	f	11	2	1	03e4356c-3ab0-40df-be02-4d15760436f4	\N
4	adherer-538x538	wagtail.edit	{}	2025-03-12 17:34:01.307677+01	t	f	10	2	1	8c9f3042-292e-4a81-a9dd-d02a5f45f558	\N
5	vie-associative-538x538	wagtail.edit	{}	2025-03-12 17:34:16.455025+01	t	f	9	2	1	43385367-fba2-4cc1-99ff-1715dc93672c	\N
6	partenaires-538x538	wagtail.edit	{}	2025-03-12 17:34:23.049765+01	t	f	8	2	1	7958f0f5-5c10-44c1-a086-d00e7e357370	\N
7	ca2025-538x538	wagtail.edit	{}	2025-03-12 17:34:29.181043+01	t	f	7	2	1	67919fd0-9751-426b-b1d4-6bbfc51c5cda	\N
8	gd-mjcpo24-25-cop-003-min-538x538	wagtail.edit	{}	2025-03-12 17:34:35.956162+01	t	f	6	2	1	ca6af07b-97df-4bce-81f7-c12ea55664de	\N
9	locaux1	wagtail.edit	{}	2025-03-12 17:34:49.897759+01	t	f	5	2	1	9f2dd47e-5a86-4a01-b778-9640294821d5	\N
10	locaux2	wagtail.edit	{}	2025-03-12 17:34:56.63589+01	t	f	4	2	1	b64901e6-db4f-4a12-a0d2-509fab819985	\N
11	festidrone	wagtail.edit	{}	2025-03-12 17:35:06.473492+01	t	f	3	2	1	eed35a7a-5900-4904-9fc0-cfee2955a593	\N
12	yoga	wagtail.edit	{}	2025-03-12 17:35:22.575388+01	t	f	2	2	1	4a88833a-9a00-4f18-8acf-1daa33402725	\N
13	poterie	wagtail.edit	{}	2025-03-12 17:35:35.923584+01	t	f	1	2	1	679c8eed-dfd8-45b2-983c-5d15e71f9d8a	\N
14	Informations du Pied de page	wagtail.edit	{}	2025-03-12 17:50:40.310531+01	t	f	1	42	1	505e5e74-53c8-4188-a2ae-3988153e7382	\N
15	Marion DELERIA	wagtail.create	{}	2025-03-12 17:52:36.416198+01	t	f	1	32	1	65ffdef4-a301-498d-81a4-1052a5aea203	\N
16	Lydie COSTE	wagtail.create	{}	2025-03-12 17:52:39.391171+01	t	f	2	32	1	d22cf0fa-625c-40e9-8e52-ae66e5423a3d	\N
17	<p data-block-key="tifc1">Site en construction - Il ouvre bientôt!</p>	wagtail.edit	{}	2025-03-13 10:51:10.214019+01	t	f	1	41	1	078eb24d-7fe9-488d-a892-336357f92a31	\N
18	<p data-block-key="tifc1">Site en construction - Il ouvre bientôt!</p>	wagtail.edit	{}	2025-03-13 10:51:16.439862+01	t	f	1	41	1	d9c57a3f-df39-461e-ba96-0641fcf75931	\N
19	<p data-block-key="tifc1">Site en construction - Il ouvre bientôt!</p>	wagtail.edit	{}	2025-03-13 10:51:22.051148+01	t	f	1	41	1	4bf55f10-aa97-4c7b-b6c9-86c9283ae4d0	\N
20	Thème de couleurs	wagtail.edit	{}	2025-03-13 10:52:21.354509+01	t	f	1	44	1	3fbf92f1-c6aa-4ce2-bdde-1954bf7c8689	\N
21	Thème de couleurs	wagtail.edit	{}	2025-03-13 10:52:33.691107+01	t	f	1	44	1	cb59f67e-7783-4fc3-b24d-bbd691c7fb4a	\N
22	Thème de couleurs	wagtail.edit	{}	2025-03-13 10:52:54.90386+01	t	f	1	44	1	2a3f24cb-de5f-4f00-883c-7f35442aee07	\N
23	<p data-block-key="tifc1">Site en construction - Il ouvre bientôt!</p>	wagtail.edit	{}	2025-03-13 10:53:04.136341+01	t	f	1	41	1	3422ea5f-73e5-437b-9bef-4fda54488416	\N
24	<p data-block-key="tifc1">Site en construction - Il ouvre bientôt!</p>	wagtail.edit	{}	2025-03-13 11:18:52.068262+01	t	f	1	41	1	11746ac9-b838-466d-967a-33f19c61295a	\N
25	<p data-block-key="tifc1">Site en construction - Il ouvre bientôt!</p>	wagtail.edit	{}	2025-03-13 11:25:32.515901+01	t	f	1	41	1	302a5987-779b-4c3e-aef0-bbf73c6e8be3	\N
26	Théodore de Boisseson	wagtail.create	{}	2025-03-13 11:38:19.582918+01	t	f	3	32	1	86280bc2-8be0-4b06-afa1-22eb606a5a94	\N
27	<p data-block-key="tifc1">Site en construction - Il ouvre bientôt!</p>	wagtail.edit	{}	2025-03-13 12:05:41.513768+01	t	f	1	41	1	7d113d81-ee37-4745-92bb-ef4b3e220aa2	\N
28	<p data-block-key="tifc1">Site en construction - Il ouvre bientôt!</p>	wagtail.edit	{}	2025-03-14 11:01:39.679453+01	f	f	1	41	1	7adf3b22-01e5-4cff-a97d-23586f966e8f	\N
\.


--
-- Data for Name: wagtailcore_page; Type: TABLE DATA; Schema: public; Owner: u39js7kqi209ni
--

COPY public.wagtailcore_page (id, path, depth, numchild, title, slug, live, has_unpublished_changes, url_path, seo_title, show_in_menus, search_description, go_live_at, expire_at, expired, content_type_id, owner_id, locked, latest_revision_created_at, first_published_at, live_revision_id, last_published_at, draft_title, locked_at, locked_by_id, translation_key, locale_id, alias_of_id, latest_revision_id) FROM stdin;
1	0001	1	1	Root	root	t	f	/		f		\N	\N	f	1	\N	f	\N	\N	\N	\N	Root	\N	\N	a6f3f965-b5e6-4f01-8d7d-244074c6d849	1	\N	\N
3	00010001	2	4	Accueil	accueil	t	f	/accueil/		f		\N	\N	f	45	1	f	2025-03-13 12:16:07.898015+01	2025-03-12 16:59:59.025561+01	64	2025-03-13 12:16:07.958775+01	Accueil	\N	\N	bd02650d-a10d-4683-a91a-fb2a7fb90d81	1	\N	64
14	0001000100020001	4	0	Évènements passés	évènements-passés	t	f	/accueil/agenda/évènements-passés/		f		\N	\N	f	37	1	f	2025-03-12 17:43:10.773976+01	2025-03-12 17:43:10.826772+01	14	2025-03-12 17:43:10.826772+01	Évènements passés	\N	\N	0eb2b2e0-3714-4b5d-b680-a23c1e09779b	1	\N	14
13	000100010002	3	2	Agenda	agenda	t	f	/accueil/agenda/		f		\N	\N	f	35	1	f	2025-03-12 17:42:52.686831+01	2025-03-12 17:42:52.729036+01	13	2025-03-12 17:42:52.729036+01	Agenda	\N	\N	242b6920-7cd4-4538-8a02-cffbae795dae	1	\N	13
15	0001000100020002	4	0	Festidrone	festidrone	t	f	/accueil/agenda/festidrone/		f		\N	\N	f	36	1	f	2025-03-12 17:44:54.753182+01	2025-03-12 17:44:54.794717+01	15	2025-03-12 17:44:54.794717+01	Festidrone	\N	\N	8855d596-93e4-42f0-b108-cc91398a3aa7	1	\N	15
60	0001000100040002	4	0	Club Ados à Carnon	club-ados-à-carnon	t	f	/accueil/services-de-la-mjc/club-ados-à-carnon/		f		\N	\N	f	43	1	f	2025-03-13 12:42:55.469482+01	2025-03-13 12:42:55.509179+01	78	2025-03-13 12:42:55.509179+01	Club Ados à Carnon	\N	\N	b4329942-507d-4244-92c9-99a0e790748f	1	\N	78
17	0001000100030001	4	0	Yoga	yoga	t	f	/accueil/activités/yoga/		f		\N	\N	f	33	1	f	2025-03-12 17:54:28.533045+01	2025-03-12 17:52:15.614556+01	20	2025-03-12 17:54:28.586717+01	Yoga	\N	\N	d71f8e90-19b3-4f05-9189-6fd81ced3b60	1	\N	20
61	0001000100040003	4	0	ALSH à Carnon	alsh-à-carnon	t	f	/accueil/services-de-la-mjc/alsh-à-carnon/		f		\N	\N	f	40	1	f	2025-03-13 12:45:35.768612+01	2025-03-13 12:45:35.812363+01	79	2025-03-13 12:45:35.812363+01	ALSH à Carnon	\N	\N	9aea61db-7cdf-48df-a51e-89fc6ad11f94	1	\N	79
63	0001000100040005	4	0	CLAS à Carnon et Mauguio	clas-à-carnon-et-mauguio	t	f	/accueil/services-de-la-mjc/clas-à-carnon-et-mauguio/		f		\N	\N	f	40	1	f	2025-03-13 12:47:21.072055+01	2025-03-13 12:47:21.111646+01	81	2025-03-13 12:47:21.111646+01	CLAS à Carnon et Mauguio	\N	\N	8a57cc59-4861-40d8-831e-884cb1acf418	1	\N	81
19	0001000100030003	4	0	Poterie	poterie	t	f	/accueil/activités/poterie/		f		\N	\N	f	33	1	f	2025-03-12 17:57:42.74994+01	2025-03-12 17:57:27.442706+01	22	2025-03-12 17:57:42.795391+01	Poterie	\N	\N	f6425ab6-c0c9-462c-a37f-fb20c1b6ee54	1	\N	22
62	0001000100040004	4	0	Loisirs Jeunes à Mauguio	loisirs-jeunes-à-mauguio	t	f	/accueil/services-de-la-mjc/loisirs-jeunes-à-mauguio/		f		\N	\N	f	40	1	f	2025-03-13 12:45:57.037343+01	2025-03-13 12:45:57.079892+01	80	2025-03-13 12:45:57.079892+01	Loisirs Jeunes à Mauguio	\N	\N	cd6e5480-0091-491f-90a8-899ce28d78b7	1	\N	80
16	000100010003	3	3	Activités	activités	t	f	/accueil/activités/		f		\N	\N	f	31	1	f	2025-03-12 17:51:55.15521+01	2025-03-12 17:51:55.199373+01	16	2025-03-13 11:04:23.977225+01	Activités	\N	\N	be8d4734-a953-4fa9-b77d-4bcfcd70e6a1	1	\N	16
56	000100010004	3	5	Services de la MJC	services-de-la-mjc	t	f	/accueil/services-de-la-mjc/		f		\N	\N	f	40	1	f	2025-03-13 12:26:24.258442+01	2025-03-13 12:26:24.310193+01	73	2025-03-13 12:26:24.310193+01	Services de la MJC	\N	\N	2ab1b419-c197-431b-8fe6-724468c76867	1	\N	73
64	00010001000400010001	5	0	Axe de parentalité	axe-de-parentalité	t	f	/accueil/services-de-la-mjc/espace-de-vie-sociale-à-carnon/axe-de-parentalité/		f		\N	\N	f	43	1	f	2025-03-13 12:48:52.489657+01	2025-03-13 12:48:52.542309+01	82	2025-03-13 12:48:52.542309+01	Axe de parentalité	\N	\N	764032a3-093f-4a85-8321-2055910a79e6	1	\N	82
18	0001000100030002	4	0	Danses Espagnole	danse-espagnole	t	f	/accueil/activités/danse-espagnole/		f		\N	\N	f	33	1	f	2025-03-13 11:28:20.416672+01	2025-03-12 17:54:04.571922+01	59	2025-03-13 11:28:20.471802+01	Danses Espagnole	\N	\N	3e2e971d-a191-45f8-b628-c4c0c9667478	1	\N	59
59	0001000100040001	4	2	Espace de Vie Sociale à Carnon	espace-de-vie-sociale-à-carnon	t	f	/accueil/services-de-la-mjc/espace-de-vie-sociale-à-carnon/		f		\N	\N	f	40	1	f	2025-03-13 12:39:58.061573+01	2025-03-13 12:39:58.103072+01	77	2025-03-13 12:39:58.103072+01	Espace de Vie Sociale à Carnon	\N	\N	8dbbe25f-ea6e-4d47-a73d-682c253d673a	1	\N	77
65	00010001000400010002	5	0	Axe Jeunes	axe-jeunes	t	f	/accueil/services-de-la-mjc/espace-de-vie-sociale-à-carnon/axe-jeunes/		f		\N	\N	f	43	1	f	2025-03-13 12:50:39.965651+01	2025-03-13 12:50:40.022564+01	83	2025-03-13 12:50:40.022564+01	Axe Jeunes	\N	\N	0423fbd9-7bb9-4d1b-acf9-77b8e4d2d49e	1	\N	83
4	000100010001	3	8	L'Association	lassociation	t	f	/accueil/lassociation/		f		\N	\N	f	38	1	f	2025-03-12 17:36:48.178754+01	2025-03-12 17:36:48.231158+01	4	2025-03-12 17:36:48.231158+01	L'Association	\N	\N	6b668b24-d66b-487a-a297-e7304cbce965	1	\N	4
9	0001000100010005	4	0	Conseil d’administration	conseil-dadministration	t	f	/accueil/lassociation/conseil-dadministration/		t		\N	\N	f	39	1	f	2025-03-13 12:22:19.563787+01	2025-03-12 17:40:08.408631+01	68	2025-03-13 12:22:19.62856+01	Conseil d’administration	\N	\N	53871211-13ed-4fd3-b892-2aca689a19cc	1	\N	68
8	0001000100010004	4	0	Partenaires	partenaires	t	f	/accueil/lassociation/partenaires/		t		\N	\N	f	39	1	f	2025-03-13 12:22:24.692434+01	2025-03-12 17:39:24.03649+01	69	2025-03-13 12:22:24.739105+01	Partenaires	\N	\N	3e116fa3-f140-4388-b049-5e5491feeb8b	1	\N	69
12	0001000100010008	4	0	Locaux	locaux	t	f	/accueil/lassociation/locaux/		t		\N	\N	f	39	1	f	2025-03-13 12:21:55.475368+01	2025-03-12 17:42:13.413208+01	65	2025-03-13 12:21:55.528976+01	Locaux	\N	\N	0ebe8441-a38d-41a8-9938-200abcc2fb99	1	\N	65
11	0001000100010007	4	0	Bénévoles	bénévoles	t	f	/accueil/lassociation/bénévoles/		t		\N	\N	f	39	1	f	2025-03-13 12:22:08.32845+01	2025-03-12 17:41:23.826812+01	66	2025-03-13 12:22:08.374716+01	Bénévoles	\N	\N	e4368fc0-64c2-4cdd-a04f-4c4420c268a6	1	\N	66
10	0001000100010006	4	0	Équipe	équipe	t	f	/accueil/lassociation/équipe/		t		\N	\N	f	39	1	f	2025-03-13 12:22:13.537243+01	2025-03-12 17:40:55.346806+01	67	2025-03-13 12:22:13.582708+01	Équipe	\N	\N	e590ff9a-9817-406b-8349-06d828203378	1	\N	67
7	0001000100010003	4	0	Vie Associative	vie-associative	t	f	/accueil/lassociation/vie-associative/		t		\N	\N	f	39	1	f	2025-03-13 12:22:30.03133+01	2025-03-12 17:38:37.985811+01	70	2025-03-13 12:22:30.084551+01	Vie Associative	\N	\N	5b3d3cf1-3fc9-42a6-ab5c-b0c275a1b4a7	1	\N	70
6	0001000100010002	4	0	Adhérer	adhérer	t	f	/accueil/lassociation/adhérer/		t		\N	\N	f	39	1	f	2025-03-13 12:22:38.605288+01	2025-03-12 17:38:05.988691+01	71	2025-03-13 12:22:38.656769+01	Adhérer	\N	\N	0f335305-beb8-4cfe-ad83-ad179a494c28	1	\N	71
5	0001000100010001	4	0	Projet associatif	projet-associatif	t	f	/accueil/lassociation/projet-associatif/		t		\N	\N	f	39	1	f	2025-03-13 12:22:44.963754+01	2025-03-12 17:37:28.902485+01	72	2025-03-13 12:22:45.006118+01	Projet associatif	\N	\N	41658968-aea3-4577-8b92-72aa2d812544	1	\N	72
\.


--
-- Data for Name: wagtailcore_pagelogentry; Type: TABLE DATA; Schema: public; Owner: u39js7kqi209ni
--

COPY public.wagtailcore_pagelogentry (id, label, action, data, "timestamp", content_changed, deleted, content_type_id, page_id, revision_id, user_id, uuid) FROM stdin;
1	Welcome to your new Wagtail site!	wagtail.delete	{}	2025-03-12 16:58:40.88422+01	f	t	1	2	\N	1	5875bb24-25a6-4752-95ff-0ca9c60d6315
2	Accueil	wagtail.create	{}	2025-03-12 16:58:57.448794+01	t	f	45	3	\N	1	963400b3-e8c3-4d62-b925-50e87020bc5e
3	Accueil	wagtail.edit	{}	2025-03-12 16:58:57.511171+01	t	f	45	3	1	1	963400b3-e8c3-4d62-b925-50e87020bc5e
4	Accueil	wagtail.edit	{}	2025-03-12 16:59:59.004154+01	t	f	45	3	2	1	60e42b4f-f438-4cb4-b2c2-47d99418d9f1
5	Accueil	wagtail.publish	{}	2025-03-12 16:59:59.071929+01	t	f	45	3	2	1	60e42b4f-f438-4cb4-b2c2-47d99418d9f1
6	Accueil	wagtail.edit	{}	2025-03-12 17:36:32.902574+01	t	f	45	3	3	1	4deacebe-009e-4774-8e08-02e36a587bd1
7	Accueil	wagtail.publish	{}	2025-03-12 17:36:33.120965+01	t	f	45	3	3	1	4deacebe-009e-4774-8e08-02e36a587bd1
8	L'Association	wagtail.create	{}	2025-03-12 17:36:48.141088+01	t	f	38	4	\N	1	f99aa532-d23f-4339-8427-b6aa0e834969
9	L'Association	wagtail.edit	{}	2025-03-12 17:36:48.207703+01	t	f	38	4	4	1	f99aa532-d23f-4339-8427-b6aa0e834969
10	L'Association	wagtail.publish	{}	2025-03-12 17:36:48.283327+01	t	f	38	4	4	1	f99aa532-d23f-4339-8427-b6aa0e834969
11	Projet associatif	wagtail.create	{}	2025-03-12 17:37:28.819941+01	t	f	39	5	\N	1	d73a834e-84fe-47c4-919e-fd6e1e6f8315
12	Projet associatif	wagtail.edit	{}	2025-03-12 17:37:28.883782+01	t	f	39	5	5	1	d73a834e-84fe-47c4-919e-fd6e1e6f8315
13	Projet associatif	wagtail.publish	{}	2025-03-12 17:37:28.958586+01	t	f	39	5	5	1	d73a834e-84fe-47c4-919e-fd6e1e6f8315
14	Adhérer	wagtail.create	{}	2025-03-12 17:38:05.910432+01	t	f	39	6	\N	1	ab5fd44d-40de-4c5c-acae-2f7ae23af276
15	Adhérer	wagtail.edit	{}	2025-03-12 17:38:05.971377+01	t	f	39	6	6	1	ab5fd44d-40de-4c5c-acae-2f7ae23af276
16	Adhérer	wagtail.publish	{}	2025-03-12 17:38:06.030371+01	t	f	39	6	6	1	ab5fd44d-40de-4c5c-acae-2f7ae23af276
17	Vie Associative	wagtail.create	{}	2025-03-12 17:38:37.909142+01	t	f	39	7	\N	1	8b7b4268-8d29-4a28-8555-d5f893d071c4
18	Vie Associative	wagtail.edit	{}	2025-03-12 17:38:37.968362+01	t	f	39	7	7	1	8b7b4268-8d29-4a28-8555-d5f893d071c4
19	Vie Associative	wagtail.publish	{}	2025-03-12 17:38:38.030009+01	t	f	39	7	7	1	8b7b4268-8d29-4a28-8555-d5f893d071c4
20	Partenaires	wagtail.create	{}	2025-03-12 17:39:23.960133+01	t	f	39	8	\N	1	0ac2e782-3268-4793-94ee-49f02c7589f0
21	Partenaires	wagtail.edit	{}	2025-03-12 17:39:24.019803+01	t	f	39	8	8	1	0ac2e782-3268-4793-94ee-49f02c7589f0
22	Partenaires	wagtail.publish	{}	2025-03-12 17:39:24.080886+01	t	f	39	8	8	1	0ac2e782-3268-4793-94ee-49f02c7589f0
23	Conseil d’administration	wagtail.create	{}	2025-03-12 17:40:08.319705+01	t	f	39	9	\N	1	900190df-5f47-4481-b783-1636854a8e43
24	Conseil d’administration	wagtail.edit	{}	2025-03-12 17:40:08.38939+01	t	f	39	9	9	1	900190df-5f47-4481-b783-1636854a8e43
25	Conseil d’administration	wagtail.publish	{}	2025-03-12 17:40:08.459964+01	t	f	39	9	9	1	900190df-5f47-4481-b783-1636854a8e43
26	Équipe	wagtail.create	{}	2025-03-12 17:40:55.27045+01	t	f	39	10	\N	1	3587e3d6-5ade-4c5d-a9cd-1960b67d086d
27	Équipe	wagtail.edit	{}	2025-03-12 17:40:55.329782+01	t	f	39	10	10	1	3587e3d6-5ade-4c5d-a9cd-1960b67d086d
28	Équipe	wagtail.publish	{}	2025-03-12 17:40:55.391036+01	t	f	39	10	10	1	3587e3d6-5ade-4c5d-a9cd-1960b67d086d
29	Bénévoles	wagtail.create	{}	2025-03-12 17:41:23.757119+01	t	f	39	11	\N	1	adfcf078-dd53-4641-8602-bda8f76dfd26
30	Bénévoles	wagtail.edit	{}	2025-03-12 17:41:23.81195+01	t	f	39	11	11	1	adfcf078-dd53-4641-8602-bda8f76dfd26
31	Bénévoles	wagtail.publish	{}	2025-03-12 17:41:23.863916+01	t	f	39	11	11	1	adfcf078-dd53-4641-8602-bda8f76dfd26
32	Locaux	wagtail.create	{}	2025-03-12 17:42:13.323883+01	t	f	39	12	\N	1	21fa510b-efdd-4b09-b787-2c4bcff4806b
33	Locaux	wagtail.edit	{}	2025-03-12 17:42:13.394959+01	t	f	39	12	12	1	21fa510b-efdd-4b09-b787-2c4bcff4806b
34	Locaux	wagtail.publish	{}	2025-03-12 17:42:13.466678+01	t	f	39	12	12	1	21fa510b-efdd-4b09-b787-2c4bcff4806b
35	Agenda	wagtail.create	{}	2025-03-12 17:42:52.651973+01	t	f	35	13	\N	1	6f5cfa69-69ed-4599-9ea9-2aeadf711cfa
36	Agenda	wagtail.edit	{}	2025-03-12 17:42:52.71081+01	t	f	35	13	13	1	6f5cfa69-69ed-4599-9ea9-2aeadf711cfa
37	Agenda	wagtail.publish	{}	2025-03-12 17:42:52.775412+01	t	f	35	13	13	1	6f5cfa69-69ed-4599-9ea9-2aeadf711cfa
38	Évènements passés	wagtail.create	{}	2025-03-12 17:43:10.732107+01	t	f	37	14	\N	1	b6259f8b-87df-4ef9-9943-7aa73da82207
39	Évènements passés	wagtail.edit	{}	2025-03-12 17:43:10.804224+01	t	f	37	14	14	1	b6259f8b-87df-4ef9-9943-7aa73da82207
40	Évènements passés	wagtail.publish	{}	2025-03-12 17:43:10.881297+01	t	f	37	14	14	1	b6259f8b-87df-4ef9-9943-7aa73da82207
41	Évènements passés	wagtail.move	{"source": {"id": 3, "title": "Accueil"}, "destination": {"id": 13, "title": "Agenda"}}	2025-03-12 17:43:22.075224+01	f	f	37	14	\N	1	16b3c340-95c9-405c-96db-d0f2a88f8543
42	Festidrone	wagtail.create	{}	2025-03-12 17:44:54.714366+01	t	f	36	15	\N	1	eeeb4063-6c06-4d6e-82fd-e563af26482b
43	Festidrone	wagtail.edit	{}	2025-03-12 17:44:54.777216+01	t	f	36	15	15	1	eeeb4063-6c06-4d6e-82fd-e563af26482b
44	Festidrone	wagtail.publish	{}	2025-03-12 17:44:54.838249+01	t	f	36	15	15	1	eeeb4063-6c06-4d6e-82fd-e563af26482b
45	Activités	wagtail.create	{}	2025-03-12 17:51:55.116642+01	t	f	31	16	\N	1	2667e36f-ef49-47db-af2c-539f95835a46
46	Activités	wagtail.edit	{}	2025-03-12 17:51:55.18006+01	t	f	31	16	16	1	2667e36f-ef49-47db-af2c-539f95835a46
47	Activités	wagtail.publish	{}	2025-03-12 17:51:55.244993+01	t	f	31	16	16	1	2667e36f-ef49-47db-af2c-539f95835a46
48	Yoga	wagtail.create	{}	2025-03-12 17:52:15.496562+01	t	f	33	17	\N	1	c0a23b0c-a2e8-4348-84fd-e9c7a2b9089e
49	Yoga	wagtail.edit	{}	2025-03-12 17:52:15.590873+01	t	f	33	17	17	1	c0a23b0c-a2e8-4348-84fd-e9c7a2b9089e
50	Yoga	wagtail.publish	{}	2025-03-12 17:52:15.687607+01	t	f	33	17	17	1	c0a23b0c-a2e8-4348-84fd-e9c7a2b9089e
51	Danse Espagnole	wagtail.create	{}	2025-03-12 17:54:04.487837+01	t	f	33	18	\N	1	0766abfa-a8f6-406b-bb07-0993d5f078ae
52	Danse Espagnole	wagtail.edit	{}	2025-03-12 17:54:04.552713+01	t	f	33	18	18	1	0766abfa-a8f6-406b-bb07-0993d5f078ae
53	Danse Espagnole	wagtail.publish	{}	2025-03-12 17:54:04.619925+01	t	f	33	18	18	1	0766abfa-a8f6-406b-bb07-0993d5f078ae
54	Danse Espagnole	wagtail.edit	{}	2025-03-12 17:54:22.811736+01	t	f	33	18	19	1	bb4fb2c5-b131-46d1-90db-71041a93611b
55	Danses Espagnole	wagtail.rename	{"title": {"new": "Danses Espagnole", "old": "Danse Espagnole"}}	2025-03-12 17:54:22.88424+01	f	f	33	18	19	1	bb4fb2c5-b131-46d1-90db-71041a93611b
56	Danses Espagnole	wagtail.publish	{"title": {"new": "Danses Espagnole", "old": "Danse Espagnole"}}	2025-03-12 17:54:22.890261+01	t	f	33	18	19	1	bb4fb2c5-b131-46d1-90db-71041a93611b
57	Yoga	wagtail.edit	{}	2025-03-12 17:54:28.562468+01	t	f	33	17	20	1	852166fd-7af5-4ea4-b18e-2c6f48f6ef5f
58	Yoga	wagtail.publish	{}	2025-03-12 17:54:28.657047+01	t	f	33	17	20	1	852166fd-7af5-4ea4-b18e-2c6f48f6ef5f
59	Poterie	wagtail.create	{}	2025-03-12 17:57:27.341967+01	t	f	33	19	\N	1	9aacc74b-1ac4-4567-98f0-eaf7c5db5992
60	Poterie	wagtail.edit	{}	2025-03-12 17:57:27.421541+01	t	f	33	19	21	1	9aacc74b-1ac4-4567-98f0-eaf7c5db5992
61	Poterie	wagtail.publish	{}	2025-03-12 17:57:27.515954+01	t	f	33	19	21	1	9aacc74b-1ac4-4567-98f0-eaf7c5db5992
62	Poterie	wagtail.edit	{}	2025-03-12 17:57:42.779299+01	t	f	33	19	22	1	10da6930-62a4-4c40-89a1-604fa5362298
63	Poterie	wagtail.publish	{}	2025-03-12 17:57:42.842167+01	t	f	33	19	22	1	10da6930-62a4-4c40-89a1-604fa5362298
92	Accueil	wagtail.edit	{}	2025-03-13 10:57:40.992153+01	t	f	45	3	54	1	4eac2ca8-84bd-4e55-bcf5-697edceafa74
93	Accueil	wagtail.edit	{}	2025-03-13 10:59:25.456712+01	t	f	45	3	55	1	ac191c0d-5ef3-4ac9-aae3-b355601cf9cf
94	Accueil	wagtail.edit	{}	2025-03-13 10:59:56.734159+01	t	f	45	3	56	1	b2d87b3e-12e8-49c9-af6a-61324e7ca473
95	Accueil	wagtail.publish	{}	2025-03-13 10:59:56.913637+01	f	f	45	3	56	1	b2d87b3e-12e8-49c9-af6a-61324e7ca473
96	Activités	wagtail.unpublish	{}	2025-03-13 11:00:06.73838+01	f	f	31	16	\N	1	c24e2e9b-b96d-4ff9-857c-531d27ca88e0
97	Activités	wagtail.publish	{}	2025-03-13 11:04:24.012685+01	t	f	31	16	16	1	e08d2b2a-72ab-4bc9-9e62-e7aa3bfd7b54
98	Danses Espagnole	wagtail.edit	{}	2025-03-13 11:25:56.663699+01	t	f	33	18	57	1	9fa4bff6-bd3e-4b17-986d-60a24459fed5
99	Danses Espagnole	wagtail.publish	{}	2025-03-13 11:25:56.743485+01	t	f	33	18	57	1	9fa4bff6-bd3e-4b17-986d-60a24459fed5
100	Danses Espagnole	wagtail.edit	{}	2025-03-13 11:26:34.150465+01	t	f	33	18	58	1	33a5718e-27cc-46e7-aa6c-f3672c34ba1d
101	Danses Espagnole	wagtail.publish	{}	2025-03-13 11:26:34.230073+01	t	f	33	18	58	1	33a5718e-27cc-46e7-aa6c-f3672c34ba1d
102	Danses Espagnole	wagtail.edit	{}	2025-03-13 11:28:20.451028+01	t	f	33	18	59	1	252ba9e4-749b-445f-8a1b-6bd45b2377c1
103	Danses Espagnole	wagtail.publish	{}	2025-03-13 11:28:20.526146+01	f	f	33	18	59	1	252ba9e4-749b-445f-8a1b-6bd45b2377c1
104	Festidrone	wagtail.create	{}	2025-03-13 11:39:44.613186+01	t	f	39	52	\N	1	9b318256-4496-4157-b650-0c2f6c2bbe63
105	Festidrone	wagtail.edit	{}	2025-03-13 11:39:44.68668+01	t	f	39	52	60	1	9b318256-4496-4157-b650-0c2f6c2bbe63
106	Festidrone	wagtail.publish	{}	2025-03-13 11:39:44.763279+01	t	f	39	52	60	1	9b318256-4496-4157-b650-0c2f6c2bbe63
107	cxvcxvcxv	wagtail.create	{}	2025-03-13 11:40:14.619739+01	t	f	39	53	\N	1	66b38f8f-851a-4120-8c9d-ab7f39e119b0
108	cxvcxvcxv	wagtail.edit	{}	2025-03-13 11:40:14.711562+01	t	f	39	53	61	1	66b38f8f-851a-4120-8c9d-ab7f39e119b0
109	cxvcxvcxv	wagtail.publish	{}	2025-03-13 11:40:14.860362+01	t	f	39	53	61	1	66b38f8f-851a-4120-8c9d-ab7f39e119b0
110	Festidrone	wagtail.delete	{}	2025-03-13 11:41:18.782512+01	f	t	39	52	\N	1	8122dcd9-168b-4f67-a90b-ec6220e50557
111	cxvcxvcxv	wagtail.delete	{}	2025-03-13 11:41:19.020407+01	f	t	39	53	\N	1	8122dcd9-168b-4f67-a90b-ec6220e50557
112	Ecole de Musique	wagtail.create	{}	2025-03-13 11:50:15.735923+01	t	f	40	54	\N	1	7725346d-a117-428d-84a3-103c959310a8
113	Ecole de Musique	wagtail.edit	{}	2025-03-13 11:50:15.839162+01	t	f	40	54	62	1	7725346d-a117-428d-84a3-103c959310a8
114	Ecole de Musique	wagtail.publish	{}	2025-03-13 11:50:15.92698+01	t	f	40	54	62	1	7725346d-a117-428d-84a3-103c959310a8
115	Cours de piano	wagtail.create	{}	2025-03-13 11:50:48.481264+01	t	f	43	55	\N	1	bc38ac00-0515-4981-a9da-9c962362c11f
116	Cours de piano	wagtail.edit	{}	2025-03-13 11:50:48.558638+01	t	f	43	55	63	1	bc38ac00-0515-4981-a9da-9c962362c11f
117	Cours de piano	wagtail.publish	{}	2025-03-13 11:50:48.650168+01	t	f	43	55	63	1	bc38ac00-0515-4981-a9da-9c962362c11f
118	Cours de piano	wagtail.delete	{}	2025-03-13 11:51:11.403025+01	f	t	43	55	\N	1	191a364b-b393-4030-8f4f-019edaa5e057
119	Ecole de Musique	wagtail.delete	{}	2025-03-13 11:51:15.224616+01	f	t	40	54	\N	1	1458d470-171d-4231-9dc8-2792ce6c542d
120	Accueil	wagtail.edit	{}	2025-03-13 12:16:07.934212+01	t	f	45	3	64	1	75114f6b-dc70-4571-b481-121cfb404ea1
121	Accueil	wagtail.publish	{}	2025-03-13 12:16:08.006311+01	f	f	45	3	64	1	75114f6b-dc70-4571-b481-121cfb404ea1
122	Locaux	wagtail.edit	{}	2025-03-13 12:21:55.509812+01	t	f	39	12	65	1	72601b7d-308d-49db-8f9a-262d7a09984b
123	Locaux	wagtail.publish	{}	2025-03-13 12:21:55.582189+01	t	f	39	12	65	1	72601b7d-308d-49db-8f9a-262d7a09984b
124	Bénévoles	wagtail.edit	{}	2025-03-13 12:22:08.35789+01	t	f	39	11	66	1	6df663ff-bb00-45b8-83e1-3c2394ed14f8
125	Bénévoles	wagtail.publish	{}	2025-03-13 12:22:08.428284+01	t	f	39	11	66	1	6df663ff-bb00-45b8-83e1-3c2394ed14f8
126	Équipe	wagtail.edit	{}	2025-03-13 12:22:13.565249+01	t	f	39	10	67	1	0060e00a-4a4f-4b97-bcff-ba9f4072d8ec
127	Équipe	wagtail.publish	{}	2025-03-13 12:22:13.632819+01	t	f	39	10	67	1	0060e00a-4a4f-4b97-bcff-ba9f4072d8ec
128	Conseil d’administration	wagtail.edit	{}	2025-03-13 12:22:19.605987+01	t	f	39	9	68	1	5d676beb-bdc4-40f1-8f9f-b51f2abcf268
129	Conseil d’administration	wagtail.publish	{}	2025-03-13 12:22:19.694326+01	t	f	39	9	68	1	5d676beb-bdc4-40f1-8f9f-b51f2abcf268
130	Partenaires	wagtail.edit	{}	2025-03-13 12:22:24.72176+01	t	f	39	8	69	1	4fda5f4a-ed7b-4c23-86f0-d098abfbdf4a
131	Partenaires	wagtail.publish	{}	2025-03-13 12:22:24.788875+01	t	f	39	8	69	1	4fda5f4a-ed7b-4c23-86f0-d098abfbdf4a
132	Vie Associative	wagtail.edit	{}	2025-03-13 12:22:30.064938+01	t	f	39	7	70	1	8c939f78-2505-4829-93d3-c545ab376966
133	Vie Associative	wagtail.publish	{}	2025-03-13 12:22:30.141379+01	t	f	39	7	70	1	8c939f78-2505-4829-93d3-c545ab376966
134	Adhérer	wagtail.edit	{}	2025-03-13 12:22:38.636039+01	t	f	39	6	71	1	062ea59b-7564-4226-8a73-33546ae9dd48
135	Adhérer	wagtail.publish	{}	2025-03-13 12:22:38.70538+01	t	f	39	6	71	1	062ea59b-7564-4226-8a73-33546ae9dd48
136	Projet associatif	wagtail.edit	{}	2025-03-13 12:22:44.990534+01	t	f	39	5	72	1	889fe8d9-3ceb-4511-b9f4-3cb76c0fb789
137	Projet associatif	wagtail.publish	{}	2025-03-13 12:22:45.048927+01	t	f	39	5	72	1	889fe8d9-3ceb-4511-b9f4-3cb76c0fb789
138	Services de la MJC	wagtail.create	{}	2025-03-13 12:26:24.208335+01	t	f	40	56	\N	1	26ae29f2-e5c3-49ba-82e2-47ccb18ca9b2
139	Services de la MJC	wagtail.edit	{}	2025-03-13 12:26:24.289861+01	t	f	40	56	73	1	26ae29f2-e5c3-49ba-82e2-47ccb18ca9b2
140	Services de la MJC	wagtail.publish	{}	2025-03-13 12:26:24.365512+01	t	f	40	56	73	1	26ae29f2-e5c3-49ba-82e2-47ccb18ca9b2
141	EVS à Carnon	wagtail.create	{}	2025-03-13 12:26:49.944236+01	t	f	43	57	\N	1	36a3ae8d-a278-4652-aa68-44d4c85f3003
142	EVS à Carnon	wagtail.edit	{}	2025-03-13 12:26:50.005734+01	t	f	43	57	74	1	36a3ae8d-a278-4652-aa68-44d4c85f3003
143	EVS à Carnon	wagtail.publish	{}	2025-03-13 12:26:50.074638+01	t	f	43	57	74	1	36a3ae8d-a278-4652-aa68-44d4c85f3003
144	EVS à Carnon	wagtail.edit	{}	2025-03-13 12:28:37.931474+01	t	f	43	57	75	1	3ffd6402-0150-4329-805d-dd9dc31b1b22
145	Espace de Vie Sociale à Carnon	wagtail.rename	{"title": {"new": "Espace de Vie Sociale à Carnon", "old": "EVS à Carnon"}}	2025-03-13 12:28:37.987318+01	f	f	43	57	75	1	3ffd6402-0150-4329-805d-dd9dc31b1b22
146	Espace de Vie Sociale à Carnon	wagtail.publish	{"title": {"new": "Espace de Vie Sociale à Carnon", "old": "EVS à Carnon"}}	2025-03-13 12:28:37.993584+01	t	f	43	57	75	1	3ffd6402-0150-4329-805d-dd9dc31b1b22
147	Liste	wagtail.create	{}	2025-03-13 12:29:10.461967+01	t	f	40	58	\N	1	3a7df31e-127d-4e8d-9156-572b3a2e5675
148	Liste	wagtail.edit	{}	2025-03-13 12:29:10.51983+01	t	f	40	58	76	1	3a7df31e-127d-4e8d-9156-572b3a2e5675
149	Liste	wagtail.publish	{}	2025-03-13 12:29:10.577015+01	t	f	40	58	76	1	3a7df31e-127d-4e8d-9156-572b3a2e5675
150	Espace de Vie Sociale à Carnon	wagtail.delete	{}	2025-03-13 12:39:06.827212+01	f	t	43	57	\N	1	14246d4c-f4a3-43cc-95f9-aef64b01dd95
151	Liste	wagtail.delete	{}	2025-03-13 12:39:11.98412+01	f	t	40	58	\N	1	e08be989-4155-428e-b683-623061b32b0b
152	Espace de Vie Sociale à Carnon	wagtail.create	{}	2025-03-13 12:39:58.024351+01	t	f	40	59	\N	1	19a9feed-59f8-42d7-b2df-48553473d51e
153	Espace de Vie Sociale à Carnon	wagtail.edit	{}	2025-03-13 12:39:58.084386+01	t	f	40	59	77	1	19a9feed-59f8-42d7-b2df-48553473d51e
154	Espace de Vie Sociale à Carnon	wagtail.publish	{}	2025-03-13 12:39:58.153528+01	t	f	40	59	77	1	19a9feed-59f8-42d7-b2df-48553473d51e
155	Club Ados à Carnon	wagtail.create	{}	2025-03-13 12:42:55.434418+01	t	f	43	60	\N	1	59bfa90c-060f-4a2c-a362-96bf132e1f1a
156	Club Ados à Carnon	wagtail.edit	{}	2025-03-13 12:42:55.491257+01	t	f	43	60	78	1	59bfa90c-060f-4a2c-a362-96bf132e1f1a
157	Club Ados à Carnon	wagtail.publish	{}	2025-03-13 12:42:55.549655+01	t	f	43	60	78	1	59bfa90c-060f-4a2c-a362-96bf132e1f1a
158	ALSH à Carnon	wagtail.create	{}	2025-03-13 12:45:35.732514+01	t	f	40	61	\N	1	773fd86f-6e19-4714-8129-36b760b54474
159	ALSH à Carnon	wagtail.edit	{}	2025-03-13 12:45:35.793067+01	t	f	40	61	79	1	773fd86f-6e19-4714-8129-36b760b54474
160	ALSH à Carnon	wagtail.publish	{}	2025-03-13 12:45:35.855324+01	t	f	40	61	79	1	773fd86f-6e19-4714-8129-36b760b54474
161	Loisirs Jeunes à Mauguio	wagtail.create	{}	2025-03-13 12:45:57.000408+01	t	f	40	62	\N	1	98d6b1a2-5a11-42c9-acea-5fb5ece143b6
162	Loisirs Jeunes à Mauguio	wagtail.edit	{}	2025-03-13 12:45:57.060912+01	t	f	40	62	80	1	98d6b1a2-5a11-42c9-acea-5fb5ece143b6
163	Loisirs Jeunes à Mauguio	wagtail.publish	{}	2025-03-13 12:45:57.139761+01	t	f	40	62	80	1	98d6b1a2-5a11-42c9-acea-5fb5ece143b6
164	CLAS à Carnon et Mauguio	wagtail.create	{}	2025-03-13 12:47:21.034523+01	t	f	40	63	\N	1	d189b628-0a32-4644-bac2-d2bc5261ce01
165	CLAS à Carnon et Mauguio	wagtail.edit	{}	2025-03-13 12:47:21.093689+01	t	f	40	63	81	1	d189b628-0a32-4644-bac2-d2bc5261ce01
166	CLAS à Carnon et Mauguio	wagtail.publish	{}	2025-03-13 12:47:21.152618+01	t	f	40	63	81	1	d189b628-0a32-4644-bac2-d2bc5261ce01
167	Axe de parentalité	wagtail.create	{}	2025-03-13 12:48:52.441799+01	t	f	43	64	\N	1	749b2c9a-699b-463a-b4ae-3943277bd687
168	Axe de parentalité	wagtail.edit	{}	2025-03-13 12:48:52.52109+01	t	f	43	64	82	1	749b2c9a-699b-463a-b4ae-3943277bd687
169	Axe de parentalité	wagtail.publish	{}	2025-03-13 12:48:52.597716+01	t	f	43	64	82	1	749b2c9a-699b-463a-b4ae-3943277bd687
170	Axe Jeunes	wagtail.create	{}	2025-03-13 12:50:39.905091+01	t	f	43	65	\N	1	953a5172-00f6-4e33-9e10-aafd3a0fe110
171	Axe Jeunes	wagtail.edit	{}	2025-03-13 12:50:39.996749+01	t	f	43	65	83	1	953a5172-00f6-4e33-9e10-aafd3a0fe110
172	Axe Jeunes	wagtail.publish	{}	2025-03-13 12:50:40.086334+01	t	f	43	65	83	1	953a5172-00f6-4e33-9e10-aafd3a0fe110
\.


--
-- Data for Name: wagtailcore_pagesubscription; Type: TABLE DATA; Schema: public; Owner: u39js7kqi209ni
--

COPY public.wagtailcore_pagesubscription (id, comment_notifications, page_id, user_id) FROM stdin;
2	t	4	1
11	t	13	1
12	t	14	1
13	t	15	1
14	t	16	1
15	t	17	1
17	t	19	1
16	t	18	1
1	t	3	1
10	t	12	1
9	t	11	1
8	t	10	1
7	t	9	1
6	t	8	1
5	t	7	1
4	t	6	1
3	t	5	1
54	t	56	1
57	t	59	1
58	t	60	1
59	t	61	1
60	t	62	1
61	t	63	1
62	t	64	1
63	t	65	1
\.


--
-- Data for Name: wagtailcore_pageviewrestriction; Type: TABLE DATA; Schema: public; Owner: u39js7kqi209ni
--

COPY public.wagtailcore_pageviewrestriction (id, password, page_id, restriction_type) FROM stdin;
\.


--
-- Data for Name: wagtailcore_pageviewrestriction_groups; Type: TABLE DATA; Schema: public; Owner: u39js7kqi209ni
--

COPY public.wagtailcore_pageviewrestriction_groups (id, pageviewrestriction_id, group_id) FROM stdin;
\.


--
-- Data for Name: wagtailcore_query; Type: TABLE DATA; Schema: public; Owner: u39js7kqi209ni
--

COPY public.wagtailcore_query (id, query_string) FROM stdin;
1	m
2	a
\.


--
-- Data for Name: wagtailcore_querydailyhits; Type: TABLE DATA; Schema: public; Owner: u39js7kqi209ni
--

COPY public.wagtailcore_querydailyhits (id, date, hits, query_id) FROM stdin;
1	2025-03-13	1	1
2	2025-03-13	7	2
\.


--
-- Data for Name: wagtailcore_referenceindex; Type: TABLE DATA; Schema: public; Owner: u39js7kqi209ni
--

COPY public.wagtailcore_referenceindex (id, object_id, to_object_id, model_path, content_path, content_path_hash, base_content_type_id, content_type_id, to_content_type_id) FROM stdin;
1	1	1	collection	collection	b40b1263-e929-57f2-a7f8-9dbce56b887b	2	2	9
2	2	1	collection	collection	b40b1263-e929-57f2-a7f8-9dbce56b887b	2	2	9
3	3	1	collection	collection	b40b1263-e929-57f2-a7f8-9dbce56b887b	2	2	9
4	4	1	collection	collection	b40b1263-e929-57f2-a7f8-9dbce56b887b	2	2	9
5	5	1	collection	collection	b40b1263-e929-57f2-a7f8-9dbce56b887b	2	2	9
6	6	1	collection	collection	b40b1263-e929-57f2-a7f8-9dbce56b887b	2	2	9
7	7	1	collection	collection	b40b1263-e929-57f2-a7f8-9dbce56b887b	2	2	9
8	8	1	collection	collection	b40b1263-e929-57f2-a7f8-9dbce56b887b	2	2	9
9	9	1	collection	collection	b40b1263-e929-57f2-a7f8-9dbce56b887b	2	2	9
10	10	1	collection	collection	b40b1263-e929-57f2-a7f8-9dbce56b887b	2	2	9
11	11	1	collection	collection	b40b1263-e929-57f2-a7f8-9dbce56b887b	2	2	9
12	12	1	collection	collection	b40b1263-e929-57f2-a7f8-9dbce56b887b	2	2	9
13	3	4	hero_image	hero_image	2960929c-7feb-5d2b-8541-ed36105c53fd	1	45	2
14	5	11	image	image	3cb1a537-a728-548b-b207-8423b6010580	1	39	2
15	6	10	image	image	3cb1a537-a728-548b-b207-8423b6010580	1	39	2
16	7	9	image	image	3cb1a537-a728-548b-b207-8423b6010580	1	39	2
17	8	8	image	image	3cb1a537-a728-548b-b207-8423b6010580	1	39	2
18	9	7	image	image	3cb1a537-a728-548b-b207-8423b6010580	1	39	2
19	10	6	image	image	3cb1a537-a728-548b-b207-8423b6010580	1	39	2
20	12	5	content.	content.	ea67425d-bb6f-567e-97ea-e5b1b785d44e	1	39	2
21	12	12	image	image	3cb1a537-a728-548b-b207-8423b6010580	1	39	2
22	12	4	content.	content.	ea67425d-bb6f-567e-97ea-e5b1b785d44e	1	39	2
23	15	3	image	image	3cb1a537-a728-548b-b207-8423b6010580	1	36	2
24	17	2	image	image	3cb1a537-a728-548b-b207-8423b6010580	1	33	2
25	13	1	collection	collection	b40b1263-e929-57f2-a7f8-9dbce56b887b	2	2	9
26	18	13	image	image	3cb1a537-a728-548b-b207-8423b6010580	1	33	2
27	19	1	image	image	3cb1a537-a728-548b-b207-8423b6010580	1	33	2
61	14	1	collection	collection	b40b1263-e929-57f2-a7f8-9dbce56b887b	2	2	9
62	59	14	image	image	3cb1a537-a728-548b-b207-8423b6010580	1	40	2
63	15	1	collection	collection	b40b1263-e929-57f2-a7f8-9dbce56b887b	2	2	9
64	60	15	image	image	3cb1a537-a728-548b-b207-8423b6010580	1	43	2
65	16	1	collection	collection	b40b1263-e929-57f2-a7f8-9dbce56b887b	2	2	9
66	61	16	image	image	3cb1a537-a728-548b-b207-8423b6010580	1	40	2
67	17	1	collection	collection	b40b1263-e929-57f2-a7f8-9dbce56b887b	2	2	9
68	62	17	image	image	3cb1a537-a728-548b-b207-8423b6010580	1	40	2
69	18	1	collection	collection	b40b1263-e929-57f2-a7f8-9dbce56b887b	2	2	9
70	63	18	image	image	3cb1a537-a728-548b-b207-8423b6010580	1	40	2
71	19	1	collection	collection	b40b1263-e929-57f2-a7f8-9dbce56b887b	2	2	9
72	64	19	image	image	3cb1a537-a728-548b-b207-8423b6010580	1	43	2
73	20	1	collection	collection	b40b1263-e929-57f2-a7f8-9dbce56b887b	2	2	9
74	65	20	image	image	3cb1a537-a728-548b-b207-8423b6010580	1	43	2
\.


--
-- Data for Name: wagtailcore_revision; Type: TABLE DATA; Schema: public; Owner: u39js7kqi209ni
--

COPY public.wagtailcore_revision (id, created_at, content, approved_go_live_at, object_id, user_id, content_type_id, base_content_type_id, object_str) FROM stdin;
4	2025-03-12 17:36:48.178754+01	{"pk": 4, "live": true, "path": "000100010001", "slug": "lassociation", "depth": 3, "owner": 1, "title": "L'Association", "locale": 1, "locked": false, "content": "", "expired": false, "alias_of": null, "numchild": 0, "url_path": "/accueil/lassociation/", "expire_at": null, "locked_at": null, "locked_by": null, "seo_title": "", "go_live_at": null, "draft_title": "L'Association", "content_type": 38, "seo_keywords": "", "live_revision": null, "show_in_menus": false, "latest_revision": null, "translation_key": "6b668b24-d66b-487a-a297-e7304cbce965", "last_published_at": null, "first_published_at": null, "search_description": "", "wagtail_admin_comments": [], "has_unpublished_changes": false, "latest_revision_created_at": null}	\N	4	1	38	1	L'Association
10	2025-03-12 17:40:55.304824+01	{"pk": 10, "live": true, "path": "0001000100010006", "slug": "équipe", "depth": 4, "image": 6, "owner": 1, "title": "Équipe", "locale": 1, "locked": false, "content": "<p data-block-key=\\"ocrmx\\">L’équipe des professionnels : </p><p data-block-key=\\"9qsvs\\">Directeur : David MAROIS<br/>Directrice artistique : Nora TRIBY<br/>Comptabilité : Corinne BERTUZZI<br/>Chargée de communication et développement des publics : Mathilde GUALA<br/>Chargée de mission Accueil et jeunesse : Stéphanie BONNEFÉ<br/>Chargée de mission Accueil : Alix NOYER<br/>Régie spectacles : Jean-François CHIRAC, Étienne JULIEN<br/>Chargée de mission numérique, transformation, innovation : Camille FREQUELIN<br/>Chargée de mission administrative et financière : Marlène PALOUS</p>", "expired": false, "alias_of": null, "numchild": 0, "subtitle": "", "url_path": "/accueil/lassociation/équipe/", "expire_at": null, "locked_at": null, "locked_by": null, "seo_title": "", "go_live_at": null, "draft_title": "Équipe", "content_type": 39, "seo_keywords": "", "live_revision": null, "show_in_menus": false, "latest_revision": null, "translation_key": "e590ff9a-9817-406b-8349-06d828203378", "last_published_at": null, "first_published_at": null, "search_description": "", "show_image_in_page": true, "wagtail_admin_comments": [], "has_unpublished_changes": false, "latest_revision_created_at": null}	\N	10	1	39	1	Équipe
5	2025-03-12 17:37:28.858149+01	{"pk": 5, "live": true, "path": "0001000100010001", "slug": "projet-associatif", "depth": 4, "image": 11, "owner": 1, "title": "Projet associatif", "locale": 1, "locked": false, "content": "<p data-block-key=\\"158ap\\">Lieu de Rencontres, d’échanges, d’innovations, d’expérimentations, de créations et d’expressions.<br/>Une association est la traduction d’une forme de mouvement social qui formule un projet.<br/>Le projet correspond à une quête de l’idéal de la vie en société.<br/>L’association, porteuse de projet est un moteur de la transformation sociale sous réserve qu’elle produise une réflexion, un débat social qui favorise l’émergence des innovations et des expérimentations.<br/>La fonction du projet consiste à organiser le développement de l’association de façon active, en planifiant les différentes étapes de l’évolution au plus près de l’objet de l’association.<br/>Sans projet, la MJC en perdant prise sur son environnement social, court le risque de perdre sa légitimité auprès des acteurs locaux.<br/>L’ensemble des domaines d’activités de la MJC repose sur le fondement que constitue le projet associatif.<br/>Le projet c’est la rencontre du plaisir et de la pensée.<br/>Forum des dirigeants associatifs<br/>Saubens (31) – 21 octobre 2000</p><p data-block-key=\\"6le62\\">La Maison des Jeunes et de la Culture contribue au mieux être social des individus et forme plusieurs générations d’hommes et de femmes en développant la personnalité de créateurs, de techniciens, d’artistes, d’éducateurs, d’animateurs.<br/>Il n’est pas de démocratie sans règles. Voilà pourquoi les MJC fonctionnent dans un cadre statutaire précis.<br/>Ces règles servent à former les jeunes à la vie démocratique et au sens des responsabilités. La structure MJC est la concrétisation d’un espace favorable à l’imagination, à l’initiative et à la créativité.<br/>Les jeunes comme les adultes vont donc inventer et créer dans la MJC, tremplin pour l’esprit de tolérance et de solidarité, pour l’acquisition d’un humanisme de notre temps</p>", "expired": false, "alias_of": null, "numchild": 0, "subtitle": "", "url_path": "/accueil/lassociation/projet-associatif/", "expire_at": null, "locked_at": null, "locked_by": null, "seo_title": "", "go_live_at": null, "draft_title": "Projet associatif", "content_type": 39, "seo_keywords": "", "live_revision": null, "show_in_menus": false, "latest_revision": null, "translation_key": "41658968-aea3-4577-8b92-72aa2d812544", "last_published_at": null, "first_published_at": null, "search_description": "", "show_image_in_page": true, "wagtail_admin_comments": [], "has_unpublished_changes": false, "latest_revision_created_at": null}	\N	5	1	39	1	Projet associatif
14	2025-03-12 17:43:10.773976+01	{"pk": 14, "live": true, "path": "000100010003", "slug": "évènements-passés", "depth": 3, "intro": "", "owner": 1, "title": "Évènements passés", "locale": 1, "locked": false, "expired": false, "alias_of": null, "numchild": 0, "url_path": "/accueil/évènements-passés/", "expire_at": null, "locked_at": null, "locked_by": null, "seo_title": "", "go_live_at": null, "draft_title": "Évènements passés", "content_type": 37, "seo_keywords": "", "live_revision": null, "show_in_menus": false, "latest_revision": null, "translation_key": "0eb2b2e0-3714-4b5d-b680-a23c1e09779b", "last_published_at": null, "first_published_at": null, "search_description": "", "wagtail_admin_comments": [], "has_unpublished_changes": false, "latest_revision_created_at": null}	\N	14	1	37	1	Évènements passés
11	2025-03-12 17:41:23.789144+01	{"pk": 11, "live": true, "path": "0001000100010007", "slug": "bénévoles", "depth": 4, "image": null, "owner": 1, "title": "Bénévoles", "locale": 1, "locked": false, "content": "", "expired": false, "alias_of": null, "numchild": 0, "subtitle": "À faire", "url_path": "/accueil/lassociation/bénévoles/", "expire_at": null, "locked_at": null, "locked_by": null, "seo_title": "", "go_live_at": null, "draft_title": "Bénévoles", "content_type": 39, "seo_keywords": "", "live_revision": null, "show_in_menus": false, "latest_revision": null, "translation_key": "e4368fc0-64c2-4cdd-a04f-4c4420c268a6", "last_published_at": null, "first_published_at": null, "search_description": "", "show_image_in_page": true, "wagtail_admin_comments": [], "has_unpublished_changes": false, "latest_revision_created_at": null}	\N	11	1	39	1	Bénévoles
8	2025-03-12 17:39:23.995818+01	{"pk": 8, "live": true, "path": "0001000100010004", "slug": "partenaires", "depth": 4, "image": 8, "owner": 1, "title": "Partenaires", "locale": 1, "locked": false, "content": "<p data-block-key=\\"vp6qr\\"> <b>La MJC de Rodez est subventionnée par :</b></p><p data-block-key=\\"q6i0\\"><a href=\\"https://www.ville-rodez.fr/\\">la Ville de Rodez</a></p><p data-block-key=\\"f1afr\\"><b>Elle bénéficie du soutien financier de :</b></p><p data-block-key=\\"9pmsg\\"><a href=\\"https://www.prefectures-regions.gouv.fr/occitanie\\">Préfet de la Région Occitanie</a><br/><a href=\\"https://www.laregion.fr/\\">Région Occitanie / Pyrénées-Méditerranée</a><br/><a href=\\"https://aveyron.fr/\\">Département de l’Aveyron</a><br/><a href=\\"https://www.education.gouv.fr/\\">Ministère de l'Education nationale et de la jeunesse</a><br/><a href=\\"https://onda.fr/\\">ONDA</a><br/><a href=\\"https://quebec.consulfrance.org/Commission-permanente-de-cooperation-franco-quebecoise-CPCFQ\\">Coopération France-Québec</a><br/><a href=\\"https://www.diplomatie.gouv.fr/fr/politique-etrangere-de-la-france/action-exterieure-des-collectivites-territoriales/la-commission-nationale-de-la-cooperation-decentralisee-cncd/\\">Commission Nationale de la Coopération Décentralisée</a></p><p data-block-key=\\"3dejs\\"><b>La MJC de Rodez remercie ses partenaires privés :</b></p><p data-block-key=\\"8hnsg\\"><a href=\\"https://www.ca-nmp.fr/\\">Crédit Agricole Nord Midi-Pyrénées</a><br/><a href=\\"https://www.mgen.fr/\\">MGEN</a><br/><a href=\\"https://all.accor.com/hotel/2748/index.fr.shtml?utm_campaign=seo+maps&amp;utm_medium=seo+maps&amp;utm_source=google+Maps\\">Hôtel Ibis</a><br/><a href=\\"https://www.facebook.com/people/AIS-Imprimerie-du-Bassin/100063581365909/\\">AIS imprimerie du Bassin</a></p><p data-block-key=\\"1dmbh\\"><b>Ses partenaires locaux :</b></p><p data-block-key=\\"3qdf\\"><a href=\\"https://www.la-baleine.eu/\\">La Baleine</a><br/><a href=\\"https://la-baleine.eu/le-krill/\\">Le Krill</a><br/><a href=\\"https://leclubrodez.com/\\">Le Club</a><br/><a href=\\"https://www.mjc-onet.com/\\">MJC d'Onet-le-Château</a><br/><a href=\\"https://mjcllp.fr/\\">MJC de Luc-la-Primaube</a><br/><a href=\\"https://www.cgrcinemas.fr/cinema/w1200-cgr-rodez/\\">CGR deRodez</a><br/><a href=\\"https://www.crd-aveyron.fr/\\">Conservatoire de l'Aveyron</a><br/><a href=\\"https://www.ville-rodez.fr/quotidien/enfance-jeunesse/petite-enfance/relais-petite-enfance/\\">Relais petite enfance Mill’couleurs</a><br/><a href=\\"https://caf.fr/allocataires/caf-de-l-aveyron\\">Centre social de Rodez - CAF de l’Aveyron</a><br/><a href=\\"https://paniers.loco-motives.fr/\\">Les Loco Motivés</a><br/><a href=\\"https://www.ville-rodez.fr/quotidien/solidarite/maisons-de-quartier/\\">Maisons de quartier de Gourgan et Saint-Éloi</a></p><p data-block-key=\\"el6u\\"><b>Et ses réseaux :</b></p><p data-block-key=\\"bcrjj\\"><a href=\\"https://frmjc-occitanie.net/\\">Fédération régionale des MJC Occitanie</a><br/><a href=\\"https://rtados.qc.ca/\\">Rencontre Théâtre Ados</a><br/><a href=\\"https://www.facebook.com/p/R%C3%A9seau-DynamO-100068023193501/\\">Réseau dynamO</a><br/><a href=\\"https://www.pjp-occitanie.fr/\\">Plateforme jeune public Occitanie</a><br/><a href=\\"https://www.reseau-pyramid.org/\\">Réseau Pyramid</a><br/><a href=\\"https://www.lechainon.fr/\\">Réseau Chainon</a><br/><a href=\\"https://www.reseauenscene.fr/\\">Occitanie en scène</a><br/><a href=\\"https://redlab.fr/\\">RedLab - Réseau des FabLabs d'Occitanie</a><br/><a href=\\"https://rfflabs.fr/\\">RFF - Réseau français des FabLabs</a></p>", "expired": false, "alias_of": null, "numchild": 0, "subtitle": "Avec sommes nous en lien ?", "url_path": "/accueil/lassociation/partenaires/", "expire_at": null, "locked_at": null, "locked_by": null, "seo_title": "", "go_live_at": null, "draft_title": "Partenaires", "content_type": 39, "seo_keywords": "", "live_revision": null, "show_in_menus": false, "latest_revision": null, "translation_key": "3e116fa3-f140-4388-b049-5e5491feeb8b", "last_published_at": null, "first_published_at": null, "search_description": "", "show_image_in_page": true, "wagtail_admin_comments": [], "has_unpublished_changes": false, "latest_revision_created_at": null}	\N	8	1	39	1	Partenaires
7	2025-03-12 17:38:37.94549+01	{"pk": 7, "live": true, "path": "0001000100010003", "slug": "vie-associative", "depth": 4, "image": 9, "owner": 1, "title": "Vie Associative", "locale": 1, "locked": false, "content": "<p data-block-key=\\"7jxtv\\">Créée en 1970, la Maison des Jeunes et de la Culture de Rodez est une association d’éducation populaire à but non lucratif. Elle a été fondée pour favoriser l’accès à l’éducation et à la culture pour que chacun contribue à la création d’une société plus solidaire.<br/>C’est un lieu de pratique d’activités mais aussi et surtout un lieu de rencontres, d’échanges, d’innovations, d’expérimentations, de créations et d’expressions.</p><p data-block-key=\\"997ep\\">La MJC est une association loi 1901 qui anime et gère un équipement en partenariat avec la <a href=\\"https://www.ville-rodez.fr/\\"><b>Ville de Rodez</b></a> et de nombreux partenaires institutionnels et associatifs. Avec plus de 80 activités, une saison culturelle et un FabLab, le tout organisé sous couvert d’une seule entité juridique, et environ 3500 adhérents, un minimum d’organisation est nécessaire ! Pour cela, les <a href=\\"https://www.mjcrodez.fr/uploads/2022/07/statuts-mjc-rodez.pdf\\"><b>statuts</b></a> et le <a href=\\"https://www.mjcrodez.fr/uploads/2022/07/reglement-interieur-mjc-rodez.pdf\\"><b>règlement intérieur</b></a> constituent les principes de vie au quotidien.</p><p data-block-key=\\"1kuer\\">Si nous vous offrons tous les ans autant d’activités, c’est que l’ensemble des bénévoles et professionnels sont portés par des envies de « plus » et de « toujours mieux ».</p><p data-block-key=\\"a0dvk\\">En adhérant à la MJC vous acceptez aussi d’être acteur(trice) de la Maison de demain.  Vous avez une idée ? Un peu de temps à donner ? L’envie de participer activement à la vie associative. Venez nous rencontrer !</p><p data-block-key=\\"f2q6i\\"><a href=\\"https://www.mjcrodez.fr/association/conseil-administration/\\"><b>Conseil d'administration</b></a></p>", "expired": false, "alias_of": null, "numchild": 0, "subtitle": "", "url_path": "/accueil/lassociation/vie-associative/", "expire_at": null, "locked_at": null, "locked_by": null, "seo_title": "", "go_live_at": null, "draft_title": "Vie Associative", "content_type": 39, "seo_keywords": "", "live_revision": null, "show_in_menus": false, "latest_revision": null, "translation_key": "5b3d3cf1-3fc9-42a6-ab5c-b0c275a1b4a7", "last_published_at": null, "first_published_at": null, "search_description": "", "show_image_in_page": true, "wagtail_admin_comments": [], "has_unpublished_changes": false, "latest_revision_created_at": null}	\N	7	1	39	1	Vie Associative
6	2025-03-12 17:38:05.9478+01	{"pk": 6, "live": true, "path": "0001000100010002", "slug": "adhérer", "depth": 4, "image": 10, "owner": 1, "title": "Adhérer", "locale": 1, "locked": false, "content": "<p data-block-key=\\"kurjp\\"><b>Carte d’adhérent 2024-2025</b><br/></p><p data-block-key=\\"fbcqn\\">&gt; Non remboursable et prise à l’inscription (pas de prise en charge par les Comités d’Entreprises ou Comités d’Action Sociale).<br/>&gt; Elle comprend l’assurance pour la pratique d’une activité.<br/>&gt; Elle est valable dans les autres MJC de l’agglomération, permet un accès libre à l’espace numérique et de bénéficier du tarif réduit pour les spectacles.<br/>&gt; Un certificat médical ou <a href=\\"https://www.mjcrodez.fr/uploads/2024/08/questionnaire-sante-mjc-de-rodez-24-25-web.pdf\\">questionnaire de santé</a> est obligatoire à l’inscription pour les activités sportives.</p><p data-block-key=\\"3je0u\\"><b>Période de validité</b><br/>Annuelle = Début septembre 2024 à fin août 2025</p><p data-block-key=\\"cdvn0\\"><b>Prix</b><br/>Adulte : 18 €<br/>Jeune (-26 ans) : 9 €<br/>Étudiant : 9 €*<br/>Demandeur d’emploi  : 9 €*<br/>Couple : 27 €<br/>Famille (parents + 2 enfants mineurs ou plus) : 36 €</p><p data-block-key=\\"b9cqo\\"><b>Télécharger le bulletin d'adhésion</b>**<br/><a href=\\"https://www.mjcrodez.fr/uploads/2023/07/bulletin-adhesion-2023-24.pdf\\">Bulletin d'adhésion</a></p><p data-block-key=\\"60ouu\\"><b>Télécharger l'autorisation parentale</b>**<br/>(Obligatoire pour les mineurs)<br/><a href=\\"https://www.mjcrodez.fr/uploads/2024/08/autorisation-parentale-et-decharge-de-responsabilite-mjc-de-rodez-24-25-web.pdf\\">Autorisation parentale</a></p><p data-block-key=\\"51kj1\\"><b>Télécharger le questionnaire santé</b>**<br/>(Obligatoire pour les activités sportives)<br/><a href=\\"https://www.mjcrodez.fr/uploads/2024/08/questionnaire-sante-mjc-de-rodez-24-25-web.pdf\\">Questionnaire santé</a></p><p data-block-key=\\"b9291\\">* Sur justificatif<br/>** Une version papier est disponible à l'accueil</p>", "expired": false, "alias_of": null, "numchild": 0, "subtitle": "Comment devenir adhérent de la MJC ?", "url_path": "/accueil/lassociation/adhérer/", "expire_at": null, "locked_at": null, "locked_by": null, "seo_title": "", "go_live_at": null, "draft_title": "Adhérer", "content_type": 39, "seo_keywords": "", "live_revision": null, "show_in_menus": false, "latest_revision": null, "translation_key": "0f335305-beb8-4cfe-ad83-ad179a494c28", "last_published_at": null, "first_published_at": null, "search_description": "", "show_image_in_page": true, "wagtail_admin_comments": [], "has_unpublished_changes": false, "latest_revision_created_at": null}	\N	6	1	39	1	Adhérer
79	2025-03-13 12:45:35.768612+01	{"pk": 61, "live": true, "path": "0001000100040003", "slug": "alsh-à-carnon", "depth": 4, "image": 16, "owner": 1, "title": "ALSH à Carnon", "locale": 1, "locked": false, "expired": false, "alias_of": null, "numchild": 0, "url_path": "/accueil/services-de-la-mjc/alsh-à-carnon/", "expire_at": null, "locked_at": null, "locked_by": null, "seo_title": "", "go_live_at": null, "draft_title": "ALSH à Carnon", "content_type": 40, "seo_keywords": "", "live_revision": null, "show_in_menus": false, "latest_revision": null, "translation_key": "9aea61db-7cdf-48df-a51e-89fc6ad11f94", "last_published_at": null, "first_published_at": null, "search_description": "", "wagtail_admin_comments": [], "has_unpublished_changes": false, "latest_revision_created_at": null}	\N	61	1	40	1	ALSH à Carnon
77	2025-03-13 12:39:58.061573+01	{"pk": 59, "live": true, "path": "0001000100040001", "slug": "espace-de-vie-sociale-à-carnon", "depth": 4, "image": 14, "owner": 1, "title": "Espace de Vie Sociale à Carnon", "locale": 1, "locked": false, "expired": false, "alias_of": null, "numchild": 0, "url_path": "/accueil/services-de-la-mjc/espace-de-vie-sociale-à-carnon/", "expire_at": null, "locked_at": null, "locked_by": null, "seo_title": "", "go_live_at": null, "draft_title": "Espace de Vie Sociale à Carnon", "content_type": 40, "seo_keywords": "", "live_revision": null, "show_in_menus": false, "latest_revision": null, "translation_key": "8dbbe25f-ea6e-4d47-a73d-682c253d673a", "last_published_at": null, "first_published_at": null, "search_description": "", "wagtail_admin_comments": [], "has_unpublished_changes": false, "latest_revision_created_at": null}	\N	59	1	40	1	Espace de Vie Sociale à Carnon
13	2025-03-12 17:42:52.686831+01	{"pk": 13, "live": true, "path": "000100010002", "slug": "agenda", "depth": 3, "intro": "", "owner": 1, "title": "Agenda", "locale": 1, "locked": false, "expired": false, "alias_of": null, "numchild": 0, "url_path": "/accueil/agenda/", "expire_at": null, "locked_at": null, "locked_by": null, "seo_title": "", "go_live_at": null, "draft_title": "Agenda", "content_type": 35, "seo_keywords": "", "live_revision": null, "show_in_menus": false, "latest_revision": null, "translation_key": "242b6920-7cd4-4538-8a02-cffbae795dae", "last_published_at": null, "first_published_at": null, "search_description": "", "wagtail_admin_comments": [], "has_unpublished_changes": false, "latest_revision_created_at": null}	\N	13	1	35	1	Agenda
15	2025-03-12 17:44:54.753182+01	{"pk": 15, "live": true, "path": "0001000100020002", "slug": "festidrone", "depth": 4, "image": 3, "owner": 1, "title": "Festidrone", "ville": "Mauguio", "locale": 1, "locked": false, "content": "<p data-block-key=\\"dmmks\\"> </p><h2 data-block-key=\\"bjgq1\\">Festidrone - Le Festival du Clip de Drone Amateur !</h2><p data-block-key=\\"3rc5l\\"><br/>Dates : 14 et 15 mars 2025<br/>Lieu : MJC Mauguio-Carnon</p><p data-block-key=\\"a7q06\\">La MJC vous invite à découvrir le Festidrone, un événement nouveau dédié aux passionnés de drones, de la nature et des enjeux contemporains, le tout dans une ambiance conviviale et gratuite !</p><p data-block-key=\\"3rmle\\"><b>Au programme :</b></p><p data-block-key=\\"1sian\\">Pour les enfants de maternelle et primaire :</p><p data-block-key=\\"3u8hm\\">- Samedi 15/03 de 15h à 17h<br/>Des ateliers scientifiques et artistiques pour éveiller la créativité des plus jeunes ! Ils auront également droit à un délicieux goûter pour clôturer leur expérience.</p><p data-block-key=\\"drdpp\\">Pour les ados et adultes :<br/>-Vendredi 14/03 à 18h30 : Conférence L'Eauccitanie : Comprendre et préserver l'eau de notre région. En présence de Léa Duran hydrologue et data scientist.</p><p data-block-key=\\"e76p0\\">Quelle sera l'évolution des ressources en eau dans la région ? Quel est l'état des lieux sur le changement climatique dans le Sud de la France et son impact sur les réserves en eau ? Actions possibles pour préserver cette ressource précieuse.</p><p data-block-key=\\"9se21\\">-Samedi 15/03 de 15h à 17h : Atelier citoyen animé par l'association Eau'Dyssée, pour comprendre des enjeux environnementaux et sociaux.</p><p data-block-key=\\"a8ah3\\">Pour tous :</p><p data-block-key=\\"40s9k\\">-Samedi 15/03 de 17h30 à 19h30 :  Place à l'exposition des clips réalisés par nos participants et à des films de sensibilisation sur les enjeux liés à l’eau.</p><p data-block-key=\\"e7srp\\">Clôture du festival :<br/>La remise des prix aux meilleures créations et un apéritif de clôture pour échanger, célébrer et se détendre ensemble autour d’un verre.</p><p data-block-key=\\"6lhe7\\">Entrée libre dans la limite de places disponibles.<br/>Ateliers gratuits, inscription obligatoire.</p><p data-block-key=\\"41ctt\\">Pour vous inscrire aux ateliers, flashez le Qr code sur l’affiche ou cliquez sur le lien :</p><p data-block-key=\\"dkgpr\\"><a href=\\"https://forms.gle/5ytk7RRqZeoM7ujC9\\"><b>https://forms.gle/5ytk7RRqZeoM7ujC9</b></a></p><p data-block-key=\\"ckc1g\\">Un festival à ne pas manquer pour tous les passionnés de drones et de l’environnement, petits et grands !</p><p data-block-key=\\"2cblo\\">Au plaisir de vous accueillir à la MJC !</p><p data-block-key=\\"2nnsr\\"><a href=\\"https://www.facebook.com/hashtag/festidrone?__eep__=6&amp;__cft__[0]=AZWnK1QKEauXGlFzSqlBK3SHsIactpsujnZW2WO6FMHUPqIIAD-WQGww95JN7TIn6_umLxfHrK0xe1b92-EVdoEyW6q82Wsl2pq1zErM0arnhIdbt4OZYaFy-sMQBRwLAm1KOoFx3-bmUYxj4DbuUtOxNC5aNPzj0hHkAFfKqFxDbQ&amp;__tn__=*NK-R\\"><b>#Festidrone</b></a> <a href=\\"https://www.facebook.com/hashtag/mjc?__eep__=6&amp;__cft__[0]=AZWnK1QKEauXGlFzSqlBK3SHsIactpsujnZW2WO6FMHUPqIIAD-WQGww95JN7TIn6_umLxfHrK0xe1b92-EVdoEyW6q82Wsl2pq1zErM0arnhIdbt4OZYaFy-sMQBRwLAm1KOoFx3-bmUYxj4DbuUtOxNC5aNPzj0hHkAFfKqFxDbQ&amp;__tn__=*NK-R\\"><b>#MJC</b></a> <a href=\\"https://www.facebook.com/hashtag/festivaldrone?__eep__=6&amp;__cft__[0]=AZWnK1QKEauXGlFzSqlBK3SHsIactpsujnZW2WO6FMHUPqIIAD-WQGww95JN7TIn6_umLxfHrK0xe1b92-EVdoEyW6q82Wsl2pq1zErM0arnhIdbt4OZYaFy-sMQBRwLAm1KOoFx3-bmUYxj4DbuUtOxNC5aNPzj0hHkAFfKqFxDbQ&amp;__tn__=*NK-R\\"><b>#FestivalDrone</b></a> <a href=\\"https://www.facebook.com/hashtag/drone?__eep__=6&amp;__cft__[0]=AZWnK1QKEauXGlFzSqlBK3SHsIactpsujnZW2WO6FMHUPqIIAD-WQGww95JN7TIn6_umLxfHrK0xe1b92-EVdoEyW6q82Wsl2pq1zErM0arnhIdbt4OZYaFy-sMQBRwLAm1KOoFx3-bmUYxj4DbuUtOxNC5aNPzj0hHkAFfKqFxDbQ&amp;__tn__=*NK-R\\"><b>#Drone</b></a> <a href=\\"https://www.facebook.com/hashtag/artetscience?__eep__=6&amp;__cft__[0]=AZWnK1QKEauXGlFzSqlBK3SHsIactpsujnZW2WO6FMHUPqIIAD-WQGww95JN7TIn6_umLxfHrK0xe1b92-EVdoEyW6q82Wsl2pq1zErM0arnhIdbt4OZYaFy-sMQBRwLAm1KOoFx3-bmUYxj4DbuUtOxNC5aNPzj0hHkAFfKqFxDbQ&amp;__tn__=*NK-R\\"><b>#ArtEtScience</b></a> <a href=\\"https://www.facebook.com/hashtag/%C3%A9cologie?__eep__=6&amp;__cft__[0]=AZWnK1QKEauXGlFzSqlBK3SHsIactpsujnZW2WO6FMHUPqIIAD-WQGww95JN7TIn6_umLxfHrK0xe1b92-EVdoEyW6q82Wsl2pq1zErM0arnhIdbt4OZYaFy-sMQBRwLAm1KOoFx3-bmUYxj4DbuUtOxNC5aNPzj0hHkAFfKqFxDbQ&amp;__tn__=*NK-R\\"><b>#Écologie</b></a> <a href=\\"https://www.facebook.com/hashtag/citoyennet%C3%A9?__eep__=6&amp;__cft__[0]=AZWnK1QKEauXGlFzSqlBK3SHsIactpsujnZW2WO6FMHUPqIIAD-WQGww95JN7TIn6_umLxfHrK0xe1b92-EVdoEyW6q82Wsl2pq1zErM0arnhIdbt4OZYaFy-sMQBRwLAm1KOoFx3-bmUYxj4DbuUtOxNC5aNPzj0hHkAFfKqFxDbQ&amp;__tn__=*NK-R\\"><b>#Citoyenneté</b></a> <a href=\\"https://www.facebook.com/hashtag/%C3%A9v%C3%A9nementgratuit?__eep__=6&amp;__cft__[0]=AZWnK1QKEauXGlFzSqlBK3SHsIactpsujnZW2WO6FMHUPqIIAD-WQGww95JN7TIn6_umLxfHrK0xe1b92-EVdoEyW6q82Wsl2pq1zErM0arnhIdbt4OZYaFy-sMQBRwLAm1KOoFx3-bmUYxj4DbuUtOxNC5aNPzj0hHkAFfKqFxDbQ&amp;__tn__=*NK-R\\"><b>#ÉvénementGratuit</b></a> <a href=\\"https://www.facebook.com/hashtag/sensibilisation?__eep__=6&amp;__cft__[0]=AZWnK1QKEauXGlFzSqlBK3SHsIactpsujnZW2WO6FMHUPqIIAD-WQGww95JN7TIn6_umLxfHrK0xe1b92-EVdoEyW6q82Wsl2pq1zErM0arnhIdbt4OZYaFy-sMQBRwLAm1KOoFx3-bmUYxj4DbuUtOxNC5aNPzj0hHkAFfKqFxDbQ&amp;__tn__=*NK-R\\"><b>#Sensibilisation</b></a></p>", "expired": false, "alias_of": null, "end_date": "2025-03-15", "numchild": 0, "subtitle": "Festidrone - Le Festival du Clip de Drone Amateur !", "url_path": "/accueil/agenda/festidrone/", "expire_at": null, "locked_at": null, "locked_by": null, "seo_title": "", "go_live_at": null, "start_date": "2025-03-14", "draft_title": "Festidrone", "content_type": 36, "seo_keywords": "", "live_revision": null, "show_in_menus": false, "latest_revision": null, "translation_key": "8855d596-93e4-42f0-b108-cc91398a3aa7", "last_published_at": null, "first_published_at": null, "search_description": "", "wagtail_admin_comments": [], "has_unpublished_changes": false, "latest_revision_created_at": null}	\N	15	1	36	1	Festidrone
16	2025-03-12 17:51:55.15521+01	{"pk": 16, "live": true, "path": "000100010003", "slug": "activités", "depth": 3, "owner": 1, "title": "Activités", "locale": 1, "locked": false, "content": "", "expired": false, "alias_of": null, "numchild": 0, "url_path": "/accueil/activités/", "expire_at": null, "locked_at": null, "locked_by": null, "seo_title": "", "go_live_at": null, "draft_title": "Activités", "content_type": 31, "seo_keywords": "", "live_revision": null, "show_in_menus": false, "latest_revision": null, "translation_key": "be8d4734-a953-4fa9-b77d-4bcfcd70e6a1", "last_published_at": null, "first_published_at": null, "search_description": "", "wagtail_admin_comments": [], "has_unpublished_changes": false, "latest_revision_created_at": null}	\N	16	1	31	1	Activités
12	2025-03-12 17:42:13.36554+01	{"pk": 12, "live": true, "path": "0001000100010008", "slug": "locaux", "depth": 4, "image": 12, "owner": 1, "title": "Locaux", "locale": 1, "locked": false, "content": "<p data-block-key=\\"3mpja\\"></p><embed embedtype=\\"image\\" format=\\"left\\" id=\\"5\\" alt=\\"Intérieur de la MJC\\"/><p data-block-key=\\"57qk9\\"></p><embed embedtype=\\"image\\" format=\\"right\\" id=\\"4\\" alt=\\"Devant la MJC\\"/><p data-block-key=\\"2vtmr\\"></p>", "expired": false, "alias_of": null, "numchild": 0, "subtitle": "Ca ressemble à quoi chez nous ?", "url_path": "/accueil/lassociation/locaux/", "expire_at": null, "locked_at": null, "locked_by": null, "seo_title": "", "go_live_at": null, "draft_title": "Locaux", "content_type": 39, "seo_keywords": "", "live_revision": null, "show_in_menus": false, "latest_revision": null, "translation_key": "0ebe8441-a38d-41a8-9938-200abcc2fb99", "last_published_at": null, "first_published_at": null, "search_description": "", "show_image_in_page": true, "wagtail_admin_comments": [], "has_unpublished_changes": false, "latest_revision_created_at": null}	\N	12	1	39	1	Locaux
17	2025-03-12 17:52:15.563811+01	{"pk": 17, "link": "https://mjcmauguio-carnon.goasso.org/activites?q%5Bfull_text%5D=&q%5Bactivity_category_id_eq%5D=6&q%5Bactivity_schedules_schedule_type_eq%5D=&q%5Bavailable_for_age%5D=&q%5Bcourses_day_number%5D=&commi", "live": true, "path": "0001000100030001", "slug": "yoga", "depth": 4, "image": 2, "owner": 1, "title": "Yoga", "locale": 1, "locked": false, "content": "", "expired": false, "alias_of": null, "numchild": 0, "subtitle": "Découvrez les bienfaits du yoga", "url_path": "/accueil/activités/yoga/", "expire_at": null, "locked_at": null, "locked_by": null, "seo_title": "", "animateurs": [], "go_live_at": null, "draft_title": "Yoga", "content_type": 33, "seo_keywords": "", "live_revision": null, "show_in_menus": false, "sub_activities": [{"pk": 1, "page": 17, "title": "Yoga débutants", "sort_order": 0, "description": ""}, {"pk": 2, "page": 17, "title": "Yoga avancé", "sort_order": 1, "description": ""}, {"pk": 3, "page": 17, "title": "Yoga tout niveaux", "sort_order": 2, "description": ""}], "latest_revision": null, "translation_key": "d71f8e90-19b3-4f05-9189-6fd81ced3b60", "last_published_at": null, "first_published_at": null, "search_description": "", "wagtail_admin_comments": [], "has_unpublished_changes": false, "latest_revision_created_at": null}	\N	17	1	33	1	Yoga
18	2025-03-12 17:54:04.527756+01	{"pk": 18, "link": "https://mjcmauguio-carnon.goasso.org/activites?q%5Bfull_text%5D=&q%5Bactivity_category_id_eq%5D=1&q%5Bactivity_schedules_schedule_type_eq%5D=&q%5Bavailable_for_age%5D=&q%5Bcourses_day_number%5D=&commi", "live": true, "path": "0001000100030002", "slug": "danse-espagnole", "depth": 4, "image": 13, "owner": 1, "title": "Danse Espagnole", "locale": 1, "locked": false, "content": "", "expired": false, "alias_of": null, "numchild": 0, "subtitle": "", "url_path": "/accueil/activités/danse-espagnole/", "expire_at": null, "locked_at": null, "locked_by": null, "seo_title": "", "animateurs": [1], "go_live_at": null, "draft_title": "Danse Espagnole", "content_type": 33, "seo_keywords": "", "live_revision": null, "show_in_menus": false, "sub_activities": [], "latest_revision": null, "translation_key": "3e2e971d-a191-45f8-b628-c4c0c9667478", "last_published_at": null, "first_published_at": null, "search_description": "", "wagtail_admin_comments": [], "has_unpublished_changes": false, "latest_revision_created_at": null}	\N	18	1	33	1	Danse Espagnole
20	2025-03-12 17:54:28.533045+01	{"pk": 17, "link": "https://mjcmauguio-carnon.goasso.org/activites?q%5Bfull_text%5D=&q%5Bactivity_category_id_eq%5D=6&q%5Bactivity_schedules_schedule_type_eq%5D=&q%5Bavailable_for_age%5D=&q%5Bcourses_day_number%5D=&commi", "live": true, "path": "0001000100030001", "slug": "yoga", "depth": 4, "image": 2, "owner": 1, "title": "Yoga", "locale": 1, "locked": false, "content": "", "expired": false, "alias_of": null, "numchild": 0, "subtitle": "Découvrez les bienfaits du yoga", "url_path": "/accueil/activités/yoga/", "expire_at": null, "locked_at": null, "locked_by": null, "seo_title": "", "animateurs": [2], "go_live_at": null, "draft_title": "Yoga", "content_type": 33, "seo_keywords": "", "live_revision": 17, "show_in_menus": false, "sub_activities": [{"pk": 1, "page": 17, "title": "Yoga débutants", "sort_order": 0, "description": ""}, {"pk": 2, "page": 17, "title": "Yoga avancé", "sort_order": 1, "description": ""}, {"pk": 3, "page": 17, "title": "Yoga tout niveaux", "sort_order": 2, "description": ""}], "latest_revision": 17, "translation_key": "d71f8e90-19b3-4f05-9189-6fd81ced3b60", "last_published_at": "2025-03-12T16:52:15.614Z", "first_published_at": "2025-03-12T16:52:15.614Z", "search_description": "", "wagtail_admin_comments": [], "has_unpublished_changes": false, "latest_revision_created_at": "2025-03-12T16:52:15.563Z"}	\N	17	1	33	1	Yoga
21	2025-03-12 17:57:27.392069+01	{"pk": 19, "link": "https://mjcmauguio-carnon.goasso.org/activites?q%5Bfull_text%5D=&q%5Bactivity_category_id_eq%5D=6&q%5Bactivity_schedules_schedule_type_eq%5D=&q%5Bavailable_for_age%5D=&q%5Bcourses_day_number%5D=&commi", "live": true, "path": "0001000100030003", "slug": "poterie", "depth": 4, "image": 1, "owner": 1, "title": "Poterie", "locale": 1, "locked": false, "content": "", "expired": false, "alias_of": null, "numchild": 0, "subtitle": "Une merveilleuse activité manuelle", "url_path": "/accueil/activités/poterie/", "expire_at": null, "locked_at": null, "locked_by": null, "seo_title": "", "animateurs": [], "go_live_at": null, "draft_title": "Poterie", "content_type": 33, "seo_keywords": "", "live_revision": null, "show_in_menus": false, "sub_activities": [], "latest_revision": null, "translation_key": "f6425ab6-c0c9-462c-a37f-fb20c1b6ee54", "last_published_at": null, "first_published_at": null, "search_description": "", "wagtail_admin_comments": [], "has_unpublished_changes": false, "latest_revision_created_at": null}	\N	19	1	33	1	Poterie
22	2025-03-12 17:57:42.74994+01	{"pk": 19, "link": "https://mjcmauguio-carnon.goasso.org/activites?q%5Bfull_text_all_seasons%5D=poterie&q%5Bactivity_category_id_eq%5D=3&q%5Bactivity_schedules_schedule_type_eq%5D=&q%5Bavailable_for_age%5D=&q%5Bcourses_d", "live": true, "path": "0001000100030003", "slug": "poterie", "depth": 4, "image": 1, "owner": 1, "title": "Poterie", "locale": 1, "locked": false, "content": "", "expired": false, "alias_of": null, "numchild": 0, "subtitle": "Une merveilleuse activité manuelle", "url_path": "/accueil/activités/poterie/", "expire_at": null, "locked_at": null, "locked_by": null, "seo_title": "", "animateurs": [], "go_live_at": null, "draft_title": "Poterie", "content_type": 33, "seo_keywords": "", "live_revision": 21, "show_in_menus": false, "sub_activities": [], "latest_revision": 21, "translation_key": "f6425ab6-c0c9-462c-a37f-fb20c1b6ee54", "last_published_at": "2025-03-12T16:57:27.442Z", "first_published_at": "2025-03-12T16:57:27.442Z", "search_description": "", "wagtail_admin_comments": [], "has_unpublished_changes": false, "latest_revision_created_at": "2025-03-12T16:57:27.392Z"}	\N	19	1	33	1	Poterie
19	2025-03-12 17:54:22.781858+01	{"pk": 18, "link": "https://mjcmauguio-carnon.goasso.org/activites?q%5Bfull_text%5D=&q%5Bactivity_category_id_eq%5D=1&q%5Bactivity_schedules_schedule_type_eq%5D=&q%5Bavailable_for_age%5D=&q%5Bcourses_day_number%5D=&commi", "live": true, "path": "0001000100030002", "slug": "danse-espagnole", "depth": 4, "image": 13, "owner": 1, "title": "Danses Espagnole", "locale": 1, "locked": false, "content": "", "expired": false, "alias_of": null, "numchild": 0, "subtitle": "", "url_path": "/accueil/activités/danse-espagnole/", "expire_at": null, "locked_at": null, "locked_by": null, "seo_title": "", "animateurs": [1], "go_live_at": null, "draft_title": "Danse Espagnole", "content_type": 33, "seo_keywords": "", "live_revision": 18, "show_in_menus": false, "sub_activities": [], "latest_revision": 18, "translation_key": "3e2e971d-a191-45f8-b628-c4c0c9667478", "last_published_at": "2025-03-12T16:54:04.571Z", "first_published_at": "2025-03-12T16:54:04.571Z", "search_description": "", "wagtail_admin_comments": [], "has_unpublished_changes": false, "latest_revision_created_at": "2025-03-12T16:54:04.527Z"}	\N	18	1	33	1	Danses Espagnole
1	2025-03-12 16:58:57.483652+01	{"pk": 3, "live": false, "path": "00010001", "slug": "accueil", "depth": 2, "owner": 1, "title": "Accueil", "locale": 1, "locked": false, "expired": false, "alias_of": null, "numchild": 0, "url_path": "/accueil/", "expire_at": null, "locked_at": null, "locked_by": null, "seo_title": "", "video_url": "https://www.youtube.com/embed/EQ-DKvLQlyQ?si=EtYpvG7MPgxzXNUl", "go_live_at": null, "hero_image": null, "draft_title": "Accueil", "intro_title": "Bienvenue à la MJC", "content_type": 45, "seo_keywords": "", "extra_content": "", "live_revision": null, "show_in_menus": false, "rotating_words": [{"pk": 1, "page": 3, "word": "de la Culture"}], "latest_revision": null, "translation_key": "bd02650d-a10d-4683-a91a-fb2a7fb90d81", "last_published_at": null, "first_published_at": null, "search_description": "", "wagtail_admin_comments": [], "has_unpublished_changes": false, "latest_revision_created_at": null}	\N	3	1	45	1	Accueil
56	2025-03-13 10:59:56.668505+01	{"pk": 3, "live": true, "path": "00010001", "slug": "accueil", "depth": 2, "owner": 1, "title": "Accueil", "locale": 1, "locked": false, "expired": false, "alias_of": null, "numchild": 3, "url_path": "/accueil/", "expire_at": null, "locked_at": null, "locked_by": null, "seo_title": "", "video_url": "https://www.youtube.com/embed/2X0n-CC-rL8?si=5rp2bWBBMXXYkDD6", "go_live_at": null, "hero_image": 4, "draft_title": "Accueil", "intro_title": "Bienvenue à la MJC", "content_type": 45, "seo_keywords": "", "extra_content": "", "live_revision": 3, "show_in_menus": false, "rotating_words": [{"pk": 1, "page": 3, "word": "de la Culture"}, {"pk": 2, "page": 3, "word": "des Sports Collectifs"}, {"pk": 3, "page": 3, "word": "des Danses"}, {"pk": 4, "page": 3, "word": "des Évènements"}], "latest_revision": 55, "translation_key": "bd02650d-a10d-4683-a91a-fb2a7fb90d81", "last_published_at": "2025-03-12T16:36:32.978Z", "first_published_at": "2025-03-12T15:59:59.025Z", "search_description": "", "wagtail_admin_comments": [], "has_unpublished_changes": true, "latest_revision_created_at": "2025-03-13T09:59:25.414Z"}	\N	3	1	45	1	Accueil
59	2025-03-13 11:28:20.416672+01	{"pk": 18, "link": "https://mjcmauguio-carnon.goasso.org/activites?q%5Bfull_text_all_seasons%5D=espagnoles&q%5Bactivity_category_id_eq%5D=1&q%5Bactivity_schedules_schedule_type_eq%5D=&q%5Bavailable_for_age%5D=&q%5Bcourse", "live": true, "path": "0001000100030002", "slug": "danse-espagnole", "depth": 4, "image": 13, "owner": 1, "title": "Danses Espagnole", "locale": 1, "locked": false, "content": "", "expired": false, "alias_of": null, "numchild": 0, "subtitle": "", "url_path": "/accueil/activités/danse-espagnole/", "expire_at": null, "locked_at": null, "locked_by": null, "seo_title": "", "animateurs": [1], "go_live_at": null, "draft_title": "Danses Espagnole", "content_type": 33, "seo_keywords": "", "live_revision": 58, "show_in_menus": false, "sub_activities": [], "latest_revision": 58, "translation_key": "3e2e971d-a191-45f8-b628-c4c0c9667478", "last_published_at": "2025-03-13T10:26:34.172Z", "first_published_at": "2025-03-12T16:54:04.571Z", "search_description": "", "wagtail_admin_comments": [], "has_unpublished_changes": false, "latest_revision_created_at": "2025-03-13T10:26:34.114Z"}	\N	18	1	33	1	Danses Espagnole
57	2025-03-13 11:25:56.624567+01	{"pk": 18, "link": "https://mjcmauguio-carnon.goasso.org/activites?q%5Bfull_text_all_seasons%5D=danses+espagnoles&q%5Bactivity_category_id_eq%5D=1&q%5Bactivity_schedules_schedule_type_eq%5D=&q%5Bavailable_for_age%5D=&q%5", "live": true, "path": "0001000100030002", "slug": "danse-espagnole", "depth": 4, "image": 13, "owner": 1, "title": "Danses Espagnole", "locale": 1, "locked": false, "content": "", "expired": false, "alias_of": null, "numchild": 0, "subtitle": "", "url_path": "/accueil/activités/danse-espagnole/", "expire_at": null, "locked_at": null, "locked_by": null, "seo_title": "", "animateurs": [1], "go_live_at": null, "draft_title": "Danses Espagnole", "content_type": 33, "seo_keywords": "", "live_revision": 19, "show_in_menus": false, "sub_activities": [], "latest_revision": 19, "translation_key": "3e2e971d-a191-45f8-b628-c4c0c9667478", "last_published_at": "2025-03-12T16:54:22.829Z", "first_published_at": "2025-03-12T16:54:04.571Z", "search_description": "", "wagtail_admin_comments": [], "has_unpublished_changes": false, "latest_revision_created_at": "2025-03-12T16:54:22.781Z"}	\N	18	1	33	1	Danses Espagnole
58	2025-03-13 11:26:34.114445+01	{"pk": 18, "link": "https://mjcmauguio-carnon.goasso.org/activites?q%5Bfull_text_all_seasons%5D=espagnoles&q%5Bactivity_category_id_eq%5D=1&q%5Bactivity_schedules_schedule_type_eq%5D=&q%5Bavailable_for_age%5D=&q%5Bcourse", "live": true, "path": "0001000100030002", "slug": "danse-espagnole", "depth": 4, "image": 13, "owner": 1, "title": "Danses Espagnole", "locale": 1, "locked": false, "content": "", "expired": false, "alias_of": null, "numchild": 0, "subtitle": "", "url_path": "/accueil/activités/danse-espagnole/", "expire_at": null, "locked_at": null, "locked_by": null, "seo_title": "", "animateurs": [1], "go_live_at": null, "draft_title": "Danses Espagnole", "content_type": 33, "seo_keywords": "", "live_revision": 57, "show_in_menus": false, "sub_activities": [], "latest_revision": 57, "translation_key": "3e2e971d-a191-45f8-b628-c4c0c9667478", "last_published_at": "2025-03-13T10:25:56.685Z", "first_published_at": "2025-03-12T16:54:04.571Z", "search_description": "", "wagtail_admin_comments": [], "has_unpublished_changes": false, "latest_revision_created_at": "2025-03-13T10:25:56.624Z"}	\N	18	1	33	1	Danses Espagnole
2	2025-03-12 16:59:58.980884+01	{"pk": 3, "live": false, "path": "00010001", "slug": "accueil", "depth": 2, "owner": 1, "title": "Accueil", "locale": 1, "locked": false, "expired": false, "alias_of": null, "numchild": 0, "url_path": "/accueil/", "expire_at": null, "locked_at": null, "locked_by": null, "seo_title": "", "video_url": "https://www.youtube.com/embed/2X0n-CC-rL8?si=5rp2bWBBMXXYkDD6", "go_live_at": null, "hero_image": null, "draft_title": "Accueil", "intro_title": "Bienvenue à la MJC", "content_type": 45, "seo_keywords": "", "extra_content": "", "live_revision": null, "show_in_menus": false, "rotating_words": [{"pk": 1, "page": 3, "word": "de la Culture"}, {"pk": 2, "page": 3, "word": "des Sports Collectifs"}, {"pk": 3, "page": 3, "word": "des Danses"}, {"pk": 4, "page": 3, "word": "des Évènements"}], "latest_revision": 1, "translation_key": "bd02650d-a10d-4683-a91a-fb2a7fb90d81", "last_published_at": null, "first_published_at": null, "search_description": "", "wagtail_admin_comments": [], "has_unpublished_changes": true, "latest_revision_created_at": "2025-03-12T15:58:57.483Z"}	\N	3	1	45	1	Accueil
3	2025-03-12 17:36:32.831967+01	{"pk": 3, "live": true, "path": "00010001", "slug": "accueil", "depth": 2, "owner": 1, "title": "Accueil", "locale": 1, "locked": false, "expired": false, "alias_of": null, "numchild": 0, "url_path": "/accueil/", "expire_at": null, "locked_at": null, "locked_by": null, "seo_title": "", "video_url": "https://www.youtube.com/embed/2X0n-CC-rL8?si=5rp2bWBBMXXYkDD6", "go_live_at": null, "hero_image": 4, "draft_title": "Accueil", "intro_title": "Bienvenue à la MJC", "content_type": 45, "seo_keywords": "", "extra_content": "", "live_revision": 2, "show_in_menus": false, "rotating_words": [{"pk": 1, "page": 3, "word": "de la Culture"}, {"pk": 2, "page": 3, "word": "des Sports Collectifs"}, {"pk": 3, "page": 3, "word": "des Danses"}, {"pk": 4, "page": 3, "word": "des Évènements"}], "latest_revision": 2, "translation_key": "bd02650d-a10d-4683-a91a-fb2a7fb90d81", "last_published_at": "2025-03-12T15:59:59.025Z", "first_published_at": "2025-03-12T15:59:59.025Z", "search_description": "", "wagtail_admin_comments": [], "has_unpublished_changes": false, "latest_revision_created_at": "2025-03-12T15:59:58.980Z"}	\N	3	1	45	1	Accueil
54	2025-03-13 10:57:40.913953+01	{"pk": 3, "live": true, "path": "00010001", "slug": "accueil", "depth": 2, "owner": 1, "title": "Accueil", "locale": 1, "locked": false, "expired": false, "alias_of": null, "numchild": 3, "url_path": "/accueil/", "expire_at": null, "locked_at": null, "locked_by": null, "seo_title": "", "video_url": "http://www.youtube.com/embed/f5eCKCPzE7U?si=rzSkW5UGKW3qzpGn", "go_live_at": null, "hero_image": 4, "draft_title": "Accueil", "intro_title": "Bienvenue à la MJC", "content_type": 45, "seo_keywords": "", "extra_content": "", "live_revision": 3, "show_in_menus": false, "rotating_words": [{"pk": 1, "page": 3, "word": "de la Culture"}, {"pk": 2, "page": 3, "word": "des Sports Collectifs"}, {"pk": 3, "page": 3, "word": "des Danses"}, {"pk": 4, "page": 3, "word": "des Évènements"}], "latest_revision": 3, "translation_key": "bd02650d-a10d-4683-a91a-fb2a7fb90d81", "last_published_at": "2025-03-12T16:36:32.978Z", "first_published_at": "2025-03-12T15:59:59.025Z", "search_description": "", "wagtail_admin_comments": [], "has_unpublished_changes": false, "latest_revision_created_at": "2025-03-12T16:36:32.831Z"}	\N	3	1	45	1	Accueil
55	2025-03-13 10:59:25.414008+01	{"pk": 3, "live": true, "path": "00010001", "slug": "accueil", "depth": 2, "owner": 1, "title": "Accueil", "locale": 1, "locked": false, "expired": false, "alias_of": null, "numchild": 3, "url_path": "/accueil/", "expire_at": null, "locked_at": null, "locked_by": null, "seo_title": "", "video_url": "https://www.youtube.com/embed/2X0n-CC-rL8?si=5rp2bWBBMXXYkDD6", "go_live_at": null, "hero_image": 4, "draft_title": "Accueil", "intro_title": "Bienvenue à la MJC", "content_type": 45, "seo_keywords": "", "extra_content": "", "live_revision": 3, "show_in_menus": false, "rotating_words": [{"pk": 1, "page": 3, "word": "de la Culture"}, {"pk": 2, "page": 3, "word": "des Sports Collectifs"}, {"pk": 3, "page": 3, "word": "des Danses"}, {"pk": 4, "page": 3, "word": "des Évènements"}], "latest_revision": 54, "translation_key": "bd02650d-a10d-4683-a91a-fb2a7fb90d81", "last_published_at": "2025-03-12T16:36:32.978Z", "first_published_at": "2025-03-12T15:59:59.025Z", "search_description": "", "wagtail_admin_comments": [], "has_unpublished_changes": true, "latest_revision_created_at": "2025-03-13T09:57:40.913Z"}	\N	3	1	45	1	Accueil
64	2025-03-13 12:16:07.898015+01	{"pk": 3, "live": true, "path": "00010001", "slug": "accueil", "depth": 2, "owner": 1, "title": "Accueil", "locale": 1, "locked": false, "expired": false, "alias_of": null, "numchild": 3, "url_path": "/accueil/", "expire_at": null, "locked_at": null, "locked_by": null, "seo_title": "", "video_url": "https://www.youtube.com/embed/2X0n-CC-rL8?si=5rp2bWBBMXXYkDD6", "go_live_at": null, "hero_image": 4, "draft_title": "Accueil", "intro_title": "Bienvenue à la MJC", "content_type": 45, "seo_keywords": "", "extra_content": "", "live_revision": 56, "show_in_menus": false, "rotating_words": [{"pk": 1, "page": 3, "word": "de la Culture"}, {"pk": 2, "page": 3, "word": "des Sports Collectifs"}, {"pk": 3, "page": 3, "word": "des Danses"}, {"pk": 4, "page": 3, "word": "des Évènements"}], "latest_revision": 56, "translation_key": "bd02650d-a10d-4683-a91a-fb2a7fb90d81", "last_published_at": "2025-03-13T09:59:56.805Z", "first_published_at": "2025-03-12T15:59:59.025Z", "search_description": "", "wagtail_admin_comments": [], "has_unpublished_changes": false, "latest_revision_created_at": "2025-03-13T09:59:56.668Z"}	\N	3	1	45	1	Accueil
65	2025-03-13 12:21:55.475368+01	{"pk": 12, "live": true, "path": "0001000100010008", "slug": "locaux", "depth": 4, "image": 12, "owner": 1, "title": "Locaux", "locale": 1, "locked": false, "content": "<p data-block-key=\\"3mpja\\"></p><embed embedtype=\\"image\\" format=\\"left\\" id=\\"5\\" alt=\\"Intérieur de la MJC\\"/><p data-block-key=\\"57qk9\\"></p><embed embedtype=\\"image\\" format=\\"right\\" id=\\"4\\" alt=\\"Devant la MJC\\"/><p data-block-key=\\"2vtmr\\"></p>", "expired": false, "alias_of": null, "numchild": 0, "subtitle": "Ca ressemble à quoi chez nous ?", "url_path": "/accueil/lassociation/locaux/", "expire_at": null, "locked_at": null, "locked_by": null, "seo_title": "", "go_live_at": null, "draft_title": "Locaux", "content_type": 39, "seo_keywords": "", "live_revision": 12, "show_in_menus": true, "latest_revision": 12, "translation_key": "0ebe8441-a38d-41a8-9938-200abcc2fb99", "last_published_at": "2025-03-12T16:42:13.413Z", "first_published_at": "2025-03-12T16:42:13.413Z", "search_description": "", "show_image_in_page": true, "wagtail_admin_comments": [], "has_unpublished_changes": false, "latest_revision_created_at": "2025-03-12T16:42:13.365Z"}	\N	12	1	39	1	Locaux
66	2025-03-13 12:22:08.32845+01	{"pk": 11, "live": true, "path": "0001000100010007", "slug": "bénévoles", "depth": 4, "image": null, "owner": 1, "title": "Bénévoles", "locale": 1, "locked": false, "content": "", "expired": false, "alias_of": null, "numchild": 0, "subtitle": "À faire", "url_path": "/accueil/lassociation/bénévoles/", "expire_at": null, "locked_at": null, "locked_by": null, "seo_title": "", "go_live_at": null, "draft_title": "Bénévoles", "content_type": 39, "seo_keywords": "", "live_revision": 11, "show_in_menus": true, "latest_revision": 11, "translation_key": "e4368fc0-64c2-4cdd-a04f-4c4420c268a6", "last_published_at": "2025-03-12T16:41:23.826Z", "first_published_at": "2025-03-12T16:41:23.826Z", "search_description": "", "show_image_in_page": true, "wagtail_admin_comments": [], "has_unpublished_changes": false, "latest_revision_created_at": "2025-03-12T16:41:23.789Z"}	\N	11	1	39	1	Bénévoles
67	2025-03-13 12:22:13.537243+01	{"pk": 10, "live": true, "path": "0001000100010006", "slug": "équipe", "depth": 4, "image": 6, "owner": 1, "title": "Équipe", "locale": 1, "locked": false, "content": "<p data-block-key=\\"ocrmx\\">L’équipe des professionnels : </p><p data-block-key=\\"9qsvs\\">Directeur : David MAROIS<br/>Directrice artistique : Nora TRIBY<br/>Comptabilité : Corinne BERTUZZI<br/>Chargée de communication et développement des publics : Mathilde GUALA<br/>Chargée de mission Accueil et jeunesse : Stéphanie BONNEFÉ<br/>Chargée de mission Accueil : Alix NOYER<br/>Régie spectacles : Jean-François CHIRAC, Étienne JULIEN<br/>Chargée de mission numérique, transformation, innovation : Camille FREQUELIN<br/>Chargée de mission administrative et financière : Marlène PALOUS</p>", "expired": false, "alias_of": null, "numchild": 0, "subtitle": "", "url_path": "/accueil/lassociation/équipe/", "expire_at": null, "locked_at": null, "locked_by": null, "seo_title": "", "go_live_at": null, "draft_title": "Équipe", "content_type": 39, "seo_keywords": "", "live_revision": 10, "show_in_menus": true, "latest_revision": 10, "translation_key": "e590ff9a-9817-406b-8349-06d828203378", "last_published_at": "2025-03-12T16:40:55.346Z", "first_published_at": "2025-03-12T16:40:55.346Z", "search_description": "", "show_image_in_page": true, "wagtail_admin_comments": [], "has_unpublished_changes": false, "latest_revision_created_at": "2025-03-12T16:40:55.304Z"}	\N	10	1	39	1	Équipe
9	2025-03-12 17:40:08.359081+01	{"pk": 9, "live": true, "path": "0001000100010005", "slug": "conseil-dadministration", "depth": 4, "image": 7, "owner": 1, "title": "Conseil d’administration", "locale": 1, "locked": false, "content": "<p data-block-key=\\"gy0i8\\"> <b>LE BUREAU DU C.A.</b></p><p data-block-key=\\"euav2\\">Il a pour mission de veiller à l’exécution des décisions prises par le C.A.</p><p data-block-key=\\"c9k4d\\">Membres :<br/>Président : <b>Thierry LAURENS</b><br/>Vice-présidente : <b>Dorothée SERGES</b><br/>Trésorier : <b>Damien SCHAEFFER</b><br/>Trésorière adjointe : <b>Christine CASSAN</b><br/>Secrétaire : <b>Chrystel TEYSSEDRE</b><br/>Membres actifs : <b>Michel GENESTOUX, Laurent MELIN, Marie Christine MOUYSSET, Jacqueline SANTINI, Jean-Marie SOLASSOL</b><br/>Technicien(s) : <b>David MAROIS (Directeur)</b></p>", "expired": false, "alias_of": null, "numchild": 0, "subtitle": "", "url_path": "/accueil/lassociation/conseil-dadministration/", "expire_at": null, "locked_at": null, "locked_by": null, "seo_title": "", "go_live_at": null, "draft_title": "Conseil d’administration", "content_type": 39, "seo_keywords": "", "live_revision": null, "show_in_menus": false, "latest_revision": null, "translation_key": "53871211-13ed-4fd3-b892-2aca689a19cc", "last_published_at": null, "first_published_at": null, "search_description": "", "show_image_in_page": true, "wagtail_admin_comments": [], "has_unpublished_changes": false, "latest_revision_created_at": null}	\N	9	1	39	1	Conseil d’administration
68	2025-03-13 12:22:19.563787+01	{"pk": 9, "live": true, "path": "0001000100010005", "slug": "conseil-dadministration", "depth": 4, "image": 7, "owner": 1, "title": "Conseil d’administration", "locale": 1, "locked": false, "content": "<p data-block-key=\\"gy0i8\\"><b>LE BUREAU DU C.A.</b></p><p data-block-key=\\"euav2\\">Il a pour mission de veiller à l’exécution des décisions prises par le C.A.</p><p data-block-key=\\"c9k4d\\">Membres :<br/>Président : <b>Thierry LAURENS</b><br/>Vice-présidente : <b>Dorothée SERGES</b><br/>Trésorier : <b>Damien SCHAEFFER</b><br/>Trésorière adjointe : <b>Christine CASSAN</b><br/>Secrétaire : <b>Chrystel TEYSSEDRE</b><br/>Membres actifs : <b>Michel GENESTOUX, Laurent MELIN, Marie Christine MOUYSSET, Jacqueline SANTINI, Jean-Marie SOLASSOL</b><br/>Technicien(s) : <b>David MAROIS (Directeur)</b></p>", "expired": false, "alias_of": null, "numchild": 0, "subtitle": "", "url_path": "/accueil/lassociation/conseil-dadministration/", "expire_at": null, "locked_at": null, "locked_by": null, "seo_title": "", "go_live_at": null, "draft_title": "Conseil d’administration", "content_type": 39, "seo_keywords": "", "live_revision": 9, "show_in_menus": true, "latest_revision": 9, "translation_key": "53871211-13ed-4fd3-b892-2aca689a19cc", "last_published_at": "2025-03-12T16:40:08.408Z", "first_published_at": "2025-03-12T16:40:08.408Z", "search_description": "", "show_image_in_page": true, "wagtail_admin_comments": [], "has_unpublished_changes": false, "latest_revision_created_at": "2025-03-12T16:40:08.359Z"}	\N	9	1	39	1	Conseil d’administration
69	2025-03-13 12:22:24.692434+01	{"pk": 8, "live": true, "path": "0001000100010004", "slug": "partenaires", "depth": 4, "image": 8, "owner": 1, "title": "Partenaires", "locale": 1, "locked": false, "content": "<p data-block-key=\\"vp6qr\\"><b>La MJC de Rodez est subventionnée par :</b></p><p data-block-key=\\"q6i0\\"><a href=\\"https://www.ville-rodez.fr/\\">la Ville de Rodez</a></p><p data-block-key=\\"f1afr\\"><b>Elle bénéficie du soutien financier de :</b></p><p data-block-key=\\"9pmsg\\"><a href=\\"https://www.prefectures-regions.gouv.fr/occitanie\\">Préfet de la Région Occitanie</a><br/><a href=\\"https://www.laregion.fr/\\">Région Occitanie / Pyrénées-Méditerranée</a><br/><a href=\\"https://aveyron.fr/\\">Département de l’Aveyron</a><br/><a href=\\"https://www.education.gouv.fr/\\">Ministère de l'Education nationale et de la jeunesse</a><br/><a href=\\"https://onda.fr/\\">ONDA</a><br/><a href=\\"https://quebec.consulfrance.org/Commission-permanente-de-cooperation-franco-quebecoise-CPCFQ\\">Coopération France-Québec</a><br/><a href=\\"https://www.diplomatie.gouv.fr/fr/politique-etrangere-de-la-france/action-exterieure-des-collectivites-territoriales/la-commission-nationale-de-la-cooperation-decentralisee-cncd/\\">Commission Nationale de la Coopération Décentralisée</a></p><p data-block-key=\\"3dejs\\"><b>La MJC de Rodez remercie ses partenaires privés :</b></p><p data-block-key=\\"8hnsg\\"><a href=\\"https://www.ca-nmp.fr/\\">Crédit Agricole Nord Midi-Pyrénées</a><br/><a href=\\"https://www.mgen.fr/\\">MGEN</a><br/><a href=\\"https://all.accor.com/hotel/2748/index.fr.shtml?utm_campaign=seo+maps&amp;utm_medium=seo+maps&amp;utm_source=google+Maps\\">Hôtel Ibis</a><br/><a href=\\"https://www.facebook.com/people/AIS-Imprimerie-du-Bassin/100063581365909/\\">AIS imprimerie du Bassin</a></p><p data-block-key=\\"1dmbh\\"><b>Ses partenaires locaux :</b></p><p data-block-key=\\"3qdf\\"><a href=\\"https://www.la-baleine.eu/\\">La Baleine</a><br/><a href=\\"https://la-baleine.eu/le-krill/\\">Le Krill</a><br/><a href=\\"https://leclubrodez.com/\\">Le Club</a><br/><a href=\\"https://www.mjc-onet.com/\\">MJC d'Onet-le-Château</a><br/><a href=\\"https://mjcllp.fr/\\">MJC de Luc-la-Primaube</a><br/><a href=\\"https://www.cgrcinemas.fr/cinema/w1200-cgr-rodez/\\">CGR deRodez</a><br/><a href=\\"https://www.crd-aveyron.fr/\\">Conservatoire de l'Aveyron</a><br/><a href=\\"https://www.ville-rodez.fr/quotidien/enfance-jeunesse/petite-enfance/relais-petite-enfance/\\">Relais petite enfance Mill’couleurs</a><br/><a href=\\"https://caf.fr/allocataires/caf-de-l-aveyron\\">Centre social de Rodez - CAF de l’Aveyron</a><br/><a href=\\"https://paniers.loco-motives.fr/\\">Les Loco Motivés</a><br/><a href=\\"https://www.ville-rodez.fr/quotidien/solidarite/maisons-de-quartier/\\">Maisons de quartier de Gourgan et Saint-Éloi</a></p><p data-block-key=\\"el6u\\"><b>Et ses réseaux :</b></p><p data-block-key=\\"bcrjj\\"><a href=\\"https://frmjc-occitanie.net/\\">Fédération régionale des MJC Occitanie</a><br/><a href=\\"https://rtados.qc.ca/\\">Rencontre Théâtre Ados</a><br/><a href=\\"https://www.facebook.com/p/R%C3%A9seau-DynamO-100068023193501/\\">Réseau dynamO</a><br/><a href=\\"https://www.pjp-occitanie.fr/\\">Plateforme jeune public Occitanie</a><br/><a href=\\"https://www.reseau-pyramid.org/\\">Réseau Pyramid</a><br/><a href=\\"https://www.lechainon.fr/\\">Réseau Chainon</a><br/><a href=\\"https://www.reseauenscene.fr/\\">Occitanie en scène</a><br/><a href=\\"https://redlab.fr/\\">RedLab - Réseau des FabLabs d'Occitanie</a><br/><a href=\\"https://rfflabs.fr/\\">RFF - Réseau français des FabLabs</a></p>", "expired": false, "alias_of": null, "numchild": 0, "subtitle": "Avec sommes nous en lien ?", "url_path": "/accueil/lassociation/partenaires/", "expire_at": null, "locked_at": null, "locked_by": null, "seo_title": "", "go_live_at": null, "draft_title": "Partenaires", "content_type": 39, "seo_keywords": "", "live_revision": 8, "show_in_menus": true, "latest_revision": 8, "translation_key": "3e116fa3-f140-4388-b049-5e5491feeb8b", "last_published_at": "2025-03-12T16:39:24.036Z", "first_published_at": "2025-03-12T16:39:24.036Z", "search_description": "", "show_image_in_page": true, "wagtail_admin_comments": [], "has_unpublished_changes": false, "latest_revision_created_at": "2025-03-12T16:39:23.995Z"}	\N	8	1	39	1	Partenaires
82	2025-03-13 12:48:52.489657+01	{"pk": 64, "live": true, "path": "00010001000400010001", "slug": "axe-de-parentalité", "depth": 5, "image": 19, "owner": 1, "title": "Axe de parentalité", "locale": 1, "locked": false, "content": "", "expired": false, "alias_of": null, "numchild": 0, "subtitle": "", "url_path": "/accueil/services-de-la-mjc/espace-de-vie-sociale-à-carnon/axe-de-parentalité/", "expire_at": null, "locked_at": null, "locked_by": null, "seo_title": "", "go_live_at": null, "draft_title": "Axe de parentalité", "content_type": 43, "seo_keywords": "", "live_revision": null, "show_in_menus": false, "latest_revision": null, "translation_key": "764032a3-093f-4a85-8321-2055910a79e6", "last_published_at": null, "first_published_at": null, "search_description": "", "wagtail_admin_comments": [], "has_unpublished_changes": false, "latest_revision_created_at": null}	\N	64	1	43	1	Axe de parentalité
78	2025-03-13 12:42:55.469482+01	{"pk": 60, "live": true, "path": "0001000100040002", "slug": "club-ados-à-carnon", "depth": 4, "image": 15, "owner": 1, "title": "Club Ados à Carnon", "locale": 1, "locked": false, "content": "", "expired": false, "alias_of": null, "numchild": 0, "subtitle": "Blablabla sous-titre", "url_path": "/accueil/services-de-la-mjc/club-ados-à-carnon/", "expire_at": null, "locked_at": null, "locked_by": null, "seo_title": "", "go_live_at": null, "draft_title": "Club Ados à Carnon", "content_type": 43, "seo_keywords": "", "live_revision": null, "show_in_menus": false, "latest_revision": null, "translation_key": "b4329942-507d-4244-92c9-99a0e790748f", "last_published_at": null, "first_published_at": null, "search_description": "", "wagtail_admin_comments": [], "has_unpublished_changes": false, "latest_revision_created_at": null}	\N	60	1	43	1	Club Ados à Carnon
80	2025-03-13 12:45:57.037343+01	{"pk": 62, "live": true, "path": "0001000100040004", "slug": "loisirs-jeunes-à-mauguio", "depth": 4, "image": 17, "owner": 1, "title": "Loisirs Jeunes à Mauguio", "locale": 1, "locked": false, "expired": false, "alias_of": null, "numchild": 0, "url_path": "/accueil/services-de-la-mjc/loisirs-jeunes-à-mauguio/", "expire_at": null, "locked_at": null, "locked_by": null, "seo_title": "", "go_live_at": null, "draft_title": "Loisirs Jeunes à Mauguio", "content_type": 40, "seo_keywords": "", "live_revision": null, "show_in_menus": false, "latest_revision": null, "translation_key": "cd6e5480-0091-491f-90a8-899ce28d78b7", "last_published_at": null, "first_published_at": null, "search_description": "", "wagtail_admin_comments": [], "has_unpublished_changes": false, "latest_revision_created_at": null}	\N	62	1	40	1	Loisirs Jeunes à Mauguio
81	2025-03-13 12:47:21.072055+01	{"pk": 63, "live": true, "path": "0001000100040005", "slug": "clas-à-carnon-et-mauguio", "depth": 4, "image": 18, "owner": 1, "title": "CLAS à Carnon et Mauguio", "locale": 1, "locked": false, "expired": false, "alias_of": null, "numchild": 0, "url_path": "/accueil/services-de-la-mjc/clas-à-carnon-et-mauguio/", "expire_at": null, "locked_at": null, "locked_by": null, "seo_title": "", "go_live_at": null, "draft_title": "CLAS à Carnon et Mauguio", "content_type": 40, "seo_keywords": "", "live_revision": null, "show_in_menus": false, "latest_revision": null, "translation_key": "8a57cc59-4861-40d8-831e-884cb1acf418", "last_published_at": null, "first_published_at": null, "search_description": "", "wagtail_admin_comments": [], "has_unpublished_changes": false, "latest_revision_created_at": null}	\N	63	1	40	1	CLAS à Carnon et Mauguio
70	2025-03-13 12:22:30.03133+01	{"pk": 7, "live": true, "path": "0001000100010003", "slug": "vie-associative", "depth": 4, "image": 9, "owner": 1, "title": "Vie Associative", "locale": 1, "locked": false, "content": "<p data-block-key=\\"7jxtv\\">Créée en 1970, la Maison des Jeunes et de la Culture de Rodez est une association d’éducation populaire à but non lucratif. Elle a été fondée pour favoriser l’accès à l’éducation et à la culture pour que chacun contribue à la création d’une société plus solidaire.<br/>C’est un lieu de pratique d’activités mais aussi et surtout un lieu de rencontres, d’échanges, d’innovations, d’expérimentations, de créations et d’expressions.</p><p data-block-key=\\"997ep\\">La MJC est une association loi 1901 qui anime et gère un équipement en partenariat avec la <a href=\\"https://www.ville-rodez.fr/\\"><b>Ville de Rodez</b></a> et de nombreux partenaires institutionnels et associatifs. Avec plus de 80 activités, une saison culturelle et un FabLab, le tout organisé sous couvert d’une seule entité juridique, et environ 3500 adhérents, un minimum d’organisation est nécessaire ! Pour cela, les <a href=\\"https://www.mjcrodez.fr/uploads/2022/07/statuts-mjc-rodez.pdf\\"><b>statuts</b></a> et le <a href=\\"https://www.mjcrodez.fr/uploads/2022/07/reglement-interieur-mjc-rodez.pdf\\"><b>règlement intérieur</b></a> constituent les principes de vie au quotidien.</p><p data-block-key=\\"1kuer\\">Si nous vous offrons tous les ans autant d’activités, c’est que l’ensemble des bénévoles et professionnels sont portés par des envies de « plus » et de « toujours mieux ».</p><p data-block-key=\\"a0dvk\\">En adhérant à la MJC vous acceptez aussi d’être acteur(trice) de la Maison de demain.  Vous avez une idée ? Un peu de temps à donner ? L’envie de participer activement à la vie associative. Venez nous rencontrer !</p><p data-block-key=\\"f2q6i\\"><a href=\\"https://www.mjcrodez.fr/association/conseil-administration/\\"><b>Conseil d'administration</b></a></p>", "expired": false, "alias_of": null, "numchild": 0, "subtitle": "", "url_path": "/accueil/lassociation/vie-associative/", "expire_at": null, "locked_at": null, "locked_by": null, "seo_title": "", "go_live_at": null, "draft_title": "Vie Associative", "content_type": 39, "seo_keywords": "", "live_revision": 7, "show_in_menus": true, "latest_revision": 7, "translation_key": "5b3d3cf1-3fc9-42a6-ab5c-b0c275a1b4a7", "last_published_at": "2025-03-12T16:38:37.985Z", "first_published_at": "2025-03-12T16:38:37.985Z", "search_description": "", "show_image_in_page": true, "wagtail_admin_comments": [], "has_unpublished_changes": false, "latest_revision_created_at": "2025-03-12T16:38:37.945Z"}	\N	7	1	39	1	Vie Associative
71	2025-03-13 12:22:38.605288+01	{"pk": 6, "live": true, "path": "0001000100010002", "slug": "adhérer", "depth": 4, "image": 10, "owner": 1, "title": "Adhérer", "locale": 1, "locked": false, "content": "<p data-block-key=\\"kurjp\\"><b>Carte d’adhérent 2024-2025</b><br/></p><p data-block-key=\\"fbcqn\\">&gt; Non remboursable et prise à l’inscription (pas de prise en charge par les Comités d’Entreprises ou Comités d’Action Sociale).<br/>&gt; Elle comprend l’assurance pour la pratique d’une activité.<br/>&gt; Elle est valable dans les autres MJC de l’agglomération, permet un accès libre à l’espace numérique et de bénéficier du tarif réduit pour les spectacles.<br/>&gt; Un certificat médical ou <a href=\\"https://www.mjcrodez.fr/uploads/2024/08/questionnaire-sante-mjc-de-rodez-24-25-web.pdf\\">questionnaire de santé</a> est obligatoire à l’inscription pour les activités sportives.</p><p data-block-key=\\"3je0u\\"><b>Période de validité</b><br/>Annuelle = Début septembre 2024 à fin août 2025</p><p data-block-key=\\"cdvn0\\"><b>Prix</b><br/>Adulte : 18 €<br/>Jeune (-26 ans) : 9 €<br/>Étudiant : 9 €*<br/>Demandeur d’emploi  : 9 €*<br/>Couple : 27 €<br/>Famille (parents + 2 enfants mineurs ou plus) : 36 €</p><p data-block-key=\\"b9cqo\\"><b>Télécharger le bulletin d'adhésion</b>**<br/><a href=\\"https://www.mjcrodez.fr/uploads/2023/07/bulletin-adhesion-2023-24.pdf\\">Bulletin d'adhésion</a></p><p data-block-key=\\"60ouu\\"><b>Télécharger l'autorisation parentale</b>**<br/>(Obligatoire pour les mineurs)<br/><a href=\\"https://www.mjcrodez.fr/uploads/2024/08/autorisation-parentale-et-decharge-de-responsabilite-mjc-de-rodez-24-25-web.pdf\\">Autorisation parentale</a></p><p data-block-key=\\"51kj1\\"><b>Télécharger le questionnaire santé</b>**<br/>(Obligatoire pour les activités sportives)<br/><a href=\\"https://www.mjcrodez.fr/uploads/2024/08/questionnaire-sante-mjc-de-rodez-24-25-web.pdf\\">Questionnaire santé</a></p><p data-block-key=\\"b9291\\">* Sur justificatif<br/>** Une version papier est disponible à l'accueil</p>", "expired": false, "alias_of": null, "numchild": 0, "subtitle": "Comment devenir adhérent de la MJC ?", "url_path": "/accueil/lassociation/adhérer/", "expire_at": null, "locked_at": null, "locked_by": null, "seo_title": "", "go_live_at": null, "draft_title": "Adhérer", "content_type": 39, "seo_keywords": "", "live_revision": 6, "show_in_menus": true, "latest_revision": 6, "translation_key": "0f335305-beb8-4cfe-ad83-ad179a494c28", "last_published_at": "2025-03-12T16:38:05.988Z", "first_published_at": "2025-03-12T16:38:05.988Z", "search_description": "", "show_image_in_page": true, "wagtail_admin_comments": [], "has_unpublished_changes": false, "latest_revision_created_at": "2025-03-12T16:38:05.947Z"}	\N	6	1	39	1	Adhérer
72	2025-03-13 12:22:44.963754+01	{"pk": 5, "live": true, "path": "0001000100010001", "slug": "projet-associatif", "depth": 4, "image": 11, "owner": 1, "title": "Projet associatif", "locale": 1, "locked": false, "content": "<p data-block-key=\\"158ap\\">Lieu de Rencontres, d’échanges, d’innovations, d’expérimentations, de créations et d’expressions.<br/>Une association est la traduction d’une forme de mouvement social qui formule un projet.<br/>Le projet correspond à une quête de l’idéal de la vie en société.<br/>L’association, porteuse de projet est un moteur de la transformation sociale sous réserve qu’elle produise une réflexion, un débat social qui favorise l’émergence des innovations et des expérimentations.<br/>La fonction du projet consiste à organiser le développement de l’association de façon active, en planifiant les différentes étapes de l’évolution au plus près de l’objet de l’association.<br/>Sans projet, la MJC en perdant prise sur son environnement social, court le risque de perdre sa légitimité auprès des acteurs locaux.<br/>L’ensemble des domaines d’activités de la MJC repose sur le fondement que constitue le projet associatif.<br/>Le projet c’est la rencontre du plaisir et de la pensée.<br/>Forum des dirigeants associatifs<br/>Saubens (31) – 21 octobre 2000</p><p data-block-key=\\"6le62\\">La Maison des Jeunes et de la Culture contribue au mieux être social des individus et forme plusieurs générations d’hommes et de femmes en développant la personnalité de créateurs, de techniciens, d’artistes, d’éducateurs, d’animateurs.<br/>Il n’est pas de démocratie sans règles. Voilà pourquoi les MJC fonctionnent dans un cadre statutaire précis.<br/>Ces règles servent à former les jeunes à la vie démocratique et au sens des responsabilités. La structure MJC est la concrétisation d’un espace favorable à l’imagination, à l’initiative et à la créativité.<br/>Les jeunes comme les adultes vont donc inventer et créer dans la MJC, tremplin pour l’esprit de tolérance et de solidarité, pour l’acquisition d’un humanisme de notre temps</p>", "expired": false, "alias_of": null, "numchild": 0, "subtitle": "", "url_path": "/accueil/lassociation/projet-associatif/", "expire_at": null, "locked_at": null, "locked_by": null, "seo_title": "", "go_live_at": null, "draft_title": "Projet associatif", "content_type": 39, "seo_keywords": "", "live_revision": 5, "show_in_menus": true, "latest_revision": 5, "translation_key": "41658968-aea3-4577-8b92-72aa2d812544", "last_published_at": "2025-03-12T16:37:28.902Z", "first_published_at": "2025-03-12T16:37:28.902Z", "search_description": "", "show_image_in_page": true, "wagtail_admin_comments": [], "has_unpublished_changes": false, "latest_revision_created_at": "2025-03-12T16:37:28.858Z"}	\N	5	1	39	1	Projet associatif
73	2025-03-13 12:26:24.258442+01	{"pk": 56, "live": true, "path": "000100010004", "slug": "services-de-la-mjc", "depth": 3, "owner": 1, "title": "Services de la MJC", "locale": 1, "locked": false, "expired": false, "alias_of": null, "numchild": 0, "url_path": "/accueil/services-de-la-mjc/", "expire_at": null, "locked_at": null, "locked_by": null, "seo_title": "", "go_live_at": null, "draft_title": "Services de la MJC", "content_type": 40, "seo_keywords": "", "live_revision": null, "show_in_menus": false, "latest_revision": null, "translation_key": "2ab1b419-c197-431b-8fe6-724468c76867", "last_published_at": null, "first_published_at": null, "search_description": "", "wagtail_admin_comments": [], "has_unpublished_changes": false, "latest_revision_created_at": null}	\N	56	1	40	1	Services de la MJC
83	2025-03-13 12:50:39.965651+01	{"pk": 65, "live": true, "path": "00010001000400010002", "slug": "axe-jeunes", "depth": 5, "image": 20, "owner": 1, "title": "Axe Jeunes", "locale": 1, "locked": false, "content": "", "expired": false, "alias_of": null, "numchild": 0, "subtitle": "", "url_path": "/accueil/services-de-la-mjc/espace-de-vie-sociale-à-carnon/axe-jeunes/", "expire_at": null, "locked_at": null, "locked_by": null, "seo_title": "", "go_live_at": null, "draft_title": "Axe Jeunes", "content_type": 43, "seo_keywords": "", "live_revision": null, "show_in_menus": false, "latest_revision": null, "translation_key": "0423fbd9-7bb9-4d1b-acf9-77b8e4d2d49e", "last_published_at": null, "first_published_at": null, "search_description": "", "wagtail_admin_comments": [], "has_unpublished_changes": false, "latest_revision_created_at": null}	\N	65	1	43	1	Axe Jeunes
\.


--
-- Data for Name: wagtailcore_searchpromotion; Type: TABLE DATA; Schema: public; Owner: u39js7kqi209ni
--

COPY public.wagtailcore_searchpromotion (id, external_link_url, external_link_text, description, sort_order, page_id, query_id) FROM stdin;
\.


--
-- Data for Name: wagtailcore_site; Type: TABLE DATA; Schema: public; Owner: u39js7kqi209ni
--

COPY public.wagtailcore_site (id, hostname, port, is_default_site, root_page_id, site_name) FROM stdin;
2	127.0.0.1	8000	t	3	MJC Mauguio-Carnon
\.


--
-- Data for Name: wagtailcore_task; Type: TABLE DATA; Schema: public; Owner: u39js7kqi209ni
--

COPY public.wagtailcore_task (id, name, active, content_type_id) FROM stdin;
1	Moderators approval	t	4
\.


--
-- Data for Name: wagtailcore_taskstate; Type: TABLE DATA; Schema: public; Owner: u39js7kqi209ni
--

COPY public.wagtailcore_taskstate (id, status, started_at, finished_at, content_type_id, revision_id, task_id, workflow_state_id, finished_by_id, comment) FROM stdin;
\.


--
-- Data for Name: wagtailcore_uploadedfile; Type: TABLE DATA; Schema: public; Owner: u39js7kqi209ni
--

COPY public.wagtailcore_uploadedfile (id, file, for_content_type_id, uploaded_by_user_id) FROM stdin;
\.


--
-- Data for Name: wagtailcore_workflow; Type: TABLE DATA; Schema: public; Owner: u39js7kqi209ni
--

COPY public.wagtailcore_workflow (id, name, active) FROM stdin;
1	Moderators approval	t
\.


--
-- Data for Name: wagtailcore_workflowcontenttype; Type: TABLE DATA; Schema: public; Owner: u39js7kqi209ni
--

COPY public.wagtailcore_workflowcontenttype (content_type_id, workflow_id) FROM stdin;
\.


--
-- Data for Name: wagtailcore_workflowpage; Type: TABLE DATA; Schema: public; Owner: u39js7kqi209ni
--

COPY public.wagtailcore_workflowpage (page_id, workflow_id) FROM stdin;
1	1
\.


--
-- Data for Name: wagtailcore_workflowstate; Type: TABLE DATA; Schema: public; Owner: u39js7kqi209ni
--

COPY public.wagtailcore_workflowstate (id, status, created_at, current_task_state_id, object_id, requested_by_id, workflow_id, content_type_id, base_content_type_id) FROM stdin;
\.


--
-- Data for Name: wagtailcore_workflowtask; Type: TABLE DATA; Schema: public; Owner: u39js7kqi209ni
--

COPY public.wagtailcore_workflowtask (id, sort_order, task_id, workflow_id) FROM stdin;
1	0	1	1
\.


--
-- Data for Name: wagtaildocs_document; Type: TABLE DATA; Schema: public; Owner: u39js7kqi209ni
--

COPY public.wagtaildocs_document (id, title, file, created_at, uploaded_by_user_id, collection_id, file_size, file_hash) FROM stdin;
\.


--
-- Data for Name: wagtailembeds_embed; Type: TABLE DATA; Schema: public; Owner: u39js7kqi209ni
--

COPY public.wagtailembeds_embed (id, url, max_width, type, html, title, author_name, provider_name, thumbnail_url, width, height, last_updated, hash, cache_until) FROM stdin;
1	https://www.youtube.com/watch?v=f5eCKCPzE7U	\N	video	<iframe width="200" height="113" src="https://www.youtube.com/embed/f5eCKCPzE7U?feature=oembed" frameborder="0" allow="accelerometer; autoplay; clipboard-write; encrypted-media; gyroscope; picture-in-picture; web-share" referrerpolicy="strict-origin-when-cross-origin" allowfullscreen title="TEASER FESTIJEUN&#39;S ÉDITION 2023"></iframe>	TEASER FESTIJEUN'S ÉDITION 2023	MJC Mauguio-Carnon	YouTube	https://i.ytimg.com/vi/f5eCKCPzE7U/hqdefault.jpg	200	113	2025-03-14 13:21:20.205707+01	76473a6c525a6d48332b8c07255ddc95	\N
\.


--
-- Data for Name: wagtailforms_formsubmission; Type: TABLE DATA; Schema: public; Owner: u39js7kqi209ni
--

COPY public.wagtailforms_formsubmission (id, form_data, submit_time, page_id) FROM stdin;
\.


--
-- Data for Name: wagtailimages_image; Type: TABLE DATA; Schema: public; Owner: u39js7kqi209ni
--

COPY public.wagtailimages_image (id, title, file, width, height, created_at, focal_point_x, focal_point_y, focal_point_width, focal_point_height, uploaded_by_user_id, file_size, collection_id, file_hash, description) FROM stdin;
12	fond_mjc	original_images/fond_mjc_yAuqUZg.jpg	960	601	2025-03-12 17:30:48.270278+01	\N	\N	\N	\N	1	108735	1	ac21e643a4059420e01f91250cdd205784fb5e51	Intérieur de la MJC avec son public
11	projet-associatif-538x538	original_images/projet-associatif-538x538_pmXWHzM.jpg	538	538	2025-03-12 17:30:48.119049+01	\N	\N	\N	\N	1	16575	1	e7b7f81c71e7cc99e3e1d18a166cf3062405f812	Un main avec deux doigts en smiley
10	adherer-538x538	original_images/adherer-538x538_tCFMsvX.jpg	538	538	2025-03-12 17:30:47.978152+01	\N	\N	\N	\N	1	16093	1	6ed55071e9340e6656324bc3124274d088f3ecd9	Deux mains qui se serrent
9	vie-associative-538x538	original_images/vie-associative-538x538_9qKIp9r.jpg	538	538	2025-03-12 17:30:47.848319+01	\N	\N	\N	\N	1	55828	1	26a500b2d645e9365ae10986300536d038f3d9ed	5 mains qui se tiennent ensemble
8	partenaires-538x538	original_images/partenaires-538x538_3LlA3io.jpg	538	538	2025-03-12 17:30:47.708047+01	\N	\N	\N	\N	1	46902	1	775dfa8d91629507cc228275d7547724b372a0b7	Partenaires
7	ca2025-538x538	original_images/ca2025-538x538_ihGbI7M.jpg	538	538	2025-03-12 17:30:47.563965+01	\N	\N	\N	\N	1	62132	1	9728a089e6bfe4421220a9ce8ed81bfb4e177e28	CA de Rodez
6	gd-mjcpo24-25-cop-003-min-538x538	original_images/gd-mjcpo24-25-cop-003-min-538x538_cWUP8KN.jpg	538	538	2025-03-12 17:30:47.429952+01	\N	\N	\N	\N	1	76211	1	08c7ee5012e7326d8a5179c6640737bfac81d0d3	Équipe de Rodez
5	locaux1	original_images/locaux1_VFRSn6h.jpg	766	1020	2025-03-12 17:30:47.287212+01	\N	\N	\N	\N	1	185973	1	e2506e1c6710f0ab43f3ec81214a4f972a297a3c	Intérieur de la MJC
4	locaux2	original_images/locaux2_ipAKdFG.jpg	1360	765	2025-03-12 17:30:47.144684+01	\N	\N	\N	\N	1	312945	1	fbac84152e1b25b228c5dfeca31b363305af8157	Devant la MJC
3	festidrone	original_images/festidrone_NYX2s5i.jpg	1240	1754	2025-03-12 17:30:46.968993+01	\N	\N	\N	\N	1	446823	1	f8f0621e5aa939ffd619da6062ecb3a45d250517	Affiche Festidrone
2	yoga	original_images/yoga_40xdrBi.png	2000	1500	2025-03-12 17:30:46.745412+01	\N	\N	\N	\N	1	3959269	1	c135d1cbac9ebea1554b853f9b78dae162b109f1	Une femme de dos qui fait du Yoga
1	poterie	original_images/poterie_CLKKPbl.jpeg	1024	638	2025-03-12 17:30:46.369109+01	\N	\N	\N	\N	1	106335	1	72b842679c0ee90e4384a2ccdda2f27b7aa4da13	Une table avec plusieurs créations en céramique dessus
13	danse-espagnole	original_images/danse-espagnole.jpg	1920	1080	2025-03-12 17:53:53.071538+01	\N	\N	\N	\N	1	83169	1	12c2a73a5b5a2b3bae27f363bb8afa14f8b10651	
14	EVS	original_images/EVS.jpg	612	478	2025-03-13 12:39:54.71421+01	\N	\N	\N	\N	1	31258	1	be99a9acc61ee6def81abb1c9f4f77e099874893	
15	clubados	original_images/clubados.jpg	612	408	2025-03-13 12:42:40.333369+01	\N	\N	\N	\N	1	38379	1	035edbba1905268f37e51315e6b5ad5f5a9a883f	
16	ALSH	original_images/ALSH.jpg	612	408	2025-03-13 12:45:34.447339+01	\N	\N	\N	\N	1	52561	1	e7ca32f78ebbd5810bd7c06acb7df845b871d83d	
17	LoisirsJeunes	original_images/LoisirsJeunes.png	800	800	2025-03-13 12:45:54.816769+01	\N	\N	\N	\N	1	52523	1	941a31f8462f2500ad1b8c2f5363467acdad015f	
18	CLAS	original_images/CLAS.png	1556	1406	2025-03-13 12:47:16.805803+01	\N	\N	\N	\N	1	194291	1	c5cfec24959e3ccd5bd5c580d5801e0b0ff58af0	
19	AxeDeParentalité	original_images/AxeDeParentalite.jpg	6016	4016	2025-03-13 12:48:46.753229+01	\N	\N	\N	\N	1	1285847	1	ea10d994743c3bc83db811bad9b531a1395d48f0	
20	AxeJeunes	original_images/AxeJeunes.jpg	612	408	2025-03-13 12:50:33.584901+01	\N	\N	\N	\N	1	45502	1	4a3cf7582202a92b0e4c0fd0c2d94eee2e5e4393	
\.


--
-- Data for Name: wagtailimages_rendition; Type: TABLE DATA; Schema: public; Owner: u39js7kqi209ni
--

COPY public.wagtailimages_rendition (id, file, width, height, focal_point_key, filter_spec, image_id) FROM stdin;
1	images/fond_mjc_yAuqUZg.max-165x165.jpg	165	103		max-165x165	12
2	images/projet-associatif-538x538_pmXWHzM.max-165x165.jpg	165	165		max-165x165	11
3	images/adherer-538x538_tCFMsvX.max-165x165.jpg	165	165		max-165x165	10
4	images/vie-associative-538x538_9qKIp9r.max-165x165.jpg	165	165		max-165x165	9
5	images/partenaires-538x538_3LlA3io.max-165x165.jpg	165	165		max-165x165	8
6	images/ca2025-538x538_ihGbI7M.max-165x165.jpg	165	165		max-165x165	7
7	images/gd-mjcpo24-25-cop-003-min-538x538_cWUP8KN.max-165x165.jpg	165	165		max-165x165	6
8	images/locaux1_VFRSn6h.max-165x165.jpg	123	165		max-165x165	5
9	images/locaux2_ipAKdFG.max-165x165.jpg	165	92		max-165x165	4
10	images/festidrone_NYX2s5i.max-165x165.jpg	116	165		max-165x165	3
11	images/yoga_40xdrBi.max-165x165.png	165	123		max-165x165	2
12	images/poterie_CLKKPbl.max-165x165.jpg	165	102		max-165x165	1
13	images/fond_mjc_yAuqUZg.original.jpg	960	601		original	12
14	images/fond_mjc_yAuqUZg.max-800x600.jpg	800	500		max-800x600	12
15	images/projet-associatif-538x538_pmXWHzM.original.jpg	538	538		original	11
16	images/projet-associatif-538x538_pmXWHzM.max-800x600.jpg	538	538		max-800x600	11
17	images/adherer-538x538_tCFMsvX.original.jpg	538	538		original	10
18	images/adherer-538x538_tCFMsvX.max-800x600.jpg	538	538		max-800x600	10
19	images/vie-associative-538x538_9qKIp9r.original.jpg	538	538		original	9
20	images/vie-associative-538x538_9qKIp9r.max-800x600.jpg	538	538		max-800x600	9
21	images/partenaires-538x538_3LlA3io.original.jpg	538	538		original	8
22	images/partenaires-538x538_3LlA3io.max-800x600.jpg	538	538		max-800x600	8
23	images/ca2025-538x538_ihGbI7M.original.jpg	538	538		original	7
24	images/ca2025-538x538_ihGbI7M.max-800x600.jpg	538	538		max-800x600	7
25	images/gd-mjcpo24-25-cop-003-min-538x538_cWUP8KN.original.jpg	538	538		original	6
26	images/gd-mjcpo24-25-cop-003-min-538x538_cWUP8KN.max-800x600.jpg	538	538		max-800x600	6
27	images/locaux1_VFRSn6h.original.jpg	766	1020		original	5
28	images/locaux1_VFRSn6h.max-800x600.jpg	450	600		max-800x600	5
29	images/locaux2_ipAKdFG.original.jpg	1360	765		original	4
30	images/locaux2_ipAKdFG.max-800x600.jpg	800	450		max-800x600	4
31	images/festidrone_NYX2s5i.original.jpg	1240	1754		original	3
32	images/festidrone_NYX2s5i.max-800x600.jpg	424	600		max-800x600	3
33	images/yoga_40xdrBi.original.png	2000	1500		original	2
34	images/yoga_40xdrBi.max-800x600.png	800	600		max-800x600	2
35	images/poterie_CLKKPbl.original.jpg	1024	638		original	1
36	images/poterie_CLKKPbl.max-800x600.jpg	800	498		max-800x600	1
37	images/locaux2_ipAKdFG.2e16d0ba.fill-1920x600.jpg	1360	425	2e16d0ba	fill-1920x600	4
38	images/projet-associatif-538x538_pmXWHzM.width-1200.jpg	538	538		width-1200	11
39	images/adherer-538x538_tCFMsvX.width-1200.jpg	538	538		width-1200	10
40	images/vie-associative-538x538_9qKIp9r.width-1200.jpg	538	538		width-1200	9
41	images/partenaires-538x538_3LlA3io.width-1200.jpg	538	538		width-1200	8
42	images/ca2025-538x538_ihGbI7M.width-1200.jpg	538	538		width-1200	7
43	images/gd-mjcpo24-25-cop-003-min-538x538_cWUP8KN.width-1200.jpg	538	538		width-1200	6
44	images/locaux1_VFRSn6h.width-500.jpg	500	665		width-500	5
45	images/locaux2_ipAKdFG.width-500.jpg	500	281		width-500	4
46	images/fond_mjc_yAuqUZg.width-1200.jpg	960	601		width-1200	12
47	images/festidrone_NYX2s5i.width-1200.jpg	1200	1697		width-1200	3
48	images/festidrone_NYX2s5i.2e16d0ba.fill-400x300.jpg	400	300	2e16d0ba	fill-400x300	3
49	images/adherer-538x538_tCFMsvX.2e16d0ba.fill-600x400.jpg	538	360	2e16d0ba	fill-600x400	10
50	images/ca2025-538x538_ihGbI7M.2e16d0ba.fill-600x400.jpg	538	360	2e16d0ba	fill-600x400	7
51	images/fond_mjc_yAuqUZg.2e16d0ba.fill-600x400.jpg	600	400	2e16d0ba	fill-600x400	12
52	images/partenaires-538x538_3LlA3io.2e16d0ba.fill-600x400.jpg	538	360	2e16d0ba	fill-600x400	8
53	images/projet-associatif-538x538_pmXWHzM.2e16d0ba.fill-600x400.jpg	538	360	2e16d0ba	fill-600x400	11
54	images/vie-associative-538x538_9qKIp9r.2e16d0ba.fill-600x400.jpg	538	360	2e16d0ba	fill-600x400	9
55	images/gd-mjcpo24-25-cop-003-min-538x538__lioWhlW.2e16d0ba.fill-600x400.jpg	538	360	2e16d0ba	fill-600x400	6
56	images/yoga_40xdrBi.2e16d0ba.fill-600x400.png	600	400	2e16d0ba	fill-600x400	2
57	images/danse-espagnole.max-165x165.jpg	165	92		max-165x165	13
58	images/danse-espagnole.original.jpg	1920	1080		original	13
59	images/danse-espagnole.2e16d0ba.fill-600x400.jpg	600	400	2e16d0ba	fill-600x400	13
92	images/poterie_CLKKPbl.2e16d0ba.fill-600x400.jpg	600	400	2e16d0ba	fill-600x400	1
93	images/projet-associatif-538x538_pmXWHzM.width-800.jpg	538	538		width-800	11
94	images/EVS.max-165x165.jpg	165	128		max-165x165	14
95	images/EVS.2e16d0ba.fill-600x400.jpg	600	400	2e16d0ba	fill-600x400	14
96	images/clubados.max-165x165.jpg	165	110		max-165x165	15
97	images/clubados.width-1200.jpg	612	408		width-1200	15
98	images/clubados.2e16d0ba.fill-600x400.jpg	600	400	2e16d0ba	fill-600x400	15
99	images/ALSH.max-165x165.jpg	165	110		max-165x165	16
100	images/LoisirsJeunes.max-165x165.png	165	165		max-165x165	17
101	images/CLAS.max-165x165.png	165	149		max-165x165	18
102	images/ALSH.2e16d0ba.fill-600x400.jpg	600	400	2e16d0ba	fill-600x400	16
103	images/CLAS.2e16d0ba.fill-600x400.png	600	400	2e16d0ba	fill-600x400	18
104	images/LoisirsJeunes.2e16d0ba.fill-600x400.png	600	400	2e16d0ba	fill-600x400	17
105	images/AxeDeParentalite.max-165x165.jpg	165	110		max-165x165	19
106	images/AxeDeParentalite.width-1200.jpg	1200	801		width-1200	19
107	images/AxeDeParentalite.2e16d0ba.fill-600x400.jpg	600	400	2e16d0ba	fill-600x400	19
108	images/AxeJeunes.max-165x165.jpg	165	110		max-165x165	20
109	images/AxeJeunes.width-1200.jpg	612	408		width-1200	20
110	images/AxeJeunes.2e16d0ba.fill-600x400.jpg	600	400	2e16d0ba	fill-600x400	20
111	images/AxeJeunes.max-800x600.jpg	612	408		max-800x600	20
112	images/AxeJeunes.width-800.jpg	612	408		width-800	20
\.


--
-- Data for Name: wagtailredirects_redirect; Type: TABLE DATA; Schema: public; Owner: u39js7kqi209ni
--

COPY public.wagtailredirects_redirect (id, old_path, is_permanent, redirect_link, redirect_page_id, site_id, automatically_created, created_at, redirect_page_route_path) FROM stdin;
1	/%C3%A9v%C3%A8nements-pass%C3%A9s	t		14	2	t	2025-03-12 17:43:22.071586+01	
\.


--
-- Data for Name: wagtailsearch_indexentry; Type: TABLE DATA; Schema: public; Owner: u39js7kqi209ni
--

COPY public.wagtailsearch_indexentry (id, object_id, title_norm, content_type_id, autocomplete, title, body) FROM stdin;
1	1	2	1	'root':1	'root':1B	
12	6	0.2777777777777778	2	'-003':6 '25':4 '538x538':9 'cop':5 'gd':2 'gd-mjcpo24':1 'min':8 'min-538x538':7 'mjcpo24':3	'-003':6A '25':4A '538x538':9A 'cop':5A 'gd':2A 'gd-mjcpo24':1A 'min':8A 'min-538x538':7A 'mjcpo24':3A	
18	12	1.25	2	'fond':1 'mjc':2	'fond':1A 'mjc':2A	
11	5	2.5	2	'locaux1':1	'locaux1':1A	
17	11	0.625	2	'538x538':4 'associatif':3 'projet':2 'projet-associatif-538x538':1	'538x538':4A 'associatif':3A 'projet':2A 'projet-associatif-538x538':1A	
10	4	2.5	2	'locaux2':1	'locaux2':1A	
16	10	0.8333333333333334	2	'538x538':3 'adherer':2 'adherer-538x538':1	'538x538':3A 'adher':2A 'adherer-538x538':1A	
99	14	1.04	37	'passés':2 'évènements':1	'passé':2B 'évènement':1B	
15	9	0.625	2	'538x538':4 'associative':3 'vie':2 'vie-associative-538x538':1	'538x538':4A 'associ':3A 'vie':2A 'vie-associative-538x538':1A	
9	3	2.5	2	'festidrone':1	'festidron':1A	
14	8	0.8333333333333334	2	'538x538':3 'partenaires':2 'partenaires-538x538':1	'538x538':3A 'partenair':2A 'partenaires-538x538':1A	
8	2	2.5	2	'yoga':1	'yoga':1A	
13	7	0.8333333333333334	2	'538x538':3 'ca2025':2 'ca2025-538x538':1	'538x538':3A 'ca2025':2A 'ca2025-538x538':1A	
7	1	2.5	2	'poterie':1	'poteri':1A	
103	15	2.0384615384615383	36	'festidrone':1	'festidron':1B	
96	13	2.0833333333333335	35	'agenda':1	'agenda':1B	
223	16	2.108108108108108	2	'alsh':1	'alsh':1A	
114	18	0.9838709677419355	33	'danses':1 'espagnole':2	'dans':1B 'espagnol':2B	
81	8	1.967741935483871	39	'partenaires':1	'partenair':1B	
215	59	0.35294117647058826	40	'carnon':6 'de':2 'espace':1 'sociale':4 'vie':3 'à':5	'carnon':6B 'de':2B 'espac':1B 'social':4B 'vie':3B 'à':5B	
121	19	1.967741935483871	33	'poterie':1	'poteri':1B	
78	7	0.9838709677419355	39	'associative':2 'vie':1	'associ':2B 'vie':1B	
112	13	0.6666666666666666	2	'danse':2 'danse-espagnole':1 'espagnole':3	'dans':2A 'danse-espagnol':1A 'espagnol':3A	
2	3	1.967741935483871	45	'accueil':1	'accueil':1B	
233	18	2.1219512195121952	2	'clas':1	'clas':1A	
75	6	1.967741935483871	39	'adhérer':1	'adhérer':1B	
93	12	1.967741935483871	39	'locaux':1	'locaux':1B	
69	4	0.9838709677419355	38	'association':2 'l':1	'associ':2B 'l':1B	
106	16	1.967741935483871	31	'activités':1	'activité':1B	
218	15	2.085714285714286	2	'clubados':1	'clubado':1A	
72	5	0.9838709677419355	39	'associatif':2 'projet':1	'associatif':2B 'projet':1B	
109	17	2	33	'yoga':1	'yoga':1B	
90	11	1.967741935483871	39	'bénévoles':1	'bénévole':1B	
225	61	0.7105263157894738	40	'alsh':1 'carnon':3 'à':2	'alsh':1B 'carnon':3B 'à':2B	
245	65	1.0760869565217392	43	'axe':1 'jeunes':2	'axe':1B 'jeun':2B	
87	10	1.967741935483871	39	'équipe':1	'équip':1B	
220	60	0.5347222222222222	43	'ados':2 'carnon':4 'club':1 'à':3	'ado':2B 'carnon':4B 'club':1B 'à':3B	
200	56	0.5078125	40	'de':2 'la':3 'mjc':4 'services':1	'de':2B 'la':3B 'mjc':4B 'servic':1B	
84	9	0.6559139784946236	39	'administration':3 'conseil':1 'd':2	'administr':3B 'conseil':1B 'd':2B	
228	17	2.1025641025641026	2	'loisirsjeunes':1	'loisirsjeun':1A	
240	64	0.7272727272727272	43	'axe':1 'de':2 'parentalité':3	'axe':1B 'de':2B 'parentalité':3B	
213	14	2	2	'evs':1	'ev':1A	
235	63	0.43809523809523815	40	'carnon':3 'clas':1 'et':4 'mauguio':5 'à':2	'carnon':3B 'clas':1B 'et':4B 'mauguio':5B 'à':2B	
230	62	0.5375	40	'jeunes':2 'loisirs':1 'mauguio':4 'à':3	'jeun':2B 'loisir':1B 'mauguio':4B 'à':3B	
238	19	2.1627906976744184	2	'axedeparentalité':1	'axedeparentalité':1A	
243	20	2.1555555555555554	2	'axejeunes':1	'axejeun':1A	
\.


--
-- Data for Name: wagtailusers_userprofile; Type: TABLE DATA; Schema: public; Owner: u39js7kqi209ni
--

COPY public.wagtailusers_userprofile (id, submitted_notifications, approved_notifications, rejected_notifications, user_id, preferred_language, current_time_zone, avatar, updated_comments_notifications, dismissibles, theme, density, contrast) FROM stdin;
1	t	t	t	1				t	{}	system	default	system
\.


--
-- Name: activites_activitypage_animateurs_id_seq; Type: SEQUENCE SET; Schema: public; Owner: u39js7kqi209ni
--

SELECT pg_catalog.setval('public.activites_activitypage_animateurs_id_seq', 2, true);


--
-- Name: activites_animateur_id_seq; Type: SEQUENCE SET; Schema: public; Owner: u39js7kqi209ni
--

SELECT pg_catalog.setval('public.activites_animateur_id_seq', 3, true);


--
-- Name: activites_subactivity_id_seq; Type: SEQUENCE SET; Schema: public; Owner: u39js7kqi209ni
--

SELECT pg_catalog.setval('public.activites_subactivity_id_seq', 3, true);


--
-- Name: auth_group_id_seq; Type: SEQUENCE SET; Schema: public; Owner: u39js7kqi209ni
--

SELECT pg_catalog.setval('public.auth_group_id_seq', 2, true);


--
-- Name: auth_group_permissions_id_seq; Type: SEQUENCE SET; Schema: public; Owner: u39js7kqi209ni
--

SELECT pg_catalog.setval('public.auth_group_permissions_id_seq', 18, true);


--
-- Name: auth_permission_id_seq; Type: SEQUENCE SET; Schema: public; Owner: u39js7kqi209ni
--

SELECT pg_catalog.setval('public.auth_permission_id_seq', 247, true);


--
-- Name: auth_user_groups_id_seq; Type: SEQUENCE SET; Schema: public; Owner: u39js7kqi209ni
--

SELECT pg_catalog.setval('public.auth_user_groups_id_seq', 1, false);


--
-- Name: auth_user_id_seq; Type: SEQUENCE SET; Schema: public; Owner: u39js7kqi209ni
--

SELECT pg_catalog.setval('public.auth_user_id_seq', 1, true);


--
-- Name: auth_user_user_permissions_id_seq; Type: SEQUENCE SET; Schema: public; Owner: u39js7kqi209ni
--

SELECT pg_catalog.setval('public.auth_user_user_permissions_id_seq', 1, false);


--
-- Name: common_flashmessage_id_seq; Type: SEQUENCE SET; Schema: public; Owner: u39js7kqi209ni
--

SELECT pg_catalog.setval('public.common_flashmessage_id_seq', 1, true);


--
-- Name: common_footersettings_id_seq; Type: SEQUENCE SET; Schema: public; Owner: u39js7kqi209ni
--

SELECT pg_catalog.setval('public.common_footersettings_id_seq', 1, true);


--
-- Name: common_themesettings_id_seq; Type: SEQUENCE SET; Schema: public; Owner: u39js7kqi209ni
--

SELECT pg_catalog.setval('public.common_themesettings_id_seq', 1, true);


--
-- Name: django_admin_log_id_seq; Type: SEQUENCE SET; Schema: public; Owner: u39js7kqi209ni
--

SELECT pg_catalog.setval('public.django_admin_log_id_seq', 1, false);


--
-- Name: django_content_type_id_seq; Type: SEQUENCE SET; Schema: public; Owner: u39js7kqi209ni
--

SELECT pg_catalog.setval('public.django_content_type_id_seq', 61, true);


--
-- Name: django_migrations_id_seq; Type: SEQUENCE SET; Schema: public; Owner: u39js7kqi209ni
--

SELECT pg_catalog.setval('public.django_migrations_id_seq', 233, true);


--
-- Name: home_rotatingword_id_seq; Type: SEQUENCE SET; Schema: public; Owner: u39js7kqi209ni
--

SELECT pg_catalog.setval('public.home_rotatingword_id_seq', 4, true);


--
-- Name: taggit_tag_id_seq; Type: SEQUENCE SET; Schema: public; Owner: u39js7kqi209ni
--

SELECT pg_catalog.setval('public.taggit_tag_id_seq', 1, false);


--
-- Name: taggit_taggeditem_id_seq; Type: SEQUENCE SET; Schema: public; Owner: u39js7kqi209ni
--

SELECT pg_catalog.setval('public.taggit_taggeditem_id_seq', 1, false);


--
-- Name: wagtailadmin_admin_id_seq; Type: SEQUENCE SET; Schema: public; Owner: u39js7kqi209ni
--

SELECT pg_catalog.setval('public.wagtailadmin_admin_id_seq', 1, false);


--
-- Name: wagtailadmin_editingsession_id_seq; Type: SEQUENCE SET; Schema: public; Owner: u39js7kqi209ni
--

SELECT pg_catalog.setval('public.wagtailadmin_editingsession_id_seq', 108, true);


--
-- Name: wagtailcore_collection_id_seq; Type: SEQUENCE SET; Schema: public; Owner: u39js7kqi209ni
--

SELECT pg_catalog.setval('public.wagtailcore_collection_id_seq', 1, true);


--
-- Name: wagtailcore_collectionviewrestriction_groups_id_seq; Type: SEQUENCE SET; Schema: public; Owner: u39js7kqi209ni
--

SELECT pg_catalog.setval('public.wagtailcore_collectionviewrestriction_groups_id_seq', 1, false);


--
-- Name: wagtailcore_collectionviewrestriction_id_seq; Type: SEQUENCE SET; Schema: public; Owner: u39js7kqi209ni
--

SELECT pg_catalog.setval('public.wagtailcore_collectionviewrestriction_id_seq', 1, false);


--
-- Name: wagtailcore_comment_id_seq; Type: SEQUENCE SET; Schema: public; Owner: u39js7kqi209ni
--

SELECT pg_catalog.setval('public.wagtailcore_comment_id_seq', 1, false);


--
-- Name: wagtailcore_commentreply_id_seq; Type: SEQUENCE SET; Schema: public; Owner: u39js7kqi209ni
--

SELECT pg_catalog.setval('public.wagtailcore_commentreply_id_seq', 1, false);


--
-- Name: wagtailcore_groupapprovaltask_groups_id_seq; Type: SEQUENCE SET; Schema: public; Owner: u39js7kqi209ni
--

SELECT pg_catalog.setval('public.wagtailcore_groupapprovaltask_groups_id_seq', 1, true);


--
-- Name: wagtailcore_groupcollectionpermission_id_seq; Type: SEQUENCE SET; Schema: public; Owner: u39js7kqi209ni
--

SELECT pg_catalog.setval('public.wagtailcore_groupcollectionpermission_id_seq', 12, true);


--
-- Name: wagtailcore_grouppagepermission_id_seq; Type: SEQUENCE SET; Schema: public; Owner: u39js7kqi209ni
--

SELECT pg_catalog.setval('public.wagtailcore_grouppagepermission_id_seq', 7, true);


--
-- Name: wagtailcore_locale_id_seq; Type: SEQUENCE SET; Schema: public; Owner: u39js7kqi209ni
--

SELECT pg_catalog.setval('public.wagtailcore_locale_id_seq', 1, true);


--
-- Name: wagtailcore_modellogentry_id_seq; Type: SEQUENCE SET; Schema: public; Owner: u39js7kqi209ni
--

SELECT pg_catalog.setval('public.wagtailcore_modellogentry_id_seq', 28, true);


--
-- Name: wagtailcore_page_id_seq; Type: SEQUENCE SET; Schema: public; Owner: u39js7kqi209ni
--

SELECT pg_catalog.setval('public.wagtailcore_page_id_seq', 65, true);


--
-- Name: wagtailcore_pagelogentry_id_seq; Type: SEQUENCE SET; Schema: public; Owner: u39js7kqi209ni
--

SELECT pg_catalog.setval('public.wagtailcore_pagelogentry_id_seq', 172, true);


--
-- Name: wagtailcore_pagerevision_id_seq; Type: SEQUENCE SET; Schema: public; Owner: u39js7kqi209ni
--

SELECT pg_catalog.setval('public.wagtailcore_pagerevision_id_seq', 83, true);


--
-- Name: wagtailcore_pagesubscription_id_seq; Type: SEQUENCE SET; Schema: public; Owner: u39js7kqi209ni
--

SELECT pg_catalog.setval('public.wagtailcore_pagesubscription_id_seq', 63, true);


--
-- Name: wagtailcore_pageviewrestriction_groups_id_seq; Type: SEQUENCE SET; Schema: public; Owner: u39js7kqi209ni
--

SELECT pg_catalog.setval('public.wagtailcore_pageviewrestriction_groups_id_seq', 1, false);


--
-- Name: wagtailcore_pageviewrestriction_id_seq; Type: SEQUENCE SET; Schema: public; Owner: u39js7kqi209ni
--

SELECT pg_catalog.setval('public.wagtailcore_pageviewrestriction_id_seq', 1, false);


--
-- Name: wagtailcore_query_id_seq; Type: SEQUENCE SET; Schema: public; Owner: u39js7kqi209ni
--

SELECT pg_catalog.setval('public.wagtailcore_query_id_seq', 2, true);


--
-- Name: wagtailcore_querydailyhits_id_seq; Type: SEQUENCE SET; Schema: public; Owner: u39js7kqi209ni
--

SELECT pg_catalog.setval('public.wagtailcore_querydailyhits_id_seq', 2, true);


--
-- Name: wagtailcore_referenceindex_id_seq; Type: SEQUENCE SET; Schema: public; Owner: u39js7kqi209ni
--

SELECT pg_catalog.setval('public.wagtailcore_referenceindex_id_seq', 74, true);


--
-- Name: wagtailcore_searchpromotion_id_seq; Type: SEQUENCE SET; Schema: public; Owner: u39js7kqi209ni
--

SELECT pg_catalog.setval('public.wagtailcore_searchpromotion_id_seq', 1, false);


--
-- Name: wagtailcore_site_id_seq; Type: SEQUENCE SET; Schema: public; Owner: u39js7kqi209ni
--

SELECT pg_catalog.setval('public.wagtailcore_site_id_seq', 2, true);


--
-- Name: wagtailcore_task_id_seq; Type: SEQUENCE SET; Schema: public; Owner: u39js7kqi209ni
--

SELECT pg_catalog.setval('public.wagtailcore_task_id_seq', 1, true);


--
-- Name: wagtailcore_taskstate_id_seq; Type: SEQUENCE SET; Schema: public; Owner: u39js7kqi209ni
--

SELECT pg_catalog.setval('public.wagtailcore_taskstate_id_seq', 1, false);


--
-- Name: wagtailcore_uploadedfile_id_seq; Type: SEQUENCE SET; Schema: public; Owner: u39js7kqi209ni
--

SELECT pg_catalog.setval('public.wagtailcore_uploadedfile_id_seq', 1, false);


--
-- Name: wagtailcore_workflow_id_seq; Type: SEQUENCE SET; Schema: public; Owner: u39js7kqi209ni
--

SELECT pg_catalog.setval('public.wagtailcore_workflow_id_seq', 1, true);


--
-- Name: wagtailcore_workflowstate_id_seq; Type: SEQUENCE SET; Schema: public; Owner: u39js7kqi209ni
--

SELECT pg_catalog.setval('public.wagtailcore_workflowstate_id_seq', 1, false);


--
-- Name: wagtailcore_workflowtask_id_seq; Type: SEQUENCE SET; Schema: public; Owner: u39js7kqi209ni
--

SELECT pg_catalog.setval('public.wagtailcore_workflowtask_id_seq', 1, true);


--
-- Name: wagtaildocs_document_id_seq; Type: SEQUENCE SET; Schema: public; Owner: u39js7kqi209ni
--

SELECT pg_catalog.setval('public.wagtaildocs_document_id_seq', 1, false);


--
-- Name: wagtailembeds_embed_id_seq; Type: SEQUENCE SET; Schema: public; Owner: u39js7kqi209ni
--

SELECT pg_catalog.setval('public.wagtailembeds_embed_id_seq', 1, true);


--
-- Name: wagtailforms_formsubmission_id_seq; Type: SEQUENCE SET; Schema: public; Owner: u39js7kqi209ni
--

SELECT pg_catalog.setval('public.wagtailforms_formsubmission_id_seq', 1, false);


--
-- Name: wagtailimages_image_id_seq; Type: SEQUENCE SET; Schema: public; Owner: u39js7kqi209ni
--

SELECT pg_catalog.setval('public.wagtailimages_image_id_seq', 20, true);


--
-- Name: wagtailimages_rendition_id_seq; Type: SEQUENCE SET; Schema: public; Owner: u39js7kqi209ni
--

SELECT pg_catalog.setval('public.wagtailimages_rendition_id_seq', 112, true);


--
-- Name: wagtailredirects_redirect_id_seq; Type: SEQUENCE SET; Schema: public; Owner: u39js7kqi209ni
--

SELECT pg_catalog.setval('public.wagtailredirects_redirect_id_seq', 1, true);


--
-- Name: wagtailsearch_indexentry_id_seq; Type: SEQUENCE SET; Schema: public; Owner: u39js7kqi209ni
--

SELECT pg_catalog.setval('public.wagtailsearch_indexentry_id_seq', 247, true);


--
-- Name: wagtailusers_userprofile_id_seq; Type: SEQUENCE SET; Schema: public; Owner: u39js7kqi209ni
--

SELECT pg_catalog.setval('public.wagtailusers_userprofile_id_seq', 1, true);


--
-- Name: activites_activitylist activites_activitylist_pkey; Type: CONSTRAINT; Schema: public; Owner: u39js7kqi209ni
--

ALTER TABLE ONLY public.activites_activitylist
    ADD CONSTRAINT activites_activitylist_pkey PRIMARY KEY (page_ptr_id);


--
-- Name: activites_activitypage_animateurs activites_activitypage_a_activitypage_id_animateu_f3c5a9dc_uniq; Type: CONSTRAINT; Schema: public; Owner: u39js7kqi209ni
--

ALTER TABLE ONLY public.activites_activitypage_animateurs
    ADD CONSTRAINT activites_activitypage_a_activitypage_id_animateu_f3c5a9dc_uniq UNIQUE (activitypage_id, animateur_id);


--
-- Name: activites_activitypage_animateurs activites_activitypage_animateurs_pkey; Type: CONSTRAINT; Schema: public; Owner: u39js7kqi209ni
--

ALTER TABLE ONLY public.activites_activitypage_animateurs
    ADD CONSTRAINT activites_activitypage_animateurs_pkey PRIMARY KEY (id);


--
-- Name: activites_activitypage activites_activitypage_pkey; Type: CONSTRAINT; Schema: public; Owner: u39js7kqi209ni
--

ALTER TABLE ONLY public.activites_activitypage
    ADD CONSTRAINT activites_activitypage_pkey PRIMARY KEY (detailpage_ptr_id);


--
-- Name: activites_animateur activites_animateur_name_key; Type: CONSTRAINT; Schema: public; Owner: u39js7kqi209ni
--

ALTER TABLE ONLY public.activites_animateur
    ADD CONSTRAINT activites_animateur_name_key UNIQUE (name);


--
-- Name: activites_animateur activites_animateur_pkey; Type: CONSTRAINT; Schema: public; Owner: u39js7kqi209ni
--

ALTER TABLE ONLY public.activites_animateur
    ADD CONSTRAINT activites_animateur_pkey PRIMARY KEY (id);


--
-- Name: activites_subactivity activites_subactivity_pkey; Type: CONSTRAINT; Schema: public; Owner: u39js7kqi209ni
--

ALTER TABLE ONLY public.activites_subactivity
    ADD CONSTRAINT activites_subactivity_pkey PRIMARY KEY (id);


--
-- Name: agenda_agendaindexpage agenda_agendaindexpage_pkey; Type: CONSTRAINT; Schema: public; Owner: u39js7kqi209ni
--

ALTER TABLE ONLY public.agenda_agendaindexpage
    ADD CONSTRAINT agenda_agendaindexpage_pkey PRIMARY KEY (page_ptr_id);


--
-- Name: agenda_eventpage agenda_eventpage_pkey; Type: CONSTRAINT; Schema: public; Owner: u39js7kqi209ni
--

ALTER TABLE ONLY public.agenda_eventpage
    ADD CONSTRAINT agenda_eventpage_pkey PRIMARY KEY (detailpage_ptr_id);


--
-- Name: agenda_pasteventspage agenda_pasteventspage_pkey; Type: CONSTRAINT; Schema: public; Owner: u39js7kqi209ni
--

ALTER TABLE ONLY public.agenda_pasteventspage
    ADD CONSTRAINT agenda_pasteventspage_pkey PRIMARY KEY (page_ptr_id);


--
-- Name: association_associationindexpage association_associationindexpage_pkey; Type: CONSTRAINT; Schema: public; Owner: u39js7kqi209ni
--

ALTER TABLE ONLY public.association_associationindexpage
    ADD CONSTRAINT association_associationindexpage_pkey PRIMARY KEY (baseindexpage_ptr_id);


--
-- Name: association_associationpage association_associationpage_pkey; Type: CONSTRAINT; Schema: public; Owner: u39js7kqi209ni
--

ALTER TABLE ONLY public.association_associationpage
    ADD CONSTRAINT association_associationpage_pkey PRIMARY KEY (detailpage_ptr_id);


--
-- Name: auth_group auth_group_name_key; Type: CONSTRAINT; Schema: public; Owner: u39js7kqi209ni
--

ALTER TABLE ONLY public.auth_group
    ADD CONSTRAINT auth_group_name_key UNIQUE (name);


--
-- Name: auth_group_permissions auth_group_permissions_group_id_permission_id_0cd325b0_uniq; Type: CONSTRAINT; Schema: public; Owner: u39js7kqi209ni
--

ALTER TABLE ONLY public.auth_group_permissions
    ADD CONSTRAINT auth_group_permissions_group_id_permission_id_0cd325b0_uniq UNIQUE (group_id, permission_id);


--
-- Name: auth_group_permissions auth_group_permissions_pkey; Type: CONSTRAINT; Schema: public; Owner: u39js7kqi209ni
--

ALTER TABLE ONLY public.auth_group_permissions
    ADD CONSTRAINT auth_group_permissions_pkey PRIMARY KEY (id);


--
-- Name: auth_group auth_group_pkey; Type: CONSTRAINT; Schema: public; Owner: u39js7kqi209ni
--

ALTER TABLE ONLY public.auth_group
    ADD CONSTRAINT auth_group_pkey PRIMARY KEY (id);


--
-- Name: auth_permission auth_permission_content_type_id_codename_01ab375a_uniq; Type: CONSTRAINT; Schema: public; Owner: u39js7kqi209ni
--

ALTER TABLE ONLY public.auth_permission
    ADD CONSTRAINT auth_permission_content_type_id_codename_01ab375a_uniq UNIQUE (content_type_id, codename);


--
-- Name: auth_permission auth_permission_pkey; Type: CONSTRAINT; Schema: public; Owner: u39js7kqi209ni
--

ALTER TABLE ONLY public.auth_permission
    ADD CONSTRAINT auth_permission_pkey PRIMARY KEY (id);


--
-- Name: auth_user_groups auth_user_groups_pkey; Type: CONSTRAINT; Schema: public; Owner: u39js7kqi209ni
--

ALTER TABLE ONLY public.auth_user_groups
    ADD CONSTRAINT auth_user_groups_pkey PRIMARY KEY (id);


--
-- Name: auth_user_groups auth_user_groups_user_id_group_id_94350c0c_uniq; Type: CONSTRAINT; Schema: public; Owner: u39js7kqi209ni
--

ALTER TABLE ONLY public.auth_user_groups
    ADD CONSTRAINT auth_user_groups_user_id_group_id_94350c0c_uniq UNIQUE (user_id, group_id);


--
-- Name: auth_user auth_user_pkey; Type: CONSTRAINT; Schema: public; Owner: u39js7kqi209ni
--

ALTER TABLE ONLY public.auth_user
    ADD CONSTRAINT auth_user_pkey PRIMARY KEY (id);


--
-- Name: auth_user_user_permissions auth_user_user_permissions_pkey; Type: CONSTRAINT; Schema: public; Owner: u39js7kqi209ni
--

ALTER TABLE ONLY public.auth_user_user_permissions
    ADD CONSTRAINT auth_user_user_permissions_pkey PRIMARY KEY (id);


--
-- Name: auth_user_user_permissions auth_user_user_permissions_user_id_permission_id_14a6b632_uniq; Type: CONSTRAINT; Schema: public; Owner: u39js7kqi209ni
--

ALTER TABLE ONLY public.auth_user_user_permissions
    ADD CONSTRAINT auth_user_user_permissions_user_id_permission_id_14a6b632_uniq UNIQUE (user_id, permission_id);


--
-- Name: auth_user auth_user_username_key; Type: CONSTRAINT; Schema: public; Owner: u39js7kqi209ni
--

ALTER TABLE ONLY public.auth_user
    ADD CONSTRAINT auth_user_username_key UNIQUE (username);


--
-- Name: common_baseindexpage common_baseindexpage_pkey; Type: CONSTRAINT; Schema: public; Owner: u39js7kqi209ni
--

ALTER TABLE ONLY public.common_baseindexpage
    ADD CONSTRAINT common_baseindexpage_pkey PRIMARY KEY (page_ptr_id);


--
-- Name: common_detailpage common_detailpage_pkey; Type: CONSTRAINT; Schema: public; Owner: u39js7kqi209ni
--

ALTER TABLE ONLY public.common_detailpage
    ADD CONSTRAINT common_detailpage_pkey PRIMARY KEY (page_ptr_id);


--
-- Name: common_flashmessage common_flashmessage_pkey; Type: CONSTRAINT; Schema: public; Owner: u39js7kqi209ni
--

ALTER TABLE ONLY public.common_flashmessage
    ADD CONSTRAINT common_flashmessage_pkey PRIMARY KEY (id);


--
-- Name: common_footersettings common_footersettings_pkey; Type: CONSTRAINT; Schema: public; Owner: u39js7kqi209ni
--

ALTER TABLE ONLY public.common_footersettings
    ADD CONSTRAINT common_footersettings_pkey PRIMARY KEY (id);


--
-- Name: common_themesettings common_themesettings_pkey; Type: CONSTRAINT; Schema: public; Owner: u39js7kqi209ni
--

ALTER TABLE ONLY public.common_themesettings
    ADD CONSTRAINT common_themesettings_pkey PRIMARY KEY (id);


--
-- Name: django_admin_log django_admin_log_pkey; Type: CONSTRAINT; Schema: public; Owner: u39js7kqi209ni
--

ALTER TABLE ONLY public.django_admin_log
    ADD CONSTRAINT django_admin_log_pkey PRIMARY KEY (id);


--
-- Name: django_content_type django_content_type_app_label_model_76bd3d3b_uniq; Type: CONSTRAINT; Schema: public; Owner: u39js7kqi209ni
--

ALTER TABLE ONLY public.django_content_type
    ADD CONSTRAINT django_content_type_app_label_model_76bd3d3b_uniq UNIQUE (app_label, model);


--
-- Name: django_content_type django_content_type_pkey; Type: CONSTRAINT; Schema: public; Owner: u39js7kqi209ni
--

ALTER TABLE ONLY public.django_content_type
    ADD CONSTRAINT django_content_type_pkey PRIMARY KEY (id);


--
-- Name: django_migrations django_migrations_pkey; Type: CONSTRAINT; Schema: public; Owner: u39js7kqi209ni
--

ALTER TABLE ONLY public.django_migrations
    ADD CONSTRAINT django_migrations_pkey PRIMARY KEY (id);


--
-- Name: django_session django_session_pkey; Type: CONSTRAINT; Schema: public; Owner: u39js7kqi209ni
--

ALTER TABLE ONLY public.django_session
    ADD CONSTRAINT django_session_pkey PRIMARY KEY (session_key);


--
-- Name: home_pageacceuil home_pageacceuil_pkey; Type: CONSTRAINT; Schema: public; Owner: u39js7kqi209ni
--

ALTER TABLE ONLY public.home_pageacceuil
    ADD CONSTRAINT home_pageacceuil_pkey PRIMARY KEY (page_ptr_id);


--
-- Name: home_rotatingword home_rotatingword_pkey; Type: CONSTRAINT; Schema: public; Owner: u39js7kqi209ni
--

ALTER TABLE ONLY public.home_rotatingword
    ADD CONSTRAINT home_rotatingword_pkey PRIMARY KEY (id);


--
-- Name: taggit_tag taggit_tag_name_key; Type: CONSTRAINT; Schema: public; Owner: u39js7kqi209ni
--

ALTER TABLE ONLY public.taggit_tag
    ADD CONSTRAINT taggit_tag_name_key UNIQUE (name);


--
-- Name: taggit_tag taggit_tag_pkey; Type: CONSTRAINT; Schema: public; Owner: u39js7kqi209ni
--

ALTER TABLE ONLY public.taggit_tag
    ADD CONSTRAINT taggit_tag_pkey PRIMARY KEY (id);


--
-- Name: taggit_tag taggit_tag_slug_key; Type: CONSTRAINT; Schema: public; Owner: u39js7kqi209ni
--

ALTER TABLE ONLY public.taggit_tag
    ADD CONSTRAINT taggit_tag_slug_key UNIQUE (slug);


--
-- Name: taggit_taggeditem taggit_taggeditem_content_type_id_object_id_tag_id_4bb97a8e_uni; Type: CONSTRAINT; Schema: public; Owner: u39js7kqi209ni
--

ALTER TABLE ONLY public.taggit_taggeditem
    ADD CONSTRAINT taggit_taggeditem_content_type_id_object_id_tag_id_4bb97a8e_uni UNIQUE (content_type_id, object_id, tag_id);


--
-- Name: taggit_taggeditem taggit_taggeditem_pkey; Type: CONSTRAINT; Schema: public; Owner: u39js7kqi209ni
--

ALTER TABLE ONLY public.taggit_taggeditem
    ADD CONSTRAINT taggit_taggeditem_pkey PRIMARY KEY (id);


--
-- Name: wagtailcore_grouppagepermission unique_permission; Type: CONSTRAINT; Schema: public; Owner: u39js7kqi209ni
--

ALTER TABLE ONLY public.wagtailcore_grouppagepermission
    ADD CONSTRAINT unique_permission UNIQUE (group_id, page_id, permission_id);


--
-- Name: wagtailadmin_admin wagtailadmin_admin_pkey; Type: CONSTRAINT; Schema: public; Owner: u39js7kqi209ni
--

ALTER TABLE ONLY public.wagtailadmin_admin
    ADD CONSTRAINT wagtailadmin_admin_pkey PRIMARY KEY (id);


--
-- Name: wagtailadmin_editingsession wagtailadmin_editingsession_pkey; Type: CONSTRAINT; Schema: public; Owner: u39js7kqi209ni
--

ALTER TABLE ONLY public.wagtailadmin_editingsession
    ADD CONSTRAINT wagtailadmin_editingsession_pkey PRIMARY KEY (id);


--
-- Name: wagtailcore_collection wagtailcore_collection_path_key; Type: CONSTRAINT; Schema: public; Owner: u39js7kqi209ni
--

ALTER TABLE ONLY public.wagtailcore_collection
    ADD CONSTRAINT wagtailcore_collection_path_key UNIQUE (path);


--
-- Name: wagtailcore_collection wagtailcore_collection_pkey; Type: CONSTRAINT; Schema: public; Owner: u39js7kqi209ni
--

ALTER TABLE ONLY public.wagtailcore_collection
    ADD CONSTRAINT wagtailcore_collection_pkey PRIMARY KEY (id);


--
-- Name: wagtailcore_collectionviewrestriction_groups wagtailcore_collectionvi_collectionviewrestrictio_988995ae_uniq; Type: CONSTRAINT; Schema: public; Owner: u39js7kqi209ni
--

ALTER TABLE ONLY public.wagtailcore_collectionviewrestriction_groups
    ADD CONSTRAINT wagtailcore_collectionvi_collectionviewrestrictio_988995ae_uniq UNIQUE (collectionviewrestriction_id, group_id);


--
-- Name: wagtailcore_collectionviewrestriction_groups wagtailcore_collectionviewrestriction_groups_pkey; Type: CONSTRAINT; Schema: public; Owner: u39js7kqi209ni
--

ALTER TABLE ONLY public.wagtailcore_collectionviewrestriction_groups
    ADD CONSTRAINT wagtailcore_collectionviewrestriction_groups_pkey PRIMARY KEY (id);


--
-- Name: wagtailcore_collectionviewrestriction wagtailcore_collectionviewrestriction_pkey; Type: CONSTRAINT; Schema: public; Owner: u39js7kqi209ni
--

ALTER TABLE ONLY public.wagtailcore_collectionviewrestriction
    ADD CONSTRAINT wagtailcore_collectionviewrestriction_pkey PRIMARY KEY (id);


--
-- Name: wagtailcore_comment wagtailcore_comment_pkey; Type: CONSTRAINT; Schema: public; Owner: u39js7kqi209ni
--

ALTER TABLE ONLY public.wagtailcore_comment
    ADD CONSTRAINT wagtailcore_comment_pkey PRIMARY KEY (id);


--
-- Name: wagtailcore_commentreply wagtailcore_commentreply_pkey; Type: CONSTRAINT; Schema: public; Owner: u39js7kqi209ni
--

ALTER TABLE ONLY public.wagtailcore_commentreply
    ADD CONSTRAINT wagtailcore_commentreply_pkey PRIMARY KEY (id);


--
-- Name: wagtailcore_groupapprovaltask_groups wagtailcore_groupapprova_groupapprovaltask_id_gro_bb5ee7eb_uniq; Type: CONSTRAINT; Schema: public; Owner: u39js7kqi209ni
--

ALTER TABLE ONLY public.wagtailcore_groupapprovaltask_groups
    ADD CONSTRAINT wagtailcore_groupapprova_groupapprovaltask_id_gro_bb5ee7eb_uniq UNIQUE (groupapprovaltask_id, group_id);


--
-- Name: wagtailcore_groupapprovaltask_groups wagtailcore_groupapprovaltask_groups_pkey; Type: CONSTRAINT; Schema: public; Owner: u39js7kqi209ni
--

ALTER TABLE ONLY public.wagtailcore_groupapprovaltask_groups
    ADD CONSTRAINT wagtailcore_groupapprovaltask_groups_pkey PRIMARY KEY (id);


--
-- Name: wagtailcore_groupapprovaltask wagtailcore_groupapprovaltask_pkey; Type: CONSTRAINT; Schema: public; Owner: u39js7kqi209ni
--

ALTER TABLE ONLY public.wagtailcore_groupapprovaltask
    ADD CONSTRAINT wagtailcore_groupapprovaltask_pkey PRIMARY KEY (task_ptr_id);


--
-- Name: wagtailcore_groupcollectionpermission wagtailcore_groupcollect_group_id_collection_id_p_a21cefe9_uniq; Type: CONSTRAINT; Schema: public; Owner: u39js7kqi209ni
--

ALTER TABLE ONLY public.wagtailcore_groupcollectionpermission
    ADD CONSTRAINT wagtailcore_groupcollect_group_id_collection_id_p_a21cefe9_uniq UNIQUE (group_id, collection_id, permission_id);


--
-- Name: wagtailcore_groupcollectionpermission wagtailcore_groupcollectionpermission_pkey; Type: CONSTRAINT; Schema: public; Owner: u39js7kqi209ni
--

ALTER TABLE ONLY public.wagtailcore_groupcollectionpermission
    ADD CONSTRAINT wagtailcore_groupcollectionpermission_pkey PRIMARY KEY (id);


--
-- Name: wagtailcore_grouppagepermission wagtailcore_grouppagepermission_pkey; Type: CONSTRAINT; Schema: public; Owner: u39js7kqi209ni
--

ALTER TABLE ONLY public.wagtailcore_grouppagepermission
    ADD CONSTRAINT wagtailcore_grouppagepermission_pkey PRIMARY KEY (id);


--
-- Name: wagtailcore_locale wagtailcore_locale_language_code_key; Type: CONSTRAINT; Schema: public; Owner: u39js7kqi209ni
--

ALTER TABLE ONLY public.wagtailcore_locale
    ADD CONSTRAINT wagtailcore_locale_language_code_key UNIQUE (language_code);


--
-- Name: wagtailcore_locale wagtailcore_locale_pkey; Type: CONSTRAINT; Schema: public; Owner: u39js7kqi209ni
--

ALTER TABLE ONLY public.wagtailcore_locale
    ADD CONSTRAINT wagtailcore_locale_pkey PRIMARY KEY (id);


--
-- Name: wagtailcore_modellogentry wagtailcore_modellogentry_pkey; Type: CONSTRAINT; Schema: public; Owner: u39js7kqi209ni
--

ALTER TABLE ONLY public.wagtailcore_modellogentry
    ADD CONSTRAINT wagtailcore_modellogentry_pkey PRIMARY KEY (id);


--
-- Name: wagtailcore_page wagtailcore_page_path_key; Type: CONSTRAINT; Schema: public; Owner: u39js7kqi209ni
--

ALTER TABLE ONLY public.wagtailcore_page
    ADD CONSTRAINT wagtailcore_page_path_key UNIQUE (path);


--
-- Name: wagtailcore_page wagtailcore_page_pkey; Type: CONSTRAINT; Schema: public; Owner: u39js7kqi209ni
--

ALTER TABLE ONLY public.wagtailcore_page
    ADD CONSTRAINT wagtailcore_page_pkey PRIMARY KEY (id);


--
-- Name: wagtailcore_page wagtailcore_page_translation_key_locale_id_9b041bad_uniq; Type: CONSTRAINT; Schema: public; Owner: u39js7kqi209ni
--

ALTER TABLE ONLY public.wagtailcore_page
    ADD CONSTRAINT wagtailcore_page_translation_key_locale_id_9b041bad_uniq UNIQUE (translation_key, locale_id);


--
-- Name: wagtailcore_pagelogentry wagtailcore_pagelogentry_pkey; Type: CONSTRAINT; Schema: public; Owner: u39js7kqi209ni
--

ALTER TABLE ONLY public.wagtailcore_pagelogentry
    ADD CONSTRAINT wagtailcore_pagelogentry_pkey PRIMARY KEY (id);


--
-- Name: wagtailcore_revision wagtailcore_pagerevision_pkey; Type: CONSTRAINT; Schema: public; Owner: u39js7kqi209ni
--

ALTER TABLE ONLY public.wagtailcore_revision
    ADD CONSTRAINT wagtailcore_pagerevision_pkey PRIMARY KEY (id);


--
-- Name: wagtailcore_pagesubscription wagtailcore_pagesubscription_page_id_user_id_0cef73ed_uniq; Type: CONSTRAINT; Schema: public; Owner: u39js7kqi209ni
--

ALTER TABLE ONLY public.wagtailcore_pagesubscription
    ADD CONSTRAINT wagtailcore_pagesubscription_page_id_user_id_0cef73ed_uniq UNIQUE (page_id, user_id);


--
-- Name: wagtailcore_pagesubscription wagtailcore_pagesubscription_pkey; Type: CONSTRAINT; Schema: public; Owner: u39js7kqi209ni
--

ALTER TABLE ONLY public.wagtailcore_pagesubscription
    ADD CONSTRAINT wagtailcore_pagesubscription_pkey PRIMARY KEY (id);


--
-- Name: wagtailcore_pageviewrestriction_groups wagtailcore_pageviewrest_pageviewrestriction_id_g_d23f80bb_uniq; Type: CONSTRAINT; Schema: public; Owner: u39js7kqi209ni
--

ALTER TABLE ONLY public.wagtailcore_pageviewrestriction_groups
    ADD CONSTRAINT wagtailcore_pageviewrest_pageviewrestriction_id_g_d23f80bb_uniq UNIQUE (pageviewrestriction_id, group_id);


--
-- Name: wagtailcore_pageviewrestriction_groups wagtailcore_pageviewrestriction_groups_pkey; Type: CONSTRAINT; Schema: public; Owner: u39js7kqi209ni
--

ALTER TABLE ONLY public.wagtailcore_pageviewrestriction_groups
    ADD CONSTRAINT wagtailcore_pageviewrestriction_groups_pkey PRIMARY KEY (id);


--
-- Name: wagtailcore_pageviewrestriction wagtailcore_pageviewrestriction_pkey; Type: CONSTRAINT; Schema: public; Owner: u39js7kqi209ni
--

ALTER TABLE ONLY public.wagtailcore_pageviewrestriction
    ADD CONSTRAINT wagtailcore_pageviewrestriction_pkey PRIMARY KEY (id);


--
-- Name: wagtailcore_query wagtailcore_query_pkey; Type: CONSTRAINT; Schema: public; Owner: u39js7kqi209ni
--

ALTER TABLE ONLY public.wagtailcore_query
    ADD CONSTRAINT wagtailcore_query_pkey PRIMARY KEY (id);


--
-- Name: wagtailcore_query wagtailcore_query_query_string_key; Type: CONSTRAINT; Schema: public; Owner: u39js7kqi209ni
--

ALTER TABLE ONLY public.wagtailcore_query
    ADD CONSTRAINT wagtailcore_query_query_string_key UNIQUE (query_string);


--
-- Name: wagtailcore_querydailyhits wagtailcore_querydailyhits_pkey; Type: CONSTRAINT; Schema: public; Owner: u39js7kqi209ni
--

ALTER TABLE ONLY public.wagtailcore_querydailyhits
    ADD CONSTRAINT wagtailcore_querydailyhits_pkey PRIMARY KEY (id);


--
-- Name: wagtailcore_querydailyhits wagtailcore_querydailyhits_query_id_date_ba78d12b_uniq; Type: CONSTRAINT; Schema: public; Owner: u39js7kqi209ni
--

ALTER TABLE ONLY public.wagtailcore_querydailyhits
    ADD CONSTRAINT wagtailcore_querydailyhits_query_id_date_ba78d12b_uniq UNIQUE (query_id, date);


--
-- Name: wagtailcore_referenceindex wagtailcore_referenceind_base_content_type_id_obj_9e6ccd6a_uniq; Type: CONSTRAINT; Schema: public; Owner: u39js7kqi209ni
--

ALTER TABLE ONLY public.wagtailcore_referenceindex
    ADD CONSTRAINT wagtailcore_referenceind_base_content_type_id_obj_9e6ccd6a_uniq UNIQUE (base_content_type_id, object_id, to_content_type_id, to_object_id, content_path_hash);


--
-- Name: wagtailcore_referenceindex wagtailcore_referenceindex_pkey; Type: CONSTRAINT; Schema: public; Owner: u39js7kqi209ni
--

ALTER TABLE ONLY public.wagtailcore_referenceindex
    ADD CONSTRAINT wagtailcore_referenceindex_pkey PRIMARY KEY (id);


--
-- Name: wagtailcore_searchpromotion wagtailcore_searchpromotion_pkey; Type: CONSTRAINT; Schema: public; Owner: u39js7kqi209ni
--

ALTER TABLE ONLY public.wagtailcore_searchpromotion
    ADD CONSTRAINT wagtailcore_searchpromotion_pkey PRIMARY KEY (id);


--
-- Name: wagtailcore_site wagtailcore_site_hostname_port_2c626d70_uniq; Type: CONSTRAINT; Schema: public; Owner: u39js7kqi209ni
--

ALTER TABLE ONLY public.wagtailcore_site
    ADD CONSTRAINT wagtailcore_site_hostname_port_2c626d70_uniq UNIQUE (hostname, port);


--
-- Name: wagtailcore_site wagtailcore_site_pkey; Type: CONSTRAINT; Schema: public; Owner: u39js7kqi209ni
--

ALTER TABLE ONLY public.wagtailcore_site
    ADD CONSTRAINT wagtailcore_site_pkey PRIMARY KEY (id);


--
-- Name: wagtailcore_task wagtailcore_task_pkey; Type: CONSTRAINT; Schema: public; Owner: u39js7kqi209ni
--

ALTER TABLE ONLY public.wagtailcore_task
    ADD CONSTRAINT wagtailcore_task_pkey PRIMARY KEY (id);


--
-- Name: wagtailcore_taskstate wagtailcore_taskstate_pkey; Type: CONSTRAINT; Schema: public; Owner: u39js7kqi209ni
--

ALTER TABLE ONLY public.wagtailcore_taskstate
    ADD CONSTRAINT wagtailcore_taskstate_pkey PRIMARY KEY (id);


--
-- Name: wagtailcore_uploadedfile wagtailcore_uploadedfile_pkey; Type: CONSTRAINT; Schema: public; Owner: u39js7kqi209ni
--

ALTER TABLE ONLY public.wagtailcore_uploadedfile
    ADD CONSTRAINT wagtailcore_uploadedfile_pkey PRIMARY KEY (id);


--
-- Name: wagtailcore_workflow wagtailcore_workflow_pkey; Type: CONSTRAINT; Schema: public; Owner: u39js7kqi209ni
--

ALTER TABLE ONLY public.wagtailcore_workflow
    ADD CONSTRAINT wagtailcore_workflow_pkey PRIMARY KEY (id);


--
-- Name: wagtailcore_workflowcontenttype wagtailcore_workflowcontenttype_pkey; Type: CONSTRAINT; Schema: public; Owner: u39js7kqi209ni
--

ALTER TABLE ONLY public.wagtailcore_workflowcontenttype
    ADD CONSTRAINT wagtailcore_workflowcontenttype_pkey PRIMARY KEY (content_type_id);


--
-- Name: wagtailcore_workflowpage wagtailcore_workflowpage_pkey; Type: CONSTRAINT; Schema: public; Owner: u39js7kqi209ni
--

ALTER TABLE ONLY public.wagtailcore_workflowpage
    ADD CONSTRAINT wagtailcore_workflowpage_pkey PRIMARY KEY (page_id);


--
-- Name: wagtailcore_workflowstate wagtailcore_workflowstate_current_task_state_id_key; Type: CONSTRAINT; Schema: public; Owner: u39js7kqi209ni
--

ALTER TABLE ONLY public.wagtailcore_workflowstate
    ADD CONSTRAINT wagtailcore_workflowstate_current_task_state_id_key UNIQUE (current_task_state_id);


--
-- Name: wagtailcore_workflowstate wagtailcore_workflowstate_pkey; Type: CONSTRAINT; Schema: public; Owner: u39js7kqi209ni
--

ALTER TABLE ONLY public.wagtailcore_workflowstate
    ADD CONSTRAINT wagtailcore_workflowstate_pkey PRIMARY KEY (id);


--
-- Name: wagtailcore_workflowtask wagtailcore_workflowtask_pkey; Type: CONSTRAINT; Schema: public; Owner: u39js7kqi209ni
--

ALTER TABLE ONLY public.wagtailcore_workflowtask
    ADD CONSTRAINT wagtailcore_workflowtask_pkey PRIMARY KEY (id);


--
-- Name: wagtailcore_workflowtask wagtailcore_workflowtask_workflow_id_task_id_4ec7a62b_uniq; Type: CONSTRAINT; Schema: public; Owner: u39js7kqi209ni
--

ALTER TABLE ONLY public.wagtailcore_workflowtask
    ADD CONSTRAINT wagtailcore_workflowtask_workflow_id_task_id_4ec7a62b_uniq UNIQUE (workflow_id, task_id);


--
-- Name: wagtaildocs_document wagtaildocs_document_pkey; Type: CONSTRAINT; Schema: public; Owner: u39js7kqi209ni
--

ALTER TABLE ONLY public.wagtaildocs_document
    ADD CONSTRAINT wagtaildocs_document_pkey PRIMARY KEY (id);


--
-- Name: wagtailembeds_embed wagtailembeds_embed_hash_c9bd8c9a_uniq; Type: CONSTRAINT; Schema: public; Owner: u39js7kqi209ni
--

ALTER TABLE ONLY public.wagtailembeds_embed
    ADD CONSTRAINT wagtailembeds_embed_hash_c9bd8c9a_uniq UNIQUE (hash);


--
-- Name: wagtailembeds_embed wagtailembeds_embed_pkey; Type: CONSTRAINT; Schema: public; Owner: u39js7kqi209ni
--

ALTER TABLE ONLY public.wagtailembeds_embed
    ADD CONSTRAINT wagtailembeds_embed_pkey PRIMARY KEY (id);


--
-- Name: wagtailforms_formsubmission wagtailforms_formsubmission_pkey; Type: CONSTRAINT; Schema: public; Owner: u39js7kqi209ni
--

ALTER TABLE ONLY public.wagtailforms_formsubmission
    ADD CONSTRAINT wagtailforms_formsubmission_pkey PRIMARY KEY (id);


--
-- Name: wagtailimages_image wagtailimages_image_pkey; Type: CONSTRAINT; Schema: public; Owner: u39js7kqi209ni
--

ALTER TABLE ONLY public.wagtailimages_image
    ADD CONSTRAINT wagtailimages_image_pkey PRIMARY KEY (id);


--
-- Name: wagtailimages_rendition wagtailimages_rendition_image_id_filter_spec_foc_323c8fe0_uniq; Type: CONSTRAINT; Schema: public; Owner: u39js7kqi209ni
--

ALTER TABLE ONLY public.wagtailimages_rendition
    ADD CONSTRAINT wagtailimages_rendition_image_id_filter_spec_foc_323c8fe0_uniq UNIQUE (image_id, filter_spec, focal_point_key);


--
-- Name: wagtailimages_rendition wagtailimages_rendition_pkey; Type: CONSTRAINT; Schema: public; Owner: u39js7kqi209ni
--

ALTER TABLE ONLY public.wagtailimages_rendition
    ADD CONSTRAINT wagtailimages_rendition_pkey PRIMARY KEY (id);


--
-- Name: wagtailredirects_redirect wagtailredirects_redirect_old_path_site_id_783622d7_uniq; Type: CONSTRAINT; Schema: public; Owner: u39js7kqi209ni
--

ALTER TABLE ONLY public.wagtailredirects_redirect
    ADD CONSTRAINT wagtailredirects_redirect_old_path_site_id_783622d7_uniq UNIQUE (old_path, site_id);


--
-- Name: wagtailredirects_redirect wagtailredirects_redirect_pkey; Type: CONSTRAINT; Schema: public; Owner: u39js7kqi209ni
--

ALTER TABLE ONLY public.wagtailredirects_redirect
    ADD CONSTRAINT wagtailredirects_redirect_pkey PRIMARY KEY (id);


--
-- Name: wagtailsearch_indexentry wagtailsearch_indexentry_content_type_id_object_i_bcd7ba73_uniq; Type: CONSTRAINT; Schema: public; Owner: u39js7kqi209ni
--

ALTER TABLE ONLY public.wagtailsearch_indexentry
    ADD CONSTRAINT wagtailsearch_indexentry_content_type_id_object_i_bcd7ba73_uniq UNIQUE (content_type_id, object_id);


--
-- Name: wagtailsearch_indexentry wagtailsearch_indexentry_pkey; Type: CONSTRAINT; Schema: public; Owner: u39js7kqi209ni
--

ALTER TABLE ONLY public.wagtailsearch_indexentry
    ADD CONSTRAINT wagtailsearch_indexentry_pkey PRIMARY KEY (id);


--
-- Name: wagtailusers_userprofile wagtailusers_userprofile_pkey; Type: CONSTRAINT; Schema: public; Owner: u39js7kqi209ni
--

ALTER TABLE ONLY public.wagtailusers_userprofile
    ADD CONSTRAINT wagtailusers_userprofile_pkey PRIMARY KEY (id);


--
-- Name: wagtailusers_userprofile wagtailusers_userprofile_user_id_key; Type: CONSTRAINT; Schema: public; Owner: u39js7kqi209ni
--

ALTER TABLE ONLY public.wagtailusers_userprofile
    ADD CONSTRAINT wagtailusers_userprofile_user_id_key UNIQUE (user_id);


--
-- Name: activites_activitypage_animateurs_activitypage_id_7d9e66fa; Type: INDEX; Schema: public; Owner: u39js7kqi209ni
--

CREATE INDEX activites_activitypage_animateurs_activitypage_id_7d9e66fa ON public.activites_activitypage_animateurs USING btree (activitypage_id);


--
-- Name: activites_activitypage_animateurs_animateur_id_1bdfd8c3; Type: INDEX; Schema: public; Owner: u39js7kqi209ni
--

CREATE INDEX activites_activitypage_animateurs_animateur_id_1bdfd8c3 ON public.activites_activitypage_animateurs USING btree (animateur_id);


--
-- Name: activites_animateur_name_d5201323_like; Type: INDEX; Schema: public; Owner: u39js7kqi209ni
--

CREATE INDEX activites_animateur_name_d5201323_like ON public.activites_animateur USING btree (name varchar_pattern_ops);


--
-- Name: activites_subactivity_page_id_f7e83ad6; Type: INDEX; Schema: public; Owner: u39js7kqi209ni
--

CREATE INDEX activites_subactivity_page_id_f7e83ad6 ON public.activites_subactivity USING btree (page_id);


--
-- Name: auth_group_name_a6ea08ec_like; Type: INDEX; Schema: public; Owner: u39js7kqi209ni
--

CREATE INDEX auth_group_name_a6ea08ec_like ON public.auth_group USING btree (name varchar_pattern_ops);


--
-- Name: auth_group_permissions_group_id_b120cbf9; Type: INDEX; Schema: public; Owner: u39js7kqi209ni
--

CREATE INDEX auth_group_permissions_group_id_b120cbf9 ON public.auth_group_permissions USING btree (group_id);


--
-- Name: auth_group_permissions_permission_id_84c5c92e; Type: INDEX; Schema: public; Owner: u39js7kqi209ni
--

CREATE INDEX auth_group_permissions_permission_id_84c5c92e ON public.auth_group_permissions USING btree (permission_id);


--
-- Name: auth_permission_content_type_id_2f476e4b; Type: INDEX; Schema: public; Owner: u39js7kqi209ni
--

CREATE INDEX auth_permission_content_type_id_2f476e4b ON public.auth_permission USING btree (content_type_id);


--
-- Name: auth_user_groups_group_id_97559544; Type: INDEX; Schema: public; Owner: u39js7kqi209ni
--

CREATE INDEX auth_user_groups_group_id_97559544 ON public.auth_user_groups USING btree (group_id);


--
-- Name: auth_user_groups_user_id_6a12ed8b; Type: INDEX; Schema: public; Owner: u39js7kqi209ni
--

CREATE INDEX auth_user_groups_user_id_6a12ed8b ON public.auth_user_groups USING btree (user_id);


--
-- Name: auth_user_user_permissions_permission_id_1fbb5f2c; Type: INDEX; Schema: public; Owner: u39js7kqi209ni
--

CREATE INDEX auth_user_user_permissions_permission_id_1fbb5f2c ON public.auth_user_user_permissions USING btree (permission_id);


--
-- Name: auth_user_user_permissions_user_id_a95ead1b; Type: INDEX; Schema: public; Owner: u39js7kqi209ni
--

CREATE INDEX auth_user_user_permissions_user_id_a95ead1b ON public.auth_user_user_permissions USING btree (user_id);


--
-- Name: auth_user_username_6821ab7c_like; Type: INDEX; Schema: public; Owner: u39js7kqi209ni
--

CREATE INDEX auth_user_username_6821ab7c_like ON public.auth_user USING btree (username varchar_pattern_ops);


--
-- Name: base_content_object_idx; Type: INDEX; Schema: public; Owner: u39js7kqi209ni
--

CREATE INDEX base_content_object_idx ON public.wagtailcore_revision USING btree (base_content_type_id, object_id);


--
-- Name: common_baseindexpage_image_id_83b497b4; Type: INDEX; Schema: public; Owner: u39js7kqi209ni
--

CREATE INDEX common_baseindexpage_image_id_83b497b4 ON public.common_baseindexpage USING btree (image_id);


--
-- Name: common_detailpage_image_id_48e68f83; Type: INDEX; Schema: public; Owner: u39js7kqi209ni
--

CREATE INDEX common_detailpage_image_id_48e68f83 ON public.common_detailpage USING btree (image_id);


--
-- Name: content_object_idx; Type: INDEX; Schema: public; Owner: u39js7kqi209ni
--

CREATE INDEX content_object_idx ON public.wagtailcore_revision USING btree (content_type_id, object_id);


--
-- Name: django_admin_log_content_type_id_c4bce8eb; Type: INDEX; Schema: public; Owner: u39js7kqi209ni
--

CREATE INDEX django_admin_log_content_type_id_c4bce8eb ON public.django_admin_log USING btree (content_type_id);


--
-- Name: django_admin_log_user_id_c564eba6; Type: INDEX; Schema: public; Owner: u39js7kqi209ni
--

CREATE INDEX django_admin_log_user_id_c564eba6 ON public.django_admin_log USING btree (user_id);


--
-- Name: django_session_expire_date_a5c62663; Type: INDEX; Schema: public; Owner: u39js7kqi209ni
--

CREATE INDEX django_session_expire_date_a5c62663 ON public.django_session USING btree (expire_date);


--
-- Name: django_session_session_key_c0390e0f_like; Type: INDEX; Schema: public; Owner: u39js7kqi209ni
--

CREATE INDEX django_session_session_key_c0390e0f_like ON public.django_session USING btree (session_key varchar_pattern_ops);


--
-- Name: home_pageacceuil_hero_image_id_f033afc8; Type: INDEX; Schema: public; Owner: u39js7kqi209ni
--

CREATE INDEX home_pageacceuil_hero_image_id_f033afc8 ON public.home_pageacceuil USING btree (hero_image_id);


--
-- Name: home_rotatingword_page_id_16183723; Type: INDEX; Schema: public; Owner: u39js7kqi209ni
--

CREATE INDEX home_rotatingword_page_id_16183723 ON public.home_rotatingword USING btree (page_id);


--
-- Name: taggit_tag_name_58eb2ed9_like; Type: INDEX; Schema: public; Owner: u39js7kqi209ni
--

CREATE INDEX taggit_tag_name_58eb2ed9_like ON public.taggit_tag USING btree (name varchar_pattern_ops);


--
-- Name: taggit_tag_slug_6be58b2c_like; Type: INDEX; Schema: public; Owner: u39js7kqi209ni
--

CREATE INDEX taggit_tag_slug_6be58b2c_like ON public.taggit_tag USING btree (slug varchar_pattern_ops);


--
-- Name: taggit_tagg_content_8fc721_idx; Type: INDEX; Schema: public; Owner: u39js7kqi209ni
--

CREATE INDEX taggit_tagg_content_8fc721_idx ON public.taggit_taggeditem USING btree (content_type_id, object_id);


--
-- Name: taggit_taggeditem_content_type_id_9957a03c; Type: INDEX; Schema: public; Owner: u39js7kqi209ni
--

CREATE INDEX taggit_taggeditem_content_type_id_9957a03c ON public.taggit_taggeditem USING btree (content_type_id);


--
-- Name: taggit_taggeditem_object_id_e2d7d1df; Type: INDEX; Schema: public; Owner: u39js7kqi209ni
--

CREATE INDEX taggit_taggeditem_object_id_e2d7d1df ON public.taggit_taggeditem USING btree (object_id);


--
-- Name: taggit_taggeditem_tag_id_f4f5b767; Type: INDEX; Schema: public; Owner: u39js7kqi209ni
--

CREATE INDEX taggit_taggeditem_tag_id_f4f5b767 ON public.taggit_taggeditem USING btree (tag_id);


--
-- Name: unique_in_progress_workflow; Type: INDEX; Schema: public; Owner: u39js7kqi209ni
--

CREATE UNIQUE INDEX unique_in_progress_workflow ON public.wagtailcore_workflowstate USING btree (base_content_type_id, object_id) WHERE ((status)::text = ANY (ARRAY[('in_progress'::character varying)::text, ('needs_changes'::character varying)::text]));


--
-- Name: wagtailadmi_content_717955_idx; Type: INDEX; Schema: public; Owner: u39js7kqi209ni
--

CREATE INDEX wagtailadmi_content_717955_idx ON public.wagtailadmin_editingsession USING btree (content_type_id, object_id);


--
-- Name: wagtailadmin_editingsession_content_type_id_4df7730e; Type: INDEX; Schema: public; Owner: u39js7kqi209ni
--

CREATE INDEX wagtailadmin_editingsession_content_type_id_4df7730e ON public.wagtailadmin_editingsession USING btree (content_type_id);


--
-- Name: wagtailadmin_editingsession_user_id_6e1a9b70; Type: INDEX; Schema: public; Owner: u39js7kqi209ni
--

CREATE INDEX wagtailadmin_editingsession_user_id_6e1a9b70 ON public.wagtailadmin_editingsession USING btree (user_id);


--
-- Name: wagtailcore_collection_path_d848dc19_like; Type: INDEX; Schema: public; Owner: u39js7kqi209ni
--

CREATE INDEX wagtailcore_collection_path_d848dc19_like ON public.wagtailcore_collection USING btree (path varchar_pattern_ops);


--
-- Name: wagtailcore_collectionview_collectionviewrestriction__47320efd; Type: INDEX; Schema: public; Owner: u39js7kqi209ni
--

CREATE INDEX wagtailcore_collectionview_collectionviewrestriction__47320efd ON public.wagtailcore_collectionviewrestriction_groups USING btree (collectionviewrestriction_id);


--
-- Name: wagtailcore_collectionviewrestriction_collection_id_761908ec; Type: INDEX; Schema: public; Owner: u39js7kqi209ni
--

CREATE INDEX wagtailcore_collectionviewrestriction_collection_id_761908ec ON public.wagtailcore_collectionviewrestriction USING btree (collection_id);


--
-- Name: wagtailcore_collectionviewrestriction_groups_group_id_1823f2a3; Type: INDEX; Schema: public; Owner: u39js7kqi209ni
--

CREATE INDEX wagtailcore_collectionviewrestriction_groups_group_id_1823f2a3 ON public.wagtailcore_collectionviewrestriction_groups USING btree (group_id);


--
-- Name: wagtailcore_comment_page_id_108444b5; Type: INDEX; Schema: public; Owner: u39js7kqi209ni
--

CREATE INDEX wagtailcore_comment_page_id_108444b5 ON public.wagtailcore_comment USING btree (page_id);


--
-- Name: wagtailcore_comment_resolved_by_id_a282aa0e; Type: INDEX; Schema: public; Owner: u39js7kqi209ni
--

CREATE INDEX wagtailcore_comment_resolved_by_id_a282aa0e ON public.wagtailcore_comment USING btree (resolved_by_id);


--
-- Name: wagtailcore_comment_revision_created_id_1d058279; Type: INDEX; Schema: public; Owner: u39js7kqi209ni
--

CREATE INDEX wagtailcore_comment_revision_created_id_1d058279 ON public.wagtailcore_comment USING btree (revision_created_id);


--
-- Name: wagtailcore_comment_user_id_0c577ca6; Type: INDEX; Schema: public; Owner: u39js7kqi209ni
--

CREATE INDEX wagtailcore_comment_user_id_0c577ca6 ON public.wagtailcore_comment USING btree (user_id);


--
-- Name: wagtailcore_commentreply_comment_id_afc7e027; Type: INDEX; Schema: public; Owner: u39js7kqi209ni
--

CREATE INDEX wagtailcore_commentreply_comment_id_afc7e027 ON public.wagtailcore_commentreply USING btree (comment_id);


--
-- Name: wagtailcore_commentreply_user_id_d0b3b9c3; Type: INDEX; Schema: public; Owner: u39js7kqi209ni
--

CREATE INDEX wagtailcore_commentreply_user_id_d0b3b9c3 ON public.wagtailcore_commentreply USING btree (user_id);


--
-- Name: wagtailcore_groupapprovalt_groupapprovaltask_id_9a9255ea; Type: INDEX; Schema: public; Owner: u39js7kqi209ni
--

CREATE INDEX wagtailcore_groupapprovalt_groupapprovaltask_id_9a9255ea ON public.wagtailcore_groupapprovaltask_groups USING btree (groupapprovaltask_id);


--
-- Name: wagtailcore_groupapprovaltask_groups_group_id_2e64b61f; Type: INDEX; Schema: public; Owner: u39js7kqi209ni
--

CREATE INDEX wagtailcore_groupapprovaltask_groups_group_id_2e64b61f ON public.wagtailcore_groupapprovaltask_groups USING btree (group_id);


--
-- Name: wagtailcore_groupcollectionpermission_collection_id_5423575a; Type: INDEX; Schema: public; Owner: u39js7kqi209ni
--

CREATE INDEX wagtailcore_groupcollectionpermission_collection_id_5423575a ON public.wagtailcore_groupcollectionpermission USING btree (collection_id);


--
-- Name: wagtailcore_groupcollectionpermission_group_id_05d61460; Type: INDEX; Schema: public; Owner: u39js7kqi209ni
--

CREATE INDEX wagtailcore_groupcollectionpermission_group_id_05d61460 ON public.wagtailcore_groupcollectionpermission USING btree (group_id);


--
-- Name: wagtailcore_groupcollectionpermission_permission_id_1b626275; Type: INDEX; Schema: public; Owner: u39js7kqi209ni
--

CREATE INDEX wagtailcore_groupcollectionpermission_permission_id_1b626275 ON public.wagtailcore_groupcollectionpermission USING btree (permission_id);


--
-- Name: wagtailcore_grouppagepermission_group_id_fc07e671; Type: INDEX; Schema: public; Owner: u39js7kqi209ni
--

CREATE INDEX wagtailcore_grouppagepermission_group_id_fc07e671 ON public.wagtailcore_grouppagepermission USING btree (group_id);


--
-- Name: wagtailcore_grouppagepermission_page_id_710b114a; Type: INDEX; Schema: public; Owner: u39js7kqi209ni
--

CREATE INDEX wagtailcore_grouppagepermission_page_id_710b114a ON public.wagtailcore_grouppagepermission USING btree (page_id);


--
-- Name: wagtailcore_grouppagepermission_permission_id_05acb22e; Type: INDEX; Schema: public; Owner: u39js7kqi209ni
--

CREATE INDEX wagtailcore_grouppagepermission_permission_id_05acb22e ON public.wagtailcore_grouppagepermission USING btree (permission_id);


--
-- Name: wagtailcore_locale_language_code_03149338_like; Type: INDEX; Schema: public; Owner: u39js7kqi209ni
--

CREATE INDEX wagtailcore_locale_language_code_03149338_like ON public.wagtailcore_locale USING btree (language_code varchar_pattern_ops);


--
-- Name: wagtailcore_modellogentry_action_d2d856ee; Type: INDEX; Schema: public; Owner: u39js7kqi209ni
--

CREATE INDEX wagtailcore_modellogentry_action_d2d856ee ON public.wagtailcore_modellogentry USING btree (action);


--
-- Name: wagtailcore_modellogentry_action_d2d856ee_like; Type: INDEX; Schema: public; Owner: u39js7kqi209ni
--

CREATE INDEX wagtailcore_modellogentry_action_d2d856ee_like ON public.wagtailcore_modellogentry USING btree (action varchar_pattern_ops);


--
-- Name: wagtailcore_modellogentry_content_changed_8bc39742; Type: INDEX; Schema: public; Owner: u39js7kqi209ni
--

CREATE INDEX wagtailcore_modellogentry_content_changed_8bc39742 ON public.wagtailcore_modellogentry USING btree (content_changed);


--
-- Name: wagtailcore_modellogentry_content_type_id_68849e77; Type: INDEX; Schema: public; Owner: u39js7kqi209ni
--

CREATE INDEX wagtailcore_modellogentry_content_type_id_68849e77 ON public.wagtailcore_modellogentry USING btree (content_type_id);


--
-- Name: wagtailcore_modellogentry_object_id_e0e7d4ef; Type: INDEX; Schema: public; Owner: u39js7kqi209ni
--

CREATE INDEX wagtailcore_modellogentry_object_id_e0e7d4ef ON public.wagtailcore_modellogentry USING btree (object_id);


--
-- Name: wagtailcore_modellogentry_object_id_e0e7d4ef_like; Type: INDEX; Schema: public; Owner: u39js7kqi209ni
--

CREATE INDEX wagtailcore_modellogentry_object_id_e0e7d4ef_like ON public.wagtailcore_modellogentry USING btree (object_id varchar_pattern_ops);


--
-- Name: wagtailcore_modellogentry_revision_id_df6ca33a; Type: INDEX; Schema: public; Owner: u39js7kqi209ni
--

CREATE INDEX wagtailcore_modellogentry_revision_id_df6ca33a ON public.wagtailcore_modellogentry USING btree (revision_id);


--
-- Name: wagtailcore_modellogentry_timestamp_9694521b; Type: INDEX; Schema: public; Owner: u39js7kqi209ni
--

CREATE INDEX wagtailcore_modellogentry_timestamp_9694521b ON public.wagtailcore_modellogentry USING btree ("timestamp");


--
-- Name: wagtailcore_modellogentry_user_id_0278d1bf; Type: INDEX; Schema: public; Owner: u39js7kqi209ni
--

CREATE INDEX wagtailcore_modellogentry_user_id_0278d1bf ON public.wagtailcore_modellogentry USING btree (user_id);


--
-- Name: wagtailcore_page_alias_of_id_12945502; Type: INDEX; Schema: public; Owner: u39js7kqi209ni
--

CREATE INDEX wagtailcore_page_alias_of_id_12945502 ON public.wagtailcore_page USING btree (alias_of_id);


--
-- Name: wagtailcore_page_content_type_id_c28424df; Type: INDEX; Schema: public; Owner: u39js7kqi209ni
--

CREATE INDEX wagtailcore_page_content_type_id_c28424df ON public.wagtailcore_page USING btree (content_type_id);


--
-- Name: wagtailcore_page_first_published_at_2b5dd637; Type: INDEX; Schema: public; Owner: u39js7kqi209ni
--

CREATE INDEX wagtailcore_page_first_published_at_2b5dd637 ON public.wagtailcore_page USING btree (first_published_at);


--
-- Name: wagtailcore_page_latest_revision_id_e60fef51; Type: INDEX; Schema: public; Owner: u39js7kqi209ni
--

CREATE INDEX wagtailcore_page_latest_revision_id_e60fef51 ON public.wagtailcore_page USING btree (latest_revision_id);


--
-- Name: wagtailcore_page_live_revision_id_930bd822; Type: INDEX; Schema: public; Owner: u39js7kqi209ni
--

CREATE INDEX wagtailcore_page_live_revision_id_930bd822 ON public.wagtailcore_page USING btree (live_revision_id);


--
-- Name: wagtailcore_page_locale_id_3c7e30a6; Type: INDEX; Schema: public; Owner: u39js7kqi209ni
--

CREATE INDEX wagtailcore_page_locale_id_3c7e30a6 ON public.wagtailcore_page USING btree (locale_id);


--
-- Name: wagtailcore_page_locked_by_id_bcb86245; Type: INDEX; Schema: public; Owner: u39js7kqi209ni
--

CREATE INDEX wagtailcore_page_locked_by_id_bcb86245 ON public.wagtailcore_page USING btree (locked_by_id);


--
-- Name: wagtailcore_page_owner_id_fbf7c332; Type: INDEX; Schema: public; Owner: u39js7kqi209ni
--

CREATE INDEX wagtailcore_page_owner_id_fbf7c332 ON public.wagtailcore_page USING btree (owner_id);


--
-- Name: wagtailcore_page_path_98eba2c8_like; Type: INDEX; Schema: public; Owner: u39js7kqi209ni
--

CREATE INDEX wagtailcore_page_path_98eba2c8_like ON public.wagtailcore_page USING btree (path varchar_pattern_ops);


--
-- Name: wagtailcore_page_slug_e7c11b8f; Type: INDEX; Schema: public; Owner: u39js7kqi209ni
--

CREATE INDEX wagtailcore_page_slug_e7c11b8f ON public.wagtailcore_page USING btree (slug);


--
-- Name: wagtailcore_page_slug_e7c11b8f_like; Type: INDEX; Schema: public; Owner: u39js7kqi209ni
--

CREATE INDEX wagtailcore_page_slug_e7c11b8f_like ON public.wagtailcore_page USING btree (slug varchar_pattern_ops);


--
-- Name: wagtailcore_pagelogentry_action_c2408198; Type: INDEX; Schema: public; Owner: u39js7kqi209ni
--

CREATE INDEX wagtailcore_pagelogentry_action_c2408198 ON public.wagtailcore_pagelogentry USING btree (action);


--
-- Name: wagtailcore_pagelogentry_action_c2408198_like; Type: INDEX; Schema: public; Owner: u39js7kqi209ni
--

CREATE INDEX wagtailcore_pagelogentry_action_c2408198_like ON public.wagtailcore_pagelogentry USING btree (action varchar_pattern_ops);


--
-- Name: wagtailcore_pagelogentry_content_changed_99f27ade; Type: INDEX; Schema: public; Owner: u39js7kqi209ni
--

CREATE INDEX wagtailcore_pagelogentry_content_changed_99f27ade ON public.wagtailcore_pagelogentry USING btree (content_changed);


--
-- Name: wagtailcore_pagelogentry_content_type_id_74e7708a; Type: INDEX; Schema: public; Owner: u39js7kqi209ni
--

CREATE INDEX wagtailcore_pagelogentry_content_type_id_74e7708a ON public.wagtailcore_pagelogentry USING btree (content_type_id);


--
-- Name: wagtailcore_pagelogentry_page_id_8464e327; Type: INDEX; Schema: public; Owner: u39js7kqi209ni
--

CREATE INDEX wagtailcore_pagelogentry_page_id_8464e327 ON public.wagtailcore_pagelogentry USING btree (page_id);


--
-- Name: wagtailcore_pagelogentry_revision_id_8043d103; Type: INDEX; Schema: public; Owner: u39js7kqi209ni
--

CREATE INDEX wagtailcore_pagelogentry_revision_id_8043d103 ON public.wagtailcore_pagelogentry USING btree (revision_id);


--
-- Name: wagtailcore_pagelogentry_timestamp_deb774c4; Type: INDEX; Schema: public; Owner: u39js7kqi209ni
--

CREATE INDEX wagtailcore_pagelogentry_timestamp_deb774c4 ON public.wagtailcore_pagelogentry USING btree ("timestamp");


--
-- Name: wagtailcore_pagelogentry_user_id_604ccfd8; Type: INDEX; Schema: public; Owner: u39js7kqi209ni
--

CREATE INDEX wagtailcore_pagelogentry_user_id_604ccfd8 ON public.wagtailcore_pagelogentry USING btree (user_id);


--
-- Name: wagtailcore_pagerevision_approved_go_live_at_e56afc67; Type: INDEX; Schema: public; Owner: u39js7kqi209ni
--

CREATE INDEX wagtailcore_pagerevision_approved_go_live_at_e56afc67 ON public.wagtailcore_revision USING btree (approved_go_live_at);


--
-- Name: wagtailcore_pagerevision_created_at_66954e3b; Type: INDEX; Schema: public; Owner: u39js7kqi209ni
--

CREATE INDEX wagtailcore_pagerevision_created_at_66954e3b ON public.wagtailcore_revision USING btree (created_at);


--
-- Name: wagtailcore_pagerevision_user_id_2409d2f4; Type: INDEX; Schema: public; Owner: u39js7kqi209ni
--

CREATE INDEX wagtailcore_pagerevision_user_id_2409d2f4 ON public.wagtailcore_revision USING btree (user_id);


--
-- Name: wagtailcore_pagesubscription_page_id_a085e7a6; Type: INDEX; Schema: public; Owner: u39js7kqi209ni
--

CREATE INDEX wagtailcore_pagesubscription_page_id_a085e7a6 ON public.wagtailcore_pagesubscription USING btree (page_id);


--
-- Name: wagtailcore_pagesubscription_user_id_89d7def9; Type: INDEX; Schema: public; Owner: u39js7kqi209ni
--

CREATE INDEX wagtailcore_pagesubscription_user_id_89d7def9 ON public.wagtailcore_pagesubscription USING btree (user_id);


--
-- Name: wagtailcore_pageviewrestri_pageviewrestriction_id_f147a99a; Type: INDEX; Schema: public; Owner: u39js7kqi209ni
--

CREATE INDEX wagtailcore_pageviewrestri_pageviewrestriction_id_f147a99a ON public.wagtailcore_pageviewrestriction_groups USING btree (pageviewrestriction_id);


--
-- Name: wagtailcore_pageviewrestriction_groups_group_id_6460f223; Type: INDEX; Schema: public; Owner: u39js7kqi209ni
--

CREATE INDEX wagtailcore_pageviewrestriction_groups_group_id_6460f223 ON public.wagtailcore_pageviewrestriction_groups USING btree (group_id);


--
-- Name: wagtailcore_pageviewrestriction_page_id_15a8bea6; Type: INDEX; Schema: public; Owner: u39js7kqi209ni
--

CREATE INDEX wagtailcore_pageviewrestriction_page_id_15a8bea6 ON public.wagtailcore_pageviewrestriction USING btree (page_id);


--
-- Name: wagtailcore_query_query_string_37ef7dc9_like; Type: INDEX; Schema: public; Owner: u39js7kqi209ni
--

CREATE INDEX wagtailcore_query_query_string_37ef7dc9_like ON public.wagtailcore_query USING btree (query_string varchar_pattern_ops);


--
-- Name: wagtailcore_querydailyhits_query_id_938872c4; Type: INDEX; Schema: public; Owner: u39js7kqi209ni
--

CREATE INDEX wagtailcore_querydailyhits_query_id_938872c4 ON public.wagtailcore_querydailyhits USING btree (query_id);


--
-- Name: wagtailcore_referenceindex_base_content_type_id_313cf40f; Type: INDEX; Schema: public; Owner: u39js7kqi209ni
--

CREATE INDEX wagtailcore_referenceindex_base_content_type_id_313cf40f ON public.wagtailcore_referenceindex USING btree (base_content_type_id);


--
-- Name: wagtailcore_referenceindex_content_type_id_766e0336; Type: INDEX; Schema: public; Owner: u39js7kqi209ni
--

CREATE INDEX wagtailcore_referenceindex_content_type_id_766e0336 ON public.wagtailcore_referenceindex USING btree (content_type_id);


--
-- Name: wagtailcore_referenceindex_to_content_type_id_93690bbd; Type: INDEX; Schema: public; Owner: u39js7kqi209ni
--

CREATE INDEX wagtailcore_referenceindex_to_content_type_id_93690bbd ON public.wagtailcore_referenceindex USING btree (to_content_type_id);


--
-- Name: wagtailcore_revision_base_content_type_id_5b4ef7bd; Type: INDEX; Schema: public; Owner: u39js7kqi209ni
--

CREATE INDEX wagtailcore_revision_base_content_type_id_5b4ef7bd ON public.wagtailcore_revision USING btree (base_content_type_id);


--
-- Name: wagtailcore_revision_content_type_id_c8cb69c0; Type: INDEX; Schema: public; Owner: u39js7kqi209ni
--

CREATE INDEX wagtailcore_revision_content_type_id_c8cb69c0 ON public.wagtailcore_revision USING btree (content_type_id);


--
-- Name: wagtailcore_searchpromotion_page_id_671a9734; Type: INDEX; Schema: public; Owner: u39js7kqi209ni
--

CREATE INDEX wagtailcore_searchpromotion_page_id_671a9734 ON public.wagtailcore_searchpromotion USING btree (page_id);


--
-- Name: wagtailcore_searchpromotion_query_id_f81a6e07; Type: INDEX; Schema: public; Owner: u39js7kqi209ni
--

CREATE INDEX wagtailcore_searchpromotion_query_id_f81a6e07 ON public.wagtailcore_searchpromotion USING btree (query_id);


--
-- Name: wagtailcore_site_hostname_96b20b46; Type: INDEX; Schema: public; Owner: u39js7kqi209ni
--

CREATE INDEX wagtailcore_site_hostname_96b20b46 ON public.wagtailcore_site USING btree (hostname);


--
-- Name: wagtailcore_site_hostname_96b20b46_like; Type: INDEX; Schema: public; Owner: u39js7kqi209ni
--

CREATE INDEX wagtailcore_site_hostname_96b20b46_like ON public.wagtailcore_site USING btree (hostname varchar_pattern_ops);


--
-- Name: wagtailcore_site_root_page_id_e02fb95c; Type: INDEX; Schema: public; Owner: u39js7kqi209ni
--

CREATE INDEX wagtailcore_site_root_page_id_e02fb95c ON public.wagtailcore_site USING btree (root_page_id);


--
-- Name: wagtailcore_task_content_type_id_249ab8ba; Type: INDEX; Schema: public; Owner: u39js7kqi209ni
--

CREATE INDEX wagtailcore_task_content_type_id_249ab8ba ON public.wagtailcore_task USING btree (content_type_id);


--
-- Name: wagtailcore_taskstate_content_type_id_0a758fdc; Type: INDEX; Schema: public; Owner: u39js7kqi209ni
--

CREATE INDEX wagtailcore_taskstate_content_type_id_0a758fdc ON public.wagtailcore_taskstate USING btree (content_type_id);


--
-- Name: wagtailcore_taskstate_finished_by_id_13f98229; Type: INDEX; Schema: public; Owner: u39js7kqi209ni
--

CREATE INDEX wagtailcore_taskstate_finished_by_id_13f98229 ON public.wagtailcore_taskstate USING btree (finished_by_id);


--
-- Name: wagtailcore_taskstate_page_revision_id_9f52c88e; Type: INDEX; Schema: public; Owner: u39js7kqi209ni
--

CREATE INDEX wagtailcore_taskstate_page_revision_id_9f52c88e ON public.wagtailcore_taskstate USING btree (revision_id);


--
-- Name: wagtailcore_taskstate_task_id_c3677c34; Type: INDEX; Schema: public; Owner: u39js7kqi209ni
--

CREATE INDEX wagtailcore_taskstate_task_id_c3677c34 ON public.wagtailcore_taskstate USING btree (task_id);


--
-- Name: wagtailcore_taskstate_workflow_state_id_9239a775; Type: INDEX; Schema: public; Owner: u39js7kqi209ni
--

CREATE INDEX wagtailcore_taskstate_workflow_state_id_9239a775 ON public.wagtailcore_taskstate USING btree (workflow_state_id);


--
-- Name: wagtailcore_uploadedfile_for_content_type_id_b0fc87b2; Type: INDEX; Schema: public; Owner: u39js7kqi209ni
--

CREATE INDEX wagtailcore_uploadedfile_for_content_type_id_b0fc87b2 ON public.wagtailcore_uploadedfile USING btree (for_content_type_id);


--
-- Name: wagtailcore_uploadedfile_uploaded_by_user_id_c7580fe8; Type: INDEX; Schema: public; Owner: u39js7kqi209ni
--

CREATE INDEX wagtailcore_uploadedfile_uploaded_by_user_id_c7580fe8 ON public.wagtailcore_uploadedfile USING btree (uploaded_by_user_id);


--
-- Name: wagtailcore_workflowcontenttype_workflow_id_9aad7cd2; Type: INDEX; Schema: public; Owner: u39js7kqi209ni
--

CREATE INDEX wagtailcore_workflowcontenttype_workflow_id_9aad7cd2 ON public.wagtailcore_workflowcontenttype USING btree (workflow_id);


--
-- Name: wagtailcore_workflowpage_workflow_id_56f56ff6; Type: INDEX; Schema: public; Owner: u39js7kqi209ni
--

CREATE INDEX wagtailcore_workflowpage_workflow_id_56f56ff6 ON public.wagtailcore_workflowpage USING btree (workflow_id);


--
-- Name: wagtailcore_workflowstate_base_content_type_id_a30dc576; Type: INDEX; Schema: public; Owner: u39js7kqi209ni
--

CREATE INDEX wagtailcore_workflowstate_base_content_type_id_a30dc576 ON public.wagtailcore_workflowstate USING btree (base_content_type_id);


--
-- Name: wagtailcore_workflowstate_content_type_id_2bb78ce1; Type: INDEX; Schema: public; Owner: u39js7kqi209ni
--

CREATE INDEX wagtailcore_workflowstate_content_type_id_2bb78ce1 ON public.wagtailcore_workflowstate USING btree (content_type_id);


--
-- Name: wagtailcore_workflowstate_requested_by_id_4090bca3; Type: INDEX; Schema: public; Owner: u39js7kqi209ni
--

CREATE INDEX wagtailcore_workflowstate_requested_by_id_4090bca3 ON public.wagtailcore_workflowstate USING btree (requested_by_id);


--
-- Name: wagtailcore_workflowstate_workflow_id_1f18378f; Type: INDEX; Schema: public; Owner: u39js7kqi209ni
--

CREATE INDEX wagtailcore_workflowstate_workflow_id_1f18378f ON public.wagtailcore_workflowstate USING btree (workflow_id);


--
-- Name: wagtailcore_workflowtask_task_id_ce7716fe; Type: INDEX; Schema: public; Owner: u39js7kqi209ni
--

CREATE INDEX wagtailcore_workflowtask_task_id_ce7716fe ON public.wagtailcore_workflowtask USING btree (task_id);


--
-- Name: wagtailcore_workflowtask_workflow_id_b9717175; Type: INDEX; Schema: public; Owner: u39js7kqi209ni
--

CREATE INDEX wagtailcore_workflowtask_workflow_id_b9717175 ON public.wagtailcore_workflowtask USING btree (workflow_id);


--
-- Name: wagtaildocs_document_collection_id_23881625; Type: INDEX; Schema: public; Owner: u39js7kqi209ni
--

CREATE INDEX wagtaildocs_document_collection_id_23881625 ON public.wagtaildocs_document USING btree (collection_id);


--
-- Name: wagtaildocs_document_uploaded_by_user_id_17258b41; Type: INDEX; Schema: public; Owner: u39js7kqi209ni
--

CREATE INDEX wagtaildocs_document_uploaded_by_user_id_17258b41 ON public.wagtaildocs_document USING btree (uploaded_by_user_id);


--
-- Name: wagtailembeds_embed_cache_until_26c94bb0; Type: INDEX; Schema: public; Owner: u39js7kqi209ni
--

CREATE INDEX wagtailembeds_embed_cache_until_26c94bb0 ON public.wagtailembeds_embed USING btree (cache_until);


--
-- Name: wagtailembeds_embed_hash_c9bd8c9a_like; Type: INDEX; Schema: public; Owner: u39js7kqi209ni
--

CREATE INDEX wagtailembeds_embed_hash_c9bd8c9a_like ON public.wagtailembeds_embed USING btree (hash varchar_pattern_ops);


--
-- Name: wagtailforms_formsubmission_page_id_e48e93e7; Type: INDEX; Schema: public; Owner: u39js7kqi209ni
--

CREATE INDEX wagtailforms_formsubmission_page_id_e48e93e7 ON public.wagtailforms_formsubmission USING btree (page_id);


--
-- Name: wagtailimages_image_collection_id_c2f8af7e; Type: INDEX; Schema: public; Owner: u39js7kqi209ni
--

CREATE INDEX wagtailimages_image_collection_id_c2f8af7e ON public.wagtailimages_image USING btree (collection_id);


--
-- Name: wagtailimages_image_created_at_86fa6cd4; Type: INDEX; Schema: public; Owner: u39js7kqi209ni
--

CREATE INDEX wagtailimages_image_created_at_86fa6cd4 ON public.wagtailimages_image USING btree (created_at);


--
-- Name: wagtailimages_image_file_hash_fb5bbb23; Type: INDEX; Schema: public; Owner: u39js7kqi209ni
--

CREATE INDEX wagtailimages_image_file_hash_fb5bbb23 ON public.wagtailimages_image USING btree (file_hash);


--
-- Name: wagtailimages_image_file_hash_fb5bbb23_like; Type: INDEX; Schema: public; Owner: u39js7kqi209ni
--

CREATE INDEX wagtailimages_image_file_hash_fb5bbb23_like ON public.wagtailimages_image USING btree (file_hash varchar_pattern_ops);


--
-- Name: wagtailimages_image_uploaded_by_user_id_5d73dc75; Type: INDEX; Schema: public; Owner: u39js7kqi209ni
--

CREATE INDEX wagtailimages_image_uploaded_by_user_id_5d73dc75 ON public.wagtailimages_image USING btree (uploaded_by_user_id);


--
-- Name: wagtailimages_rendition_filter_spec_1cba3201; Type: INDEX; Schema: public; Owner: u39js7kqi209ni
--

CREATE INDEX wagtailimages_rendition_filter_spec_1cba3201 ON public.wagtailimages_rendition USING btree (filter_spec);


--
-- Name: wagtailimages_rendition_filter_spec_1cba3201_like; Type: INDEX; Schema: public; Owner: u39js7kqi209ni
--

CREATE INDEX wagtailimages_rendition_filter_spec_1cba3201_like ON public.wagtailimages_rendition USING btree (filter_spec varchar_pattern_ops);


--
-- Name: wagtailimages_rendition_image_id_3e1fd774; Type: INDEX; Schema: public; Owner: u39js7kqi209ni
--

CREATE INDEX wagtailimages_rendition_image_id_3e1fd774 ON public.wagtailimages_rendition USING btree (image_id);


--
-- Name: wagtailredirects_redirect_old_path_bb35247b; Type: INDEX; Schema: public; Owner: u39js7kqi209ni
--

CREATE INDEX wagtailredirects_redirect_old_path_bb35247b ON public.wagtailredirects_redirect USING btree (old_path);


--
-- Name: wagtailredirects_redirect_old_path_bb35247b_like; Type: INDEX; Schema: public; Owner: u39js7kqi209ni
--

CREATE INDEX wagtailredirects_redirect_old_path_bb35247b_like ON public.wagtailredirects_redirect USING btree (old_path varchar_pattern_ops);


--
-- Name: wagtailredirects_redirect_redirect_page_id_b5728a8f; Type: INDEX; Schema: public; Owner: u39js7kqi209ni
--

CREATE INDEX wagtailredirects_redirect_redirect_page_id_b5728a8f ON public.wagtailredirects_redirect USING btree (redirect_page_id);


--
-- Name: wagtailredirects_redirect_site_id_780a0e1e; Type: INDEX; Schema: public; Owner: u39js7kqi209ni
--

CREATE INDEX wagtailredirects_redirect_site_id_780a0e1e ON public.wagtailredirects_redirect USING btree (site_id);


--
-- Name: wagtailsear_autocom_476c89_gin; Type: INDEX; Schema: public; Owner: u39js7kqi209ni
--

CREATE INDEX wagtailsear_autocom_476c89_gin ON public.wagtailsearch_indexentry USING gin (autocomplete);


--
-- Name: wagtailsear_body_90c85d_gin; Type: INDEX; Schema: public; Owner: u39js7kqi209ni
--

CREATE INDEX wagtailsear_body_90c85d_gin ON public.wagtailsearch_indexentry USING gin (body);


--
-- Name: wagtailsear_title_9caae0_gin; Type: INDEX; Schema: public; Owner: u39js7kqi209ni
--

CREATE INDEX wagtailsear_title_9caae0_gin ON public.wagtailsearch_indexentry USING gin (title);


--
-- Name: wagtailsearch_indexentry_content_type_id_62ed694f; Type: INDEX; Schema: public; Owner: u39js7kqi209ni
--

CREATE INDEX wagtailsearch_indexentry_content_type_id_62ed694f ON public.wagtailsearch_indexentry USING btree (content_type_id);


--
-- Name: workflowstate_base_ct_id_idx; Type: INDEX; Schema: public; Owner: u39js7kqi209ni
--

CREATE INDEX workflowstate_base_ct_id_idx ON public.wagtailcore_workflowstate USING btree (base_content_type_id, object_id);


--
-- Name: workflowstate_ct_id_idx; Type: INDEX; Schema: public; Owner: u39js7kqi209ni
--

CREATE INDEX workflowstate_ct_id_idx ON public.wagtailcore_workflowstate USING btree (content_type_id, object_id);


--
-- Name: activites_activitylist activites_activityli_page_ptr_id_f37771b8_fk_wagtailco; Type: FK CONSTRAINT; Schema: public; Owner: u39js7kqi209ni
--

ALTER TABLE ONLY public.activites_activitylist
    ADD CONSTRAINT activites_activityli_page_ptr_id_f37771b8_fk_wagtailco FOREIGN KEY (page_ptr_id) REFERENCES public.wagtailcore_page(id) DEFERRABLE INITIALLY DEFERRED;


--
-- Name: activites_activitypage_animateurs activites_activitypa_activitypage_id_7d9e66fa_fk_activites; Type: FK CONSTRAINT; Schema: public; Owner: u39js7kqi209ni
--

ALTER TABLE ONLY public.activites_activitypage_animateurs
    ADD CONSTRAINT activites_activitypa_activitypage_id_7d9e66fa_fk_activites FOREIGN KEY (activitypage_id) REFERENCES public.activites_activitypage(detailpage_ptr_id) DEFERRABLE INITIALLY DEFERRED;


--
-- Name: activites_activitypage_animateurs activites_activitypa_animateur_id_1bdfd8c3_fk_activites; Type: FK CONSTRAINT; Schema: public; Owner: u39js7kqi209ni
--

ALTER TABLE ONLY public.activites_activitypage_animateurs
    ADD CONSTRAINT activites_activitypa_animateur_id_1bdfd8c3_fk_activites FOREIGN KEY (animateur_id) REFERENCES public.activites_animateur(id) DEFERRABLE INITIALLY DEFERRED;


--
-- Name: activites_activitypage activites_activitypa_detailpage_ptr_id_158639e1_fk_common_de; Type: FK CONSTRAINT; Schema: public; Owner: u39js7kqi209ni
--

ALTER TABLE ONLY public.activites_activitypage
    ADD CONSTRAINT activites_activitypa_detailpage_ptr_id_158639e1_fk_common_de FOREIGN KEY (detailpage_ptr_id) REFERENCES public.common_detailpage(page_ptr_id) DEFERRABLE INITIALLY DEFERRED;


--
-- Name: activites_subactivity activites_subactivit_page_id_f7e83ad6_fk_activites; Type: FK CONSTRAINT; Schema: public; Owner: u39js7kqi209ni
--

ALTER TABLE ONLY public.activites_subactivity
    ADD CONSTRAINT activites_subactivit_page_id_f7e83ad6_fk_activites FOREIGN KEY (page_id) REFERENCES public.activites_activitypage(detailpage_ptr_id) DEFERRABLE INITIALLY DEFERRED;


--
-- Name: agenda_agendaindexpage agenda_agendaindexpa_page_ptr_id_b030e21d_fk_wagtailco; Type: FK CONSTRAINT; Schema: public; Owner: u39js7kqi209ni
--

ALTER TABLE ONLY public.agenda_agendaindexpage
    ADD CONSTRAINT agenda_agendaindexpa_page_ptr_id_b030e21d_fk_wagtailco FOREIGN KEY (page_ptr_id) REFERENCES public.wagtailcore_page(id) DEFERRABLE INITIALLY DEFERRED;


--
-- Name: agenda_eventpage agenda_eventpage_detailpage_ptr_id_0c907148_fk_common_de; Type: FK CONSTRAINT; Schema: public; Owner: u39js7kqi209ni
--

ALTER TABLE ONLY public.agenda_eventpage
    ADD CONSTRAINT agenda_eventpage_detailpage_ptr_id_0c907148_fk_common_de FOREIGN KEY (detailpage_ptr_id) REFERENCES public.common_detailpage(page_ptr_id) DEFERRABLE INITIALLY DEFERRED;


--
-- Name: agenda_pasteventspage agenda_pasteventspag_page_ptr_id_410daa07_fk_wagtailco; Type: FK CONSTRAINT; Schema: public; Owner: u39js7kqi209ni
--

ALTER TABLE ONLY public.agenda_pasteventspage
    ADD CONSTRAINT agenda_pasteventspag_page_ptr_id_410daa07_fk_wagtailco FOREIGN KEY (page_ptr_id) REFERENCES public.wagtailcore_page(id) DEFERRABLE INITIALLY DEFERRED;


--
-- Name: association_associationindexpage association_associat_baseindexpage_ptr_id_fc11564a_fk_common_ba; Type: FK CONSTRAINT; Schema: public; Owner: u39js7kqi209ni
--

ALTER TABLE ONLY public.association_associationindexpage
    ADD CONSTRAINT association_associat_baseindexpage_ptr_id_fc11564a_fk_common_ba FOREIGN KEY (baseindexpage_ptr_id) REFERENCES public.common_baseindexpage(page_ptr_id) DEFERRABLE INITIALLY DEFERRED;


--
-- Name: association_associationpage association_associat_detailpage_ptr_id_bdec517d_fk_common_de; Type: FK CONSTRAINT; Schema: public; Owner: u39js7kqi209ni
--

ALTER TABLE ONLY public.association_associationpage
    ADD CONSTRAINT association_associat_detailpage_ptr_id_bdec517d_fk_common_de FOREIGN KEY (detailpage_ptr_id) REFERENCES public.common_detailpage(page_ptr_id) DEFERRABLE INITIALLY DEFERRED;


--
-- Name: auth_group_permissions auth_group_permissio_permission_id_84c5c92e_fk_auth_perm; Type: FK CONSTRAINT; Schema: public; Owner: u39js7kqi209ni
--

ALTER TABLE ONLY public.auth_group_permissions
    ADD CONSTRAINT auth_group_permissio_permission_id_84c5c92e_fk_auth_perm FOREIGN KEY (permission_id) REFERENCES public.auth_permission(id) DEFERRABLE INITIALLY DEFERRED;


--
-- Name: auth_group_permissions auth_group_permissions_group_id_b120cbf9_fk_auth_group_id; Type: FK CONSTRAINT; Schema: public; Owner: u39js7kqi209ni
--

ALTER TABLE ONLY public.auth_group_permissions
    ADD CONSTRAINT auth_group_permissions_group_id_b120cbf9_fk_auth_group_id FOREIGN KEY (group_id) REFERENCES public.auth_group(id) DEFERRABLE INITIALLY DEFERRED;


--
-- Name: auth_permission auth_permission_content_type_id_2f476e4b_fk_django_co; Type: FK CONSTRAINT; Schema: public; Owner: u39js7kqi209ni
--

ALTER TABLE ONLY public.auth_permission
    ADD CONSTRAINT auth_permission_content_type_id_2f476e4b_fk_django_co FOREIGN KEY (content_type_id) REFERENCES public.django_content_type(id) DEFERRABLE INITIALLY DEFERRED;


--
-- Name: auth_user_groups auth_user_groups_group_id_97559544_fk_auth_group_id; Type: FK CONSTRAINT; Schema: public; Owner: u39js7kqi209ni
--

ALTER TABLE ONLY public.auth_user_groups
    ADD CONSTRAINT auth_user_groups_group_id_97559544_fk_auth_group_id FOREIGN KEY (group_id) REFERENCES public.auth_group(id) DEFERRABLE INITIALLY DEFERRED;


--
-- Name: auth_user_groups auth_user_groups_user_id_6a12ed8b_fk_auth_user_id; Type: FK CONSTRAINT; Schema: public; Owner: u39js7kqi209ni
--

ALTER TABLE ONLY public.auth_user_groups
    ADD CONSTRAINT auth_user_groups_user_id_6a12ed8b_fk_auth_user_id FOREIGN KEY (user_id) REFERENCES public.auth_user(id) DEFERRABLE INITIALLY DEFERRED;


--
-- Name: auth_user_user_permissions auth_user_user_permi_permission_id_1fbb5f2c_fk_auth_perm; Type: FK CONSTRAINT; Schema: public; Owner: u39js7kqi209ni
--

ALTER TABLE ONLY public.auth_user_user_permissions
    ADD CONSTRAINT auth_user_user_permi_permission_id_1fbb5f2c_fk_auth_perm FOREIGN KEY (permission_id) REFERENCES public.auth_permission(id) DEFERRABLE INITIALLY DEFERRED;


--
-- Name: auth_user_user_permissions auth_user_user_permissions_user_id_a95ead1b_fk_auth_user_id; Type: FK CONSTRAINT; Schema: public; Owner: u39js7kqi209ni
--

ALTER TABLE ONLY public.auth_user_user_permissions
    ADD CONSTRAINT auth_user_user_permissions_user_id_a95ead1b_fk_auth_user_id FOREIGN KEY (user_id) REFERENCES public.auth_user(id) DEFERRABLE INITIALLY DEFERRED;


--
-- Name: common_baseindexpage common_baseindexpage_image_id_83b497b4_fk_wagtailim; Type: FK CONSTRAINT; Schema: public; Owner: u39js7kqi209ni
--

ALTER TABLE ONLY public.common_baseindexpage
    ADD CONSTRAINT common_baseindexpage_image_id_83b497b4_fk_wagtailim FOREIGN KEY (image_id) REFERENCES public.wagtailimages_image(id) DEFERRABLE INITIALLY DEFERRED;


--
-- Name: common_baseindexpage common_baseindexpage_page_ptr_id_5567272f_fk_wagtailco; Type: FK CONSTRAINT; Schema: public; Owner: u39js7kqi209ni
--

ALTER TABLE ONLY public.common_baseindexpage
    ADD CONSTRAINT common_baseindexpage_page_ptr_id_5567272f_fk_wagtailco FOREIGN KEY (page_ptr_id) REFERENCES public.wagtailcore_page(id) DEFERRABLE INITIALLY DEFERRED;


--
-- Name: common_detailpage common_detailpage_image_id_48e68f83_fk_wagtailimages_image_id; Type: FK CONSTRAINT; Schema: public; Owner: u39js7kqi209ni
--

ALTER TABLE ONLY public.common_detailpage
    ADD CONSTRAINT common_detailpage_image_id_48e68f83_fk_wagtailimages_image_id FOREIGN KEY (image_id) REFERENCES public.wagtailimages_image(id) DEFERRABLE INITIALLY DEFERRED;


--
-- Name: common_detailpage common_detailpage_page_ptr_id_ba69b730_fk_wagtailcore_page_id; Type: FK CONSTRAINT; Schema: public; Owner: u39js7kqi209ni
--

ALTER TABLE ONLY public.common_detailpage
    ADD CONSTRAINT common_detailpage_page_ptr_id_ba69b730_fk_wagtailcore_page_id FOREIGN KEY (page_ptr_id) REFERENCES public.wagtailcore_page(id) DEFERRABLE INITIALLY DEFERRED;


--
-- Name: django_admin_log django_admin_log_content_type_id_c4bce8eb_fk_django_co; Type: FK CONSTRAINT; Schema: public; Owner: u39js7kqi209ni
--

ALTER TABLE ONLY public.django_admin_log
    ADD CONSTRAINT django_admin_log_content_type_id_c4bce8eb_fk_django_co FOREIGN KEY (content_type_id) REFERENCES public.django_content_type(id) DEFERRABLE INITIALLY DEFERRED;


--
-- Name: django_admin_log django_admin_log_user_id_c564eba6_fk_auth_user_id; Type: FK CONSTRAINT; Schema: public; Owner: u39js7kqi209ni
--

ALTER TABLE ONLY public.django_admin_log
    ADD CONSTRAINT django_admin_log_user_id_c564eba6_fk_auth_user_id FOREIGN KEY (user_id) REFERENCES public.auth_user(id) DEFERRABLE INITIALLY DEFERRED;


--
-- Name: home_pageacceuil home_pageacceuil_hero_image_id_f033afc8_fk_wagtailim; Type: FK CONSTRAINT; Schema: public; Owner: u39js7kqi209ni
--

ALTER TABLE ONLY public.home_pageacceuil
    ADD CONSTRAINT home_pageacceuil_hero_image_id_f033afc8_fk_wagtailim FOREIGN KEY (hero_image_id) REFERENCES public.wagtailimages_image(id) DEFERRABLE INITIALLY DEFERRED;


--
-- Name: home_pageacceuil home_pageacceuil_page_ptr_id_b8e102b2_fk_wagtailcore_page_id; Type: FK CONSTRAINT; Schema: public; Owner: u39js7kqi209ni
--

ALTER TABLE ONLY public.home_pageacceuil
    ADD CONSTRAINT home_pageacceuil_page_ptr_id_b8e102b2_fk_wagtailcore_page_id FOREIGN KEY (page_ptr_id) REFERENCES public.wagtailcore_page(id) DEFERRABLE INITIALLY DEFERRED;


--
-- Name: home_rotatingword home_rotatingword_page_id_16183723_fk_home_page; Type: FK CONSTRAINT; Schema: public; Owner: u39js7kqi209ni
--

ALTER TABLE ONLY public.home_rotatingword
    ADD CONSTRAINT home_rotatingword_page_id_16183723_fk_home_page FOREIGN KEY (page_id) REFERENCES public.home_pageacceuil(page_ptr_id) DEFERRABLE INITIALLY DEFERRED;


--
-- Name: taggit_taggeditem taggit_taggeditem_content_type_id_9957a03c_fk_django_co; Type: FK CONSTRAINT; Schema: public; Owner: u39js7kqi209ni
--

ALTER TABLE ONLY public.taggit_taggeditem
    ADD CONSTRAINT taggit_taggeditem_content_type_id_9957a03c_fk_django_co FOREIGN KEY (content_type_id) REFERENCES public.django_content_type(id) DEFERRABLE INITIALLY DEFERRED;


--
-- Name: taggit_taggeditem taggit_taggeditem_tag_id_f4f5b767_fk_taggit_tag_id; Type: FK CONSTRAINT; Schema: public; Owner: u39js7kqi209ni
--

ALTER TABLE ONLY public.taggit_taggeditem
    ADD CONSTRAINT taggit_taggeditem_tag_id_f4f5b767_fk_taggit_tag_id FOREIGN KEY (tag_id) REFERENCES public.taggit_tag(id) DEFERRABLE INITIALLY DEFERRED;


--
-- Name: wagtailadmin_editingsession wagtailadmin_editing_content_type_id_4df7730e_fk_django_co; Type: FK CONSTRAINT; Schema: public; Owner: u39js7kqi209ni
--

ALTER TABLE ONLY public.wagtailadmin_editingsession
    ADD CONSTRAINT wagtailadmin_editing_content_type_id_4df7730e_fk_django_co FOREIGN KEY (content_type_id) REFERENCES public.django_content_type(id) DEFERRABLE INITIALLY DEFERRED;


--
-- Name: wagtailadmin_editingsession wagtailadmin_editingsession_user_id_6e1a9b70_fk_auth_user_id; Type: FK CONSTRAINT; Schema: public; Owner: u39js7kqi209ni
--

ALTER TABLE ONLY public.wagtailadmin_editingsession
    ADD CONSTRAINT wagtailadmin_editingsession_user_id_6e1a9b70_fk_auth_user_id FOREIGN KEY (user_id) REFERENCES public.auth_user(id) DEFERRABLE INITIALLY DEFERRED;


--
-- Name: wagtailcore_collectionviewrestriction wagtailcore_collecti_collection_id_761908ec_fk_wagtailco; Type: FK CONSTRAINT; Schema: public; Owner: u39js7kqi209ni
--

ALTER TABLE ONLY public.wagtailcore_collectionviewrestriction
    ADD CONSTRAINT wagtailcore_collecti_collection_id_761908ec_fk_wagtailco FOREIGN KEY (collection_id) REFERENCES public.wagtailcore_collection(id) DEFERRABLE INITIALLY DEFERRED;


--
-- Name: wagtailcore_collectionviewrestriction_groups wagtailcore_collecti_collectionviewrestri_47320efd_fk_wagtailco; Type: FK CONSTRAINT; Schema: public; Owner: u39js7kqi209ni
--

ALTER TABLE ONLY public.wagtailcore_collectionviewrestriction_groups
    ADD CONSTRAINT wagtailcore_collecti_collectionviewrestri_47320efd_fk_wagtailco FOREIGN KEY (collectionviewrestriction_id) REFERENCES public.wagtailcore_collectionviewrestriction(id) DEFERRABLE INITIALLY DEFERRED;


--
-- Name: wagtailcore_collectionviewrestriction_groups wagtailcore_collecti_group_id_1823f2a3_fk_auth_grou; Type: FK CONSTRAINT; Schema: public; Owner: u39js7kqi209ni
--

ALTER TABLE ONLY public.wagtailcore_collectionviewrestriction_groups
    ADD CONSTRAINT wagtailcore_collecti_group_id_1823f2a3_fk_auth_grou FOREIGN KEY (group_id) REFERENCES public.auth_group(id) DEFERRABLE INITIALLY DEFERRED;


--
-- Name: wagtailcore_comment wagtailcore_comment_page_id_108444b5_fk_wagtailcore_page_id; Type: FK CONSTRAINT; Schema: public; Owner: u39js7kqi209ni
--

ALTER TABLE ONLY public.wagtailcore_comment
    ADD CONSTRAINT wagtailcore_comment_page_id_108444b5_fk_wagtailcore_page_id FOREIGN KEY (page_id) REFERENCES public.wagtailcore_page(id) DEFERRABLE INITIALLY DEFERRED;


--
-- Name: wagtailcore_comment wagtailcore_comment_resolved_by_id_a282aa0e_fk_auth_user_id; Type: FK CONSTRAINT; Schema: public; Owner: u39js7kqi209ni
--

ALTER TABLE ONLY public.wagtailcore_comment
    ADD CONSTRAINT wagtailcore_comment_resolved_by_id_a282aa0e_fk_auth_user_id FOREIGN KEY (resolved_by_id) REFERENCES public.auth_user(id) DEFERRABLE INITIALLY DEFERRED;


--
-- Name: wagtailcore_comment wagtailcore_comment_revision_created_id_1d058279_fk_wagtailco; Type: FK CONSTRAINT; Schema: public; Owner: u39js7kqi209ni
--

ALTER TABLE ONLY public.wagtailcore_comment
    ADD CONSTRAINT wagtailcore_comment_revision_created_id_1d058279_fk_wagtailco FOREIGN KEY (revision_created_id) REFERENCES public.wagtailcore_revision(id) DEFERRABLE INITIALLY DEFERRED;


--
-- Name: wagtailcore_comment wagtailcore_comment_user_id_0c577ca6_fk_auth_user_id; Type: FK CONSTRAINT; Schema: public; Owner: u39js7kqi209ni
--

ALTER TABLE ONLY public.wagtailcore_comment
    ADD CONSTRAINT wagtailcore_comment_user_id_0c577ca6_fk_auth_user_id FOREIGN KEY (user_id) REFERENCES public.auth_user(id) DEFERRABLE INITIALLY DEFERRED;


--
-- Name: wagtailcore_commentreply wagtailcore_commentr_comment_id_afc7e027_fk_wagtailco; Type: FK CONSTRAINT; Schema: public; Owner: u39js7kqi209ni
--

ALTER TABLE ONLY public.wagtailcore_commentreply
    ADD CONSTRAINT wagtailcore_commentr_comment_id_afc7e027_fk_wagtailco FOREIGN KEY (comment_id) REFERENCES public.wagtailcore_comment(id) DEFERRABLE INITIALLY DEFERRED;


--
-- Name: wagtailcore_commentreply wagtailcore_commentreply_user_id_d0b3b9c3_fk_auth_user_id; Type: FK CONSTRAINT; Schema: public; Owner: u39js7kqi209ni
--

ALTER TABLE ONLY public.wagtailcore_commentreply
    ADD CONSTRAINT wagtailcore_commentreply_user_id_d0b3b9c3_fk_auth_user_id FOREIGN KEY (user_id) REFERENCES public.auth_user(id) DEFERRABLE INITIALLY DEFERRED;


--
-- Name: wagtailcore_groupapprovaltask_groups wagtailcore_groupapp_group_id_2e64b61f_fk_auth_grou; Type: FK CONSTRAINT; Schema: public; Owner: u39js7kqi209ni
--

ALTER TABLE ONLY public.wagtailcore_groupapprovaltask_groups
    ADD CONSTRAINT wagtailcore_groupapp_group_id_2e64b61f_fk_auth_grou FOREIGN KEY (group_id) REFERENCES public.auth_group(id) DEFERRABLE INITIALLY DEFERRED;


--
-- Name: wagtailcore_groupapprovaltask_groups wagtailcore_groupapp_groupapprovaltask_id_9a9255ea_fk_wagtailco; Type: FK CONSTRAINT; Schema: public; Owner: u39js7kqi209ni
--

ALTER TABLE ONLY public.wagtailcore_groupapprovaltask_groups
    ADD CONSTRAINT wagtailcore_groupapp_groupapprovaltask_id_9a9255ea_fk_wagtailco FOREIGN KEY (groupapprovaltask_id) REFERENCES public.wagtailcore_groupapprovaltask(task_ptr_id) DEFERRABLE INITIALLY DEFERRED;


--
-- Name: wagtailcore_groupapprovaltask wagtailcore_groupapp_task_ptr_id_cfe58781_fk_wagtailco; Type: FK CONSTRAINT; Schema: public; Owner: u39js7kqi209ni
--

ALTER TABLE ONLY public.wagtailcore_groupapprovaltask
    ADD CONSTRAINT wagtailcore_groupapp_task_ptr_id_cfe58781_fk_wagtailco FOREIGN KEY (task_ptr_id) REFERENCES public.wagtailcore_task(id) DEFERRABLE INITIALLY DEFERRED;


--
-- Name: wagtailcore_groupcollectionpermission wagtailcore_groupcol_collection_id_5423575a_fk_wagtailco; Type: FK CONSTRAINT; Schema: public; Owner: u39js7kqi209ni
--

ALTER TABLE ONLY public.wagtailcore_groupcollectionpermission
    ADD CONSTRAINT wagtailcore_groupcol_collection_id_5423575a_fk_wagtailco FOREIGN KEY (collection_id) REFERENCES public.wagtailcore_collection(id) DEFERRABLE INITIALLY DEFERRED;


--
-- Name: wagtailcore_groupcollectionpermission wagtailcore_groupcol_group_id_05d61460_fk_auth_grou; Type: FK CONSTRAINT; Schema: public; Owner: u39js7kqi209ni
--

ALTER TABLE ONLY public.wagtailcore_groupcollectionpermission
    ADD CONSTRAINT wagtailcore_groupcol_group_id_05d61460_fk_auth_grou FOREIGN KEY (group_id) REFERENCES public.auth_group(id) DEFERRABLE INITIALLY DEFERRED;


--
-- Name: wagtailcore_groupcollectionpermission wagtailcore_groupcol_permission_id_1b626275_fk_auth_perm; Type: FK CONSTRAINT; Schema: public; Owner: u39js7kqi209ni
--

ALTER TABLE ONLY public.wagtailcore_groupcollectionpermission
    ADD CONSTRAINT wagtailcore_groupcol_permission_id_1b626275_fk_auth_perm FOREIGN KEY (permission_id) REFERENCES public.auth_permission(id) DEFERRABLE INITIALLY DEFERRED;


--
-- Name: wagtailcore_grouppagepermission wagtailcore_grouppag_group_id_fc07e671_fk_auth_grou; Type: FK CONSTRAINT; Schema: public; Owner: u39js7kqi209ni
--

ALTER TABLE ONLY public.wagtailcore_grouppagepermission
    ADD CONSTRAINT wagtailcore_grouppag_group_id_fc07e671_fk_auth_grou FOREIGN KEY (group_id) REFERENCES public.auth_group(id) DEFERRABLE INITIALLY DEFERRED;


--
-- Name: wagtailcore_grouppagepermission wagtailcore_grouppag_page_id_710b114a_fk_wagtailco; Type: FK CONSTRAINT; Schema: public; Owner: u39js7kqi209ni
--

ALTER TABLE ONLY public.wagtailcore_grouppagepermission
    ADD CONSTRAINT wagtailcore_grouppag_page_id_710b114a_fk_wagtailco FOREIGN KEY (page_id) REFERENCES public.wagtailcore_page(id) DEFERRABLE INITIALLY DEFERRED;


--
-- Name: wagtailcore_grouppagepermission wagtailcore_grouppag_permission_id_05acb22e_fk_auth_perm; Type: FK CONSTRAINT; Schema: public; Owner: u39js7kqi209ni
--

ALTER TABLE ONLY public.wagtailcore_grouppagepermission
    ADD CONSTRAINT wagtailcore_grouppag_permission_id_05acb22e_fk_auth_perm FOREIGN KEY (permission_id) REFERENCES public.auth_permission(id) DEFERRABLE INITIALLY DEFERRED;


--
-- Name: wagtailcore_modellogentry wagtailcore_modellog_content_type_id_68849e77_fk_django_co; Type: FK CONSTRAINT; Schema: public; Owner: u39js7kqi209ni
--

ALTER TABLE ONLY public.wagtailcore_modellogentry
    ADD CONSTRAINT wagtailcore_modellog_content_type_id_68849e77_fk_django_co FOREIGN KEY (content_type_id) REFERENCES public.django_content_type(id) DEFERRABLE INITIALLY DEFERRED;


--
-- Name: wagtailcore_page wagtailcore_page_alias_of_id_12945502_fk_wagtailcore_page_id; Type: FK CONSTRAINT; Schema: public; Owner: u39js7kqi209ni
--

ALTER TABLE ONLY public.wagtailcore_page
    ADD CONSTRAINT wagtailcore_page_alias_of_id_12945502_fk_wagtailcore_page_id FOREIGN KEY (alias_of_id) REFERENCES public.wagtailcore_page(id) DEFERRABLE INITIALLY DEFERRED;


--
-- Name: wagtailcore_page wagtailcore_page_content_type_id_c28424df_fk_django_co; Type: FK CONSTRAINT; Schema: public; Owner: u39js7kqi209ni
--

ALTER TABLE ONLY public.wagtailcore_page
    ADD CONSTRAINT wagtailcore_page_content_type_id_c28424df_fk_django_co FOREIGN KEY (content_type_id) REFERENCES public.django_content_type(id) DEFERRABLE INITIALLY DEFERRED;


--
-- Name: wagtailcore_page wagtailcore_page_latest_revision_id_e60fef51_fk_wagtailco; Type: FK CONSTRAINT; Schema: public; Owner: u39js7kqi209ni
--

ALTER TABLE ONLY public.wagtailcore_page
    ADD CONSTRAINT wagtailcore_page_latest_revision_id_e60fef51_fk_wagtailco FOREIGN KEY (latest_revision_id) REFERENCES public.wagtailcore_revision(id) DEFERRABLE INITIALLY DEFERRED;


--
-- Name: wagtailcore_page wagtailcore_page_live_revision_id_930bd822_fk_wagtailco; Type: FK CONSTRAINT; Schema: public; Owner: u39js7kqi209ni
--

ALTER TABLE ONLY public.wagtailcore_page
    ADD CONSTRAINT wagtailcore_page_live_revision_id_930bd822_fk_wagtailco FOREIGN KEY (live_revision_id) REFERENCES public.wagtailcore_revision(id) DEFERRABLE INITIALLY DEFERRED;


--
-- Name: wagtailcore_page wagtailcore_page_locale_id_3c7e30a6_fk_wagtailcore_locale_id; Type: FK CONSTRAINT; Schema: public; Owner: u39js7kqi209ni
--

ALTER TABLE ONLY public.wagtailcore_page
    ADD CONSTRAINT wagtailcore_page_locale_id_3c7e30a6_fk_wagtailcore_locale_id FOREIGN KEY (locale_id) REFERENCES public.wagtailcore_locale(id) DEFERRABLE INITIALLY DEFERRED;


--
-- Name: wagtailcore_page wagtailcore_page_locked_by_id_bcb86245_fk_auth_user_id; Type: FK CONSTRAINT; Schema: public; Owner: u39js7kqi209ni
--

ALTER TABLE ONLY public.wagtailcore_page
    ADD CONSTRAINT wagtailcore_page_locked_by_id_bcb86245_fk_auth_user_id FOREIGN KEY (locked_by_id) REFERENCES public.auth_user(id) DEFERRABLE INITIALLY DEFERRED;


--
-- Name: wagtailcore_page wagtailcore_page_owner_id_fbf7c332_fk_auth_user_id; Type: FK CONSTRAINT; Schema: public; Owner: u39js7kqi209ni
--

ALTER TABLE ONLY public.wagtailcore_page
    ADD CONSTRAINT wagtailcore_page_owner_id_fbf7c332_fk_auth_user_id FOREIGN KEY (owner_id) REFERENCES public.auth_user(id) DEFERRABLE INITIALLY DEFERRED;


--
-- Name: wagtailcore_pagelogentry wagtailcore_pageloge_content_type_id_74e7708a_fk_django_co; Type: FK CONSTRAINT; Schema: public; Owner: u39js7kqi209ni
--

ALTER TABLE ONLY public.wagtailcore_pagelogentry
    ADD CONSTRAINT wagtailcore_pageloge_content_type_id_74e7708a_fk_django_co FOREIGN KEY (content_type_id) REFERENCES public.django_content_type(id) DEFERRABLE INITIALLY DEFERRED;


--
-- Name: wagtailcore_revision wagtailcore_pagerevision_user_id_2409d2f4_fk_auth_user_id; Type: FK CONSTRAINT; Schema: public; Owner: u39js7kqi209ni
--

ALTER TABLE ONLY public.wagtailcore_revision
    ADD CONSTRAINT wagtailcore_pagerevision_user_id_2409d2f4_fk_auth_user_id FOREIGN KEY (user_id) REFERENCES public.auth_user(id) DEFERRABLE INITIALLY DEFERRED;


--
-- Name: wagtailcore_pagesubscription wagtailcore_pagesubs_page_id_a085e7a6_fk_wagtailco; Type: FK CONSTRAINT; Schema: public; Owner: u39js7kqi209ni
--

ALTER TABLE ONLY public.wagtailcore_pagesubscription
    ADD CONSTRAINT wagtailcore_pagesubs_page_id_a085e7a6_fk_wagtailco FOREIGN KEY (page_id) REFERENCES public.wagtailcore_page(id) DEFERRABLE INITIALLY DEFERRED;


--
-- Name: wagtailcore_pagesubscription wagtailcore_pagesubscription_user_id_89d7def9_fk_auth_user_id; Type: FK CONSTRAINT; Schema: public; Owner: u39js7kqi209ni
--

ALTER TABLE ONLY public.wagtailcore_pagesubscription
    ADD CONSTRAINT wagtailcore_pagesubscription_user_id_89d7def9_fk_auth_user_id FOREIGN KEY (user_id) REFERENCES public.auth_user(id) DEFERRABLE INITIALLY DEFERRED;


--
-- Name: wagtailcore_pageviewrestriction_groups wagtailcore_pageview_group_id_6460f223_fk_auth_grou; Type: FK CONSTRAINT; Schema: public; Owner: u39js7kqi209ni
--

ALTER TABLE ONLY public.wagtailcore_pageviewrestriction_groups
    ADD CONSTRAINT wagtailcore_pageview_group_id_6460f223_fk_auth_grou FOREIGN KEY (group_id) REFERENCES public.auth_group(id) DEFERRABLE INITIALLY DEFERRED;


--
-- Name: wagtailcore_pageviewrestriction wagtailcore_pageview_page_id_15a8bea6_fk_wagtailco; Type: FK CONSTRAINT; Schema: public; Owner: u39js7kqi209ni
--

ALTER TABLE ONLY public.wagtailcore_pageviewrestriction
    ADD CONSTRAINT wagtailcore_pageview_page_id_15a8bea6_fk_wagtailco FOREIGN KEY (page_id) REFERENCES public.wagtailcore_page(id) DEFERRABLE INITIALLY DEFERRED;


--
-- Name: wagtailcore_pageviewrestriction_groups wagtailcore_pageview_pageviewrestriction__f147a99a_fk_wagtailco; Type: FK CONSTRAINT; Schema: public; Owner: u39js7kqi209ni
--

ALTER TABLE ONLY public.wagtailcore_pageviewrestriction_groups
    ADD CONSTRAINT wagtailcore_pageview_pageviewrestriction__f147a99a_fk_wagtailco FOREIGN KEY (pageviewrestriction_id) REFERENCES public.wagtailcore_pageviewrestriction(id) DEFERRABLE INITIALLY DEFERRED;


--
-- Name: wagtailcore_querydailyhits wagtailcore_querydai_query_id_938872c4_fk_wagtailco; Type: FK CONSTRAINT; Schema: public; Owner: u39js7kqi209ni
--

ALTER TABLE ONLY public.wagtailcore_querydailyhits
    ADD CONSTRAINT wagtailcore_querydai_query_id_938872c4_fk_wagtailco FOREIGN KEY (query_id) REFERENCES public.wagtailcore_query(id) DEFERRABLE INITIALLY DEFERRED;


--
-- Name: wagtailcore_referenceindex wagtailcore_referenc_base_content_type_id_313cf40f_fk_django_co; Type: FK CONSTRAINT; Schema: public; Owner: u39js7kqi209ni
--

ALTER TABLE ONLY public.wagtailcore_referenceindex
    ADD CONSTRAINT wagtailcore_referenc_base_content_type_id_313cf40f_fk_django_co FOREIGN KEY (base_content_type_id) REFERENCES public.django_content_type(id) DEFERRABLE INITIALLY DEFERRED;


--
-- Name: wagtailcore_referenceindex wagtailcore_referenc_content_type_id_766e0336_fk_django_co; Type: FK CONSTRAINT; Schema: public; Owner: u39js7kqi209ni
--

ALTER TABLE ONLY public.wagtailcore_referenceindex
    ADD CONSTRAINT wagtailcore_referenc_content_type_id_766e0336_fk_django_co FOREIGN KEY (content_type_id) REFERENCES public.django_content_type(id) DEFERRABLE INITIALLY DEFERRED;


--
-- Name: wagtailcore_referenceindex wagtailcore_referenc_to_content_type_id_93690bbd_fk_django_co; Type: FK CONSTRAINT; Schema: public; Owner: u39js7kqi209ni
--

ALTER TABLE ONLY public.wagtailcore_referenceindex
    ADD CONSTRAINT wagtailcore_referenc_to_content_type_id_93690bbd_fk_django_co FOREIGN KEY (to_content_type_id) REFERENCES public.django_content_type(id) DEFERRABLE INITIALLY DEFERRED;


--
-- Name: wagtailcore_revision wagtailcore_revision_base_content_type_id_5b4ef7bd_fk_django_co; Type: FK CONSTRAINT; Schema: public; Owner: u39js7kqi209ni
--

ALTER TABLE ONLY public.wagtailcore_revision
    ADD CONSTRAINT wagtailcore_revision_base_content_type_id_5b4ef7bd_fk_django_co FOREIGN KEY (base_content_type_id) REFERENCES public.django_content_type(id) DEFERRABLE INITIALLY DEFERRED;


--
-- Name: wagtailcore_revision wagtailcore_revision_content_type_id_c8cb69c0_fk_django_co; Type: FK CONSTRAINT; Schema: public; Owner: u39js7kqi209ni
--

ALTER TABLE ONLY public.wagtailcore_revision
    ADD CONSTRAINT wagtailcore_revision_content_type_id_c8cb69c0_fk_django_co FOREIGN KEY (content_type_id) REFERENCES public.django_content_type(id) DEFERRABLE INITIALLY DEFERRED;


--
-- Name: wagtailcore_searchpromotion wagtailcore_searchpr_page_id_671a9734_fk_wagtailco; Type: FK CONSTRAINT; Schema: public; Owner: u39js7kqi209ni
--

ALTER TABLE ONLY public.wagtailcore_searchpromotion
    ADD CONSTRAINT wagtailcore_searchpr_page_id_671a9734_fk_wagtailco FOREIGN KEY (page_id) REFERENCES public.wagtailcore_page(id) DEFERRABLE INITIALLY DEFERRED;


--
-- Name: wagtailcore_searchpromotion wagtailcore_searchpr_query_id_f81a6e07_fk_wagtailco; Type: FK CONSTRAINT; Schema: public; Owner: u39js7kqi209ni
--

ALTER TABLE ONLY public.wagtailcore_searchpromotion
    ADD CONSTRAINT wagtailcore_searchpr_query_id_f81a6e07_fk_wagtailco FOREIGN KEY (query_id) REFERENCES public.wagtailcore_query(id) DEFERRABLE INITIALLY DEFERRED;


--
-- Name: wagtailcore_site wagtailcore_site_root_page_id_e02fb95c_fk_wagtailcore_page_id; Type: FK CONSTRAINT; Schema: public; Owner: u39js7kqi209ni
--

ALTER TABLE ONLY public.wagtailcore_site
    ADD CONSTRAINT wagtailcore_site_root_page_id_e02fb95c_fk_wagtailcore_page_id FOREIGN KEY (root_page_id) REFERENCES public.wagtailcore_page(id) DEFERRABLE INITIALLY DEFERRED;


--
-- Name: wagtailcore_task wagtailcore_task_content_type_id_249ab8ba_fk_django_co; Type: FK CONSTRAINT; Schema: public; Owner: u39js7kqi209ni
--

ALTER TABLE ONLY public.wagtailcore_task
    ADD CONSTRAINT wagtailcore_task_content_type_id_249ab8ba_fk_django_co FOREIGN KEY (content_type_id) REFERENCES public.django_content_type(id) DEFERRABLE INITIALLY DEFERRED;


--
-- Name: wagtailcore_taskstate wagtailcore_taskstat_content_type_id_0a758fdc_fk_django_co; Type: FK CONSTRAINT; Schema: public; Owner: u39js7kqi209ni
--

ALTER TABLE ONLY public.wagtailcore_taskstate
    ADD CONSTRAINT wagtailcore_taskstat_content_type_id_0a758fdc_fk_django_co FOREIGN KEY (content_type_id) REFERENCES public.django_content_type(id) DEFERRABLE INITIALLY DEFERRED;


--
-- Name: wagtailcore_taskstate wagtailcore_taskstat_revision_id_df25a499_fk_wagtailco; Type: FK CONSTRAINT; Schema: public; Owner: u39js7kqi209ni
--

ALTER TABLE ONLY public.wagtailcore_taskstate
    ADD CONSTRAINT wagtailcore_taskstat_revision_id_df25a499_fk_wagtailco FOREIGN KEY (revision_id) REFERENCES public.wagtailcore_revision(id) DEFERRABLE INITIALLY DEFERRED;


--
-- Name: wagtailcore_taskstate wagtailcore_taskstat_workflow_state_id_9239a775_fk_wagtailco; Type: FK CONSTRAINT; Schema: public; Owner: u39js7kqi209ni
--

ALTER TABLE ONLY public.wagtailcore_taskstate
    ADD CONSTRAINT wagtailcore_taskstat_workflow_state_id_9239a775_fk_wagtailco FOREIGN KEY (workflow_state_id) REFERENCES public.wagtailcore_workflowstate(id) DEFERRABLE INITIALLY DEFERRED;


--
-- Name: wagtailcore_taskstate wagtailcore_taskstate_finished_by_id_13f98229_fk_auth_user_id; Type: FK CONSTRAINT; Schema: public; Owner: u39js7kqi209ni
--

ALTER TABLE ONLY public.wagtailcore_taskstate
    ADD CONSTRAINT wagtailcore_taskstate_finished_by_id_13f98229_fk_auth_user_id FOREIGN KEY (finished_by_id) REFERENCES public.auth_user(id) DEFERRABLE INITIALLY DEFERRED;


--
-- Name: wagtailcore_taskstate wagtailcore_taskstate_task_id_c3677c34_fk_wagtailcore_task_id; Type: FK CONSTRAINT; Schema: public; Owner: u39js7kqi209ni
--

ALTER TABLE ONLY public.wagtailcore_taskstate
    ADD CONSTRAINT wagtailcore_taskstate_task_id_c3677c34_fk_wagtailcore_task_id FOREIGN KEY (task_id) REFERENCES public.wagtailcore_task(id) DEFERRABLE INITIALLY DEFERRED;


--
-- Name: wagtailcore_uploadedfile wagtailcore_uploaded_for_content_type_id_b0fc87b2_fk_django_co; Type: FK CONSTRAINT; Schema: public; Owner: u39js7kqi209ni
--

ALTER TABLE ONLY public.wagtailcore_uploadedfile
    ADD CONSTRAINT wagtailcore_uploaded_for_content_type_id_b0fc87b2_fk_django_co FOREIGN KEY (for_content_type_id) REFERENCES public.django_content_type(id) DEFERRABLE INITIALLY DEFERRED;


--
-- Name: wagtailcore_uploadedfile wagtailcore_uploaded_uploaded_by_user_id_c7580fe8_fk_auth_user; Type: FK CONSTRAINT; Schema: public; Owner: u39js7kqi209ni
--

ALTER TABLE ONLY public.wagtailcore_uploadedfile
    ADD CONSTRAINT wagtailcore_uploaded_uploaded_by_user_id_c7580fe8_fk_auth_user FOREIGN KEY (uploaded_by_user_id) REFERENCES public.auth_user(id) DEFERRABLE INITIALLY DEFERRED;


--
-- Name: wagtailcore_workflowstate wagtailcore_workflow_base_content_type_id_a30dc576_fk_django_co; Type: FK CONSTRAINT; Schema: public; Owner: u39js7kqi209ni
--

ALTER TABLE ONLY public.wagtailcore_workflowstate
    ADD CONSTRAINT wagtailcore_workflow_base_content_type_id_a30dc576_fk_django_co FOREIGN KEY (base_content_type_id) REFERENCES public.django_content_type(id) DEFERRABLE INITIALLY DEFERRED;


--
-- Name: wagtailcore_workflowstate wagtailcore_workflow_content_type_id_2bb78ce1_fk_django_co; Type: FK CONSTRAINT; Schema: public; Owner: u39js7kqi209ni
--

ALTER TABLE ONLY public.wagtailcore_workflowstate
    ADD CONSTRAINT wagtailcore_workflow_content_type_id_2bb78ce1_fk_django_co FOREIGN KEY (content_type_id) REFERENCES public.django_content_type(id) DEFERRABLE INITIALLY DEFERRED;


--
-- Name: wagtailcore_workflowcontenttype wagtailcore_workflow_content_type_id_b261bb37_fk_django_co; Type: FK CONSTRAINT; Schema: public; Owner: u39js7kqi209ni
--

ALTER TABLE ONLY public.wagtailcore_workflowcontenttype
    ADD CONSTRAINT wagtailcore_workflow_content_type_id_b261bb37_fk_django_co FOREIGN KEY (content_type_id) REFERENCES public.django_content_type(id) DEFERRABLE INITIALLY DEFERRED;


--
-- Name: wagtailcore_workflowstate wagtailcore_workflow_current_task_state_i_3a1a0632_fk_wagtailco; Type: FK CONSTRAINT; Schema: public; Owner: u39js7kqi209ni
--

ALTER TABLE ONLY public.wagtailcore_workflowstate
    ADD CONSTRAINT wagtailcore_workflow_current_task_state_i_3a1a0632_fk_wagtailco FOREIGN KEY (current_task_state_id) REFERENCES public.wagtailcore_taskstate(id) DEFERRABLE INITIALLY DEFERRED;


--
-- Name: wagtailcore_workflowpage wagtailcore_workflow_page_id_81e7bab6_fk_wagtailco; Type: FK CONSTRAINT; Schema: public; Owner: u39js7kqi209ni
--

ALTER TABLE ONLY public.wagtailcore_workflowpage
    ADD CONSTRAINT wagtailcore_workflow_page_id_81e7bab6_fk_wagtailco FOREIGN KEY (page_id) REFERENCES public.wagtailcore_page(id) DEFERRABLE INITIALLY DEFERRED;


--
-- Name: wagtailcore_workflowstate wagtailcore_workflow_requested_by_id_4090bca3_fk_auth_user; Type: FK CONSTRAINT; Schema: public; Owner: u39js7kqi209ni
--

ALTER TABLE ONLY public.wagtailcore_workflowstate
    ADD CONSTRAINT wagtailcore_workflow_requested_by_id_4090bca3_fk_auth_user FOREIGN KEY (requested_by_id) REFERENCES public.auth_user(id) DEFERRABLE INITIALLY DEFERRED;


--
-- Name: wagtailcore_workflowtask wagtailcore_workflow_task_id_ce7716fe_fk_wagtailco; Type: FK CONSTRAINT; Schema: public; Owner: u39js7kqi209ni
--

ALTER TABLE ONLY public.wagtailcore_workflowtask
    ADD CONSTRAINT wagtailcore_workflow_task_id_ce7716fe_fk_wagtailco FOREIGN KEY (task_id) REFERENCES public.wagtailcore_task(id) DEFERRABLE INITIALLY DEFERRED;


--
-- Name: wagtailcore_workflowstate wagtailcore_workflow_workflow_id_1f18378f_fk_wagtailco; Type: FK CONSTRAINT; Schema: public; Owner: u39js7kqi209ni
--

ALTER TABLE ONLY public.wagtailcore_workflowstate
    ADD CONSTRAINT wagtailcore_workflow_workflow_id_1f18378f_fk_wagtailco FOREIGN KEY (workflow_id) REFERENCES public.wagtailcore_workflow(id) DEFERRABLE INITIALLY DEFERRED;


--
-- Name: wagtailcore_workflowpage wagtailcore_workflow_workflow_id_56f56ff6_fk_wagtailco; Type: FK CONSTRAINT; Schema: public; Owner: u39js7kqi209ni
--

ALTER TABLE ONLY public.wagtailcore_workflowpage
    ADD CONSTRAINT wagtailcore_workflow_workflow_id_56f56ff6_fk_wagtailco FOREIGN KEY (workflow_id) REFERENCES public.wagtailcore_workflow(id) DEFERRABLE INITIALLY DEFERRED;


--
-- Name: wagtailcore_workflowcontenttype wagtailcore_workflow_workflow_id_9aad7cd2_fk_wagtailco; Type: FK CONSTRAINT; Schema: public; Owner: u39js7kqi209ni
--

ALTER TABLE ONLY public.wagtailcore_workflowcontenttype
    ADD CONSTRAINT wagtailcore_workflow_workflow_id_9aad7cd2_fk_wagtailco FOREIGN KEY (workflow_id) REFERENCES public.wagtailcore_workflow(id) DEFERRABLE INITIALLY DEFERRED;


--
-- Name: wagtailcore_workflowtask wagtailcore_workflow_workflow_id_b9717175_fk_wagtailco; Type: FK CONSTRAINT; Schema: public; Owner: u39js7kqi209ni
--

ALTER TABLE ONLY public.wagtailcore_workflowtask
    ADD CONSTRAINT wagtailcore_workflow_workflow_id_b9717175_fk_wagtailco FOREIGN KEY (workflow_id) REFERENCES public.wagtailcore_workflow(id) DEFERRABLE INITIALLY DEFERRED;


--
-- Name: wagtaildocs_document wagtaildocs_document_collection_id_23881625_fk_wagtailco; Type: FK CONSTRAINT; Schema: public; Owner: u39js7kqi209ni
--

ALTER TABLE ONLY public.wagtaildocs_document
    ADD CONSTRAINT wagtaildocs_document_collection_id_23881625_fk_wagtailco FOREIGN KEY (collection_id) REFERENCES public.wagtailcore_collection(id) DEFERRABLE INITIALLY DEFERRED;


--
-- Name: wagtaildocs_document wagtaildocs_document_uploaded_by_user_id_17258b41_fk_auth_user; Type: FK CONSTRAINT; Schema: public; Owner: u39js7kqi209ni
--

ALTER TABLE ONLY public.wagtaildocs_document
    ADD CONSTRAINT wagtaildocs_document_uploaded_by_user_id_17258b41_fk_auth_user FOREIGN KEY (uploaded_by_user_id) REFERENCES public.auth_user(id) DEFERRABLE INITIALLY DEFERRED;


--
-- Name: wagtailforms_formsubmission wagtailforms_formsub_page_id_e48e93e7_fk_wagtailco; Type: FK CONSTRAINT; Schema: public; Owner: u39js7kqi209ni
--

ALTER TABLE ONLY public.wagtailforms_formsubmission
    ADD CONSTRAINT wagtailforms_formsub_page_id_e48e93e7_fk_wagtailco FOREIGN KEY (page_id) REFERENCES public.wagtailcore_page(id) DEFERRABLE INITIALLY DEFERRED;


--
-- Name: wagtailimages_image wagtailimages_image_collection_id_c2f8af7e_fk_wagtailco; Type: FK CONSTRAINT; Schema: public; Owner: u39js7kqi209ni
--

ALTER TABLE ONLY public.wagtailimages_image
    ADD CONSTRAINT wagtailimages_image_collection_id_c2f8af7e_fk_wagtailco FOREIGN KEY (collection_id) REFERENCES public.wagtailcore_collection(id) DEFERRABLE INITIALLY DEFERRED;


--
-- Name: wagtailimages_image wagtailimages_image_uploaded_by_user_id_5d73dc75_fk_auth_user; Type: FK CONSTRAINT; Schema: public; Owner: u39js7kqi209ni
--

ALTER TABLE ONLY public.wagtailimages_image
    ADD CONSTRAINT wagtailimages_image_uploaded_by_user_id_5d73dc75_fk_auth_user FOREIGN KEY (uploaded_by_user_id) REFERENCES public.auth_user(id) DEFERRABLE INITIALLY DEFERRED;


--
-- Name: wagtailimages_rendition wagtailimages_rendit_image_id_3e1fd774_fk_wagtailim; Type: FK CONSTRAINT; Schema: public; Owner: u39js7kqi209ni
--

ALTER TABLE ONLY public.wagtailimages_rendition
    ADD CONSTRAINT wagtailimages_rendit_image_id_3e1fd774_fk_wagtailim FOREIGN KEY (image_id) REFERENCES public.wagtailimages_image(id) DEFERRABLE INITIALLY DEFERRED;


--
-- Name: wagtailredirects_redirect wagtailredirects_red_redirect_page_id_b5728a8f_fk_wagtailco; Type: FK CONSTRAINT; Schema: public; Owner: u39js7kqi209ni
--

ALTER TABLE ONLY public.wagtailredirects_redirect
    ADD CONSTRAINT wagtailredirects_red_redirect_page_id_b5728a8f_fk_wagtailco FOREIGN KEY (redirect_page_id) REFERENCES public.wagtailcore_page(id) DEFERRABLE INITIALLY DEFERRED;


--
-- Name: wagtailredirects_redirect wagtailredirects_red_site_id_780a0e1e_fk_wagtailco; Type: FK CONSTRAINT; Schema: public; Owner: u39js7kqi209ni
--

ALTER TABLE ONLY public.wagtailredirects_redirect
    ADD CONSTRAINT wagtailredirects_red_site_id_780a0e1e_fk_wagtailco FOREIGN KEY (site_id) REFERENCES public.wagtailcore_site(id) DEFERRABLE INITIALLY DEFERRED;


--
-- Name: wagtailsearch_indexentry wagtailsearch_indexe_content_type_id_62ed694f_fk_django_co; Type: FK CONSTRAINT; Schema: public; Owner: u39js7kqi209ni
--

ALTER TABLE ONLY public.wagtailsearch_indexentry
    ADD CONSTRAINT wagtailsearch_indexe_content_type_id_62ed694f_fk_django_co FOREIGN KEY (content_type_id) REFERENCES public.django_content_type(id) DEFERRABLE INITIALLY DEFERRED;


--
-- Name: wagtailusers_userprofile wagtailusers_userprofile_user_id_59c92331_fk_auth_user_id; Type: FK CONSTRAINT; Schema: public; Owner: u39js7kqi209ni
--

ALTER TABLE ONLY public.wagtailusers_userprofile
    ADD CONSTRAINT wagtailusers_userprofile_user_id_59c92331_fk_auth_user_id FOREIGN KEY (user_id) REFERENCES public.auth_user(id) DEFERRABLE INITIALLY DEFERRED;


--
-- PostgreSQL database dump complete
--

